0.01,0.473002073933133
0.02,0.441831466271991
0.03,0.441108856977376
0.04,0.456696405984952
0.05,0.465214295009063
0.06,0.470214576984434
0.07,0.473286904590906
0.08,0.475218617731457
0.09,0.476435823140576
0.10,0.477185663732493
0.11,0.477619517418716
0.12,0.477834205848431
0.13,0.477893878663595
0.14,0.477842294800015
0.15,0.477710031244676
0.16,0.477518891833328
0.17,0.477284696759136
0.18,0.477019086629493
0.19,0.47673073942978
0.20,0.476426184908932
0.21,0.476110382016911
0.22,0.475787122255802
0.23,0.47545931859235
0.24,0.475129223650505
0.25,0.47479857414792
0.26,0.475012037674637
0.27,0.47522717286331
0.28,0.475444946917879
0.29,0.475666139451266
0.30,0.475890887808225
0.31,0.476119707779082
0.32,0.476353021788203
0.33,0.476590682221589
0.34,0.476833140538073
0.35,0.477080144084003
0.36,0.477331893552249
0.37,0.477588563902216
0.38,0.477849807757154
0.39,0.478115921271046
0.40,0.478386524634398
0.41,0.478661720394886
0.42,0.478941602106279
0.43,0.479225762619537
0.44,0.479514450384972
0.45,0.479807249525602
0.46,0.480104234362429
0.47,0.480405481396815
0.48,0.480710570075305
0.49,0.481019572377422
0.50,0.481332564176132
0.51,0.481649131646221
0.52,0.481969491867103
0.53,0.482293268082771
0.54,0.482620494457998
0.55,0.482951283784142
0.56,0.483285214319852
0.57,0.483622533924896
0.58,0.483962835625587
0.59,0.484306207005014
0.60,0.484652737638095
0.61,0.485985054672704
0.62,0.487284921839588
0.63,0.488587572127451
0.64,0.489892938802372
0.65,0.491200957038524
0.66,0.49251156388157
0.67,0.493824862402309
0.68,0.495140464878743
0.69,0.49645847791404
0.70,0.497778845615379
0.71,0.499101513740901
0.72,0.500426429652503
0.73,0.501753706462371
0.74,0.50308296621086
0.75,0.504414324982644
0.76,0.505747736085722
0.77,0.507083154200126
0.78,0.508420535333762
0.79,0.509760000973035
0.80,0.511101181265642
0.81,0.512444200142286
0.82,0.513789018501733
0.83,0.515135591156535
0.84,0.516483902842612
0.85,0.517834053242989
0.86,0.519185700512491
0.87,0.520538967873085
0.88,0.521893822424124
0.89,0.523250232180794
0.90,0.524608166043515
0.91,0.528175501572611
0.92,0.538877508159899
0.93,0.586237884854459
0.94,0.66490562836265
0.95,0.74357337187084
0.96,0.822241115379031
0.97,0.900908858887222
0.98,0.979576602395413
0.99,1.0582443459036
1.00,1.1369120894118
1.01,1.21557983291999
1.02,1.29424757642818
1.03,1.37291531993637
1.04,1.45158306344456
1.05,1.53025080695275
1.06,1.5308144258458
1.07,1.53192684209236
1.08,1.53357400422687
1.09,1.53574330498595
1.10,1.53842453723237
1.11,1.54160860444728
1.12,1.54528745863448
1.13,1.54945439390122
1.14,1.55410333797693
1.15,1.55922893689165
1.16,1.56109356404434
1.17,1.55192364573706
1.18,1.54314830301078
1.19,1.53443414274213
1.20,1.52528315927274
1.21,1.5164189820607
1.22,1.50781418053162
1.23,1.4994453563031
1.24,1.49129233776094
1.25,1.48333720373018
1.26,1.47556470249266
1.27,1.46796121550096
1.28,1.46051464671357
1.29,1.45321444231538
1.30,1.44605075013072
1.31,1.43901515050548
1.32,1.43209967327778
1.33,1.4252976912372
1.34,1.41860239658067
1.35,1.41200818688104
1.36,1.40550966079842
1.37,1.39910206860728
1.38,1.3927808115478
1.39,1.38654198973004
1.40,1.38038160201371
1.41,1.37429616387787
1.42,1.36828257572016
1.43,1.36233769933206
1.44,1.35645889335019
1.45,1.35064343250504
1.46,1.34488895160046
1.47,1.33919319011404
1.48,1.33458786651515
1.49,1.33206018821983
1.50,1.32956757850716
1.51,1.32710806227362
1.52,1.32468025699748
1.53,1.32228246890474
1.54,1.3199134606804
1.55,1.31757178794593
1.56,1.31525626980233
1.57,1.31296577507226
1.58,1.31069906294575
1.59,1.30845533024703
1.60,1.30623330026129
1.61,1.30403238163849
1.62,1.30185147544404
1.63,1.29968986081449
1.64,1.29754674527204
1.65,1.29542133322857
1.66,1.29331320920227
1.67,1.29122135592139
1.68,1.28914538134378
1.69,1.28708473352886
1.70,1.28503879316858
1.71,1.28300701281255
1.72,1.28098900999835
1.73,1.27898432060457
1.74,1.2769923542583
1.75,1.27501277285377
1.76,1.27304536719738
1.77,1.27108949580542
1.78,1.26914495293939
1.79,1.26721146314347
1.80,1.26528851940431
1.81,1.26337596388338
1.82,1.26147343163971
1.83,1.25958086435443
1.84,1.25769770632972
1.85,1.25582395135682
1.86,1.25395922291968
1.87,1.25210331122014
1.88,1.25025610547375
1.89,1.24841736738423
1.90,1.24658690686887
1.91,1.24476450429213
1.92,1.24294996230869
1.93,1.24114329714819
1.94,1.23934406809255
1.95,1.23755243271356
1.96,1.23576808119673
1.97,1.23399081627359
1.98,1.23222067962134
1.99,1.23045734704477
2.00,1.22870098212554
2.01,1.22722784723463
2.02,1.22575286025019
2.03,1.22428495357398
2.04,1.22282396098912
2.05,1.22136980690531
2.06,1.21992247155816
2.07,1.2184818883139
2.08,1.21704788958387
2.09,1.21562052419294
2.10,1.21419964532734
2.11,1.21278517942154
2.12,1.2113771942773
2.13,1.20997551970403
2.14,1.20858010680555
2.15,1.20719099519058
2.16,1.20580812947973
2.17,1.20443124506812
2.18,1.20306049337629
2.19,1.20169581244495
2.20,1.20033713232288
2.21,1.19898431309342
2.22,1.1976374692785
2.23,1.19629644686606
2.24,1.19496129745005
2.25,1.19363183782315
2.26,1.19230820453185
2.27,1.19099014411848
2.28,1.18967787553447
2.29,1.18837114704826
2.30,1.18706996074867
2.31,1.18577436960323
2.32,1.18448419801776
2.33,1.18319957570362
2.34,1.18192031241893
2.35,1.18064655007224
2.36,1.17937800599317
2.37,1.17811479975999
2.38,1.17685686563532
2.39,1.17560420865787
2.40,1.17435666703164
2.41,1.17311434261374
2.42,1.1718771560109
2.43,1.17064513979175
2.44,1.16941797629477
2.45,1.16819600389982
2.46,1.16697893104574
2.47,1.16576676377141
2.48,1.16455952087933
2.49,1.16335720850182
2.50,1.16215963108514
2.51,1.16096689978238
2.52,1.15977891693079
2.53,1.15859570185019
2.54,1.15741704203054
2.55,1.15624314748875
2.56,1.15507370877354
2.57,1.153908953589
2.58,1.1527486562015
2.59,1.1515927250656
2.60,1.15044135883374
2.61,1.14929436433684
2.62,1.14815182252863
2.63,1.14701342988431
2.64,1.14587938959544
2.65,1.14474959276469
2.66,1.14362402248869
2.67,1.14250258819561
2.68,1.14138527012877
2.69,1.14027195270728
2.70,1.13916262396828
2.71,1.13805729125598
2.72,1.13695602791921
2.73,1.13585861898994
2.74,1.13476495034455
2.75,1.13367520753411
2.76,1.13258908229954
2.77,1.13150675537596
2.78,1.13042810866411
2.79,1.12935311352954
2.80,1.12828165509492
2.81,1.12721372762216
2.82,1.12614929696173
2.83,1.1250883453906
2.84,1.12403074686941
2.85,1.12297649464186
2.86,1.12192554805783
2.87,1.12087788360597
2.88,1.11983338054179
2.89,1.11879202329685
2.90,1.1177538844136
2.91,1.11671872445991
2.92,1.11568652303887
2.93,1.11465735915264
2.94,1.11363110064574
2.95,1.11260770257334
2.96,1.11158716609872
2.97,1.11056933525576
2.98,1.10955418970673
2.99,1.10854180172559
3.00,1.10753192947534
3.01,1.10652430449726
3.02,1.10558657945364
3.03,1.10465169034246
3.04,1.10371968675113
3.05,1.10279035657707
3.06,1.10186383345701
3.07,1.10094012030453
3.08,1.10001913006023
3.09,1.09910097975332
3.10,1.09818557319842
3.11,1.0972728468826
3.12,1.09636299547745
3.13,1.09545582068889
3.14,1.0945515607774
3.15,1.09364990182544
3.16,1.09275096438227
3.17,1.09185486751801
3.18,1.09096150950529
3.19,1.09007079934922
3.20,1.0891828555585
3.21,1.08829767401574
3.22,1.08741516702309
3.23,1.08653545506979
3.24,1.08565832923809
3.25,1.08478400388694
3.26,1.08391238917586
3.27,1.08304339207187
3.28,1.08217701578334
3.29,1.08131346909566
3.30,1.08045244609469
3.31,1.07959427391757
3.32,1.07873863586408
3.33,1.07788575564914
3.34,1.07703533190939
3.35,1.07618766415124
3.36,1.07534265675128
3.37,1.07450032206025
3.38,1.07366054541738
3.39,1.07282335586642
3.40,1.07198874802982
3.41,1.07115682201692
3.42,1.07032748021041
3.43,1.06950071352449
3.44,1.06867655394108
3.45,1.06785487411782
3.46,1.06703589788926
3.47,1.06621931498251
3.48,1.06540543676884
3.49,1.0645939523732
3.50,1.06378506447455
3.51,1.06297877744102
3.52,1.06217500416663
3.53,1.06137362588022
3.54,1.06057475568704
3.55,1.05977849063827
3.56,1.05898462887145
3.57,1.0581933632
3.58,1.05740441683975
3.59,1.05661796211403
3.60,1.05583401618118
3.61,1.05505247732376
3.62,1.05427333735739
3.63,1.053496694982
3.64,1.05272244781698
3.65,1.05195061543719
3.66,1.05118116787607
3.67,1.050414130924
3.68,1.04964957355301
3.69,1.04888721515591
3.70,1.04812725694204
3.71,1.04736977392734
3.72,1.04661458489825
3.73,1.04586167394243
3.74,1.0451111553049
3.75,1.04436291629218
3.76,1.04361704745774
3.77,1.042873447416
3.78,1.04213212786671
3.79,1.04139308069708
3.80,1.04065640102914
3.81,1.03992187639064
3.82,1.03918971039356
3.83,1.03845970956896
3.84,1.03773204925826
3.85,1.03700654681784
3.86,1.0362832926886
3.87,1.03556227624051
3.88,1.03484338939232
3.89,1.03412674387107
3.90,1.03341233217516
3.91,1.0327000435128
3.92,1.03198988220211
3.93,1.03128193457159
3.94,1.03057610087942
3.95,1.02987237626378
3.96,1.02917085813019
3.97,1.02847143612274
3.98,1.02777412266453
3.99,1.02707888715559
4.00,1.02638574541609
4.01,1.02575683301151
4.02,1.02512981783865
4.03,1.02450476740981
4.04,1.02388170511167
4.05,1.0232606177439
4.06,1.02264140382797
4.07,1.02202414126378
4.08,1.02140885710139
4.09,1.02079553143081
4.10,1.02018404615099
4.11,1.01957452139629
4.12,1.0189668559502
4.13,1.01836111838033
4.14,1.01775722373538
4.15,1.01715515568891
4.16,1.01655513014306
4.17,1.01595682485516
4.18,1.01536034026377
4.19,1.01476578087379
4.20,1.01417302797443
4.21,1.01358208805375
4.22,1.0129930509188
4.23,1.0124056016248
4.24,1.01182016112311
4.25,1.01123650636938
4.26,1.01065453353875
4.27,1.01007443988696
4.28,1.0094960245184
4.29,1.00891938611393
4.30,1.00834450990025
4.31,1.00777139134471
4.32,1.00720003324098
4.33,1.00663031877539
4.34,1.00606235816737
4.35,1.00549613603823
4.36,1.00493164713304
4.37,1.00436879605251
4.38,1.00380756250403
4.39,1.00324814666378
4.40,1.00269035379269
4.41,1.00213416555952
4.42,1.00157968288234
4.43,1.00102680384306
4.44,1.00047560594856
4.45,0.999926006887106
4.46,0.999378091959086
4.47,0.998831748245565
4.48,0.998286872527806
4.49,0.997743771802364
4.50,0.997202229143812
4.51,0.996662243534237
4.52,0.996123811346865
4.53,0.995586908331354
4.54,0.995051562904332
4.55,0.994517838423364
4.56,0.993985641625429
4.57,0.993454968977195
4.58,0.992925718312749
4.59,0.992398063318235
4.60,0.991871932724088
4.61,0.991347179835678
4.62,0.990824031449714
4.63,0.990302273020927
4.64,0.989782092960106
4.65,0.989263384968427
4.66,0.98874605440954
4.67,0.988230179238404
4.68,0.987715773787777
4.69,0.987202815604822
4.70,0.986691198630605
4.71,0.986181128089806
4.72,0.985672291801522
4.73,0.985164983171101
4.74,0.984659001634158
4.75,0.984154429323875
4.76,0.983651271519274
4.77,0.983149416034474
4.78,0.982648968539156
4.79,0.982149904060116
4.80,0.98165213671548
4.81,0.981155642811615
4.82,0.980660528203358
4.83,0.9801667904548
4.84,0.979674300562426
4.85,0.97918318737062
4.86,0.978693305333907
4.87,0.978204689756338
4.88,0.977717396824559
4.89,0.977231338544624
4.90,0.976746614940568
4.91,0.976263121041754
4.92,0.97578082626636
4.93,0.975299842082579
4.94,0.974819962987373
4.95,0.974341493811936
4.96,0.97386420689695
4.97,0.973387999371131
4.98,0.972913078432136
4.99,0.972439326277178
5.00,0.971966840430379
5.01,0.971564417498368
5.02,0.971112847000833
5.03,0.970662760360709
5.04,0.970214150328886
5.05,0.969767020681166
5.06,0.969321463294726
5.07,0.968877256366479
5.08,0.968434494360336
5.09,0.967993275880406
5.10,0.967553387610003
5.11,0.967115020389218
5.12,0.966677970159488
5.13,0.966242422811946
5.14,0.965808267801569
5.15,0.965375500794028
5.16,0.964944023050786
5.17,0.964513909078642
5.18,0.964085265899821
5.19,0.96365786589075
5.20,0.963231911004795
5.21,0.962807202422374
5.22,0.962383813556909
5.23,0.961961752732852
5.24,0.961540908722451
5.25,0.961121458493394
5.26,0.960703309612594
5.27,0.960286342939107
5.28,0.959870660900544
5.29,0.95945625562627
5.30,0.959043002264906
5.31,0.958631110330542
5.32,0.958220268869168
5.33,0.957810862258349
5.34,0.957402480938325
5.35,0.956995334351775
5.36,0.956589496633629
5.37,0.9561846672136
5.38,0.955781135422335
5.39,0.95537868811076
5.40,0.954977433376499
5.41,0.954577249363674
5.42,0.954178233033211
5.43,0.95378028494369
5.44,0.953383572127277
5.45,0.952987921495782
5.46,0.952593291272825
5.47,0.952199800863894
5.48,0.95180741866881
5.49,0.951416061457131
5.50,0.951025796525656
5.51,0.950636535607549
5.52,0.95024836359012
5.53,0.949861181010183
5.54,0.949475063867106
5.55,0.949090021506166
5.56,0.948705832778527
5.57,0.948322694244047
5.58,0.947940605976158
5.59,0.947559544671488
5.60,0.947179321784509
5.61,0.946800111558214
5.62,0.946421924034974
5.63,0.946044648504742
5.64,0.945668261513716
5.65,0.945292863267464
5.66,0.94491836077892
5.67,0.944544832721454
5.68,0.944172168612015
5.69,0.943800377288053
5.70,0.943429523326475
5.71,0.94305953056821
5.72,0.942690383456215
5.73,0.942322161000433
5.74,0.941954764056157
5.75,0.941588287682951
5.76,0.941222525189836
5.77,0.940857669473271
5.78,0.940493703671155
5.79,0.940130434354981
5.80,0.939768049978547
5.81,0.939406440784792
5.82,0.939045693726025
5.83,0.938685616928329
5.84,0.938326391079004
5.85,0.937967911680239
5.86,0.937610282095321
5.87,0.937253277541862
5.88,0.936897096756254
5.89,0.936541649908881
5.90,0.936187004494946
5.91,0.935832970667352
5.92,0.93547963467948
5.93,0.935127098984879
5.94,0.934775229196041
5.95,0.934424055132645
5.96,0.934073546800593
5.97,0.933723810993696
5.98,0.933374726477605
5.99,0.933026194324799
6.00,0.93267840169889
6.01,0.932342205222288
6.02,0.932019301466846
6.03,0.931697304983175
6.04,0.931376305712128
6.05,0.931056098255348
6.06,0.930736792630994
6.07,0.930418372101721
6.08,0.930100939382664
6.09,0.929784397708038
6.10,0.929468727248426
6.11,0.929153842520137
6.12,0.928839933768887
6.13,0.928526894541986
6.14,0.928214717045167
6.15,0.92790341386018
6.16,0.927592968185719
6.17,0.927283380722162
6.18,0.92697465473188
6.19,0.926666781845009
6.20,0.92635974629718
6.21,0.926053569701217
6.22,0.925748234503973
6.23,0.925443732319398
6.24,0.925140077477133
6.25,0.924837250669738
6.26,0.92453525537169
6.27,0.924234094079732
6.28,0.923933759415669
6.29,0.923634243862684
6.30,0.923335450099827
6.31,0.923037569709957
6.32,0.922740397205562
6.33,0.922444152617084
6.34,0.922148701811887
6.35,0.921853964818771
6.36,0.921560025366477
6.37,0.921266885015609
6.38,0.920974538411402
6.39,0.920683096234559
6.40,0.920392243173763
6.41,0.920102269908189
6.42,0.91981309031352
6.43,0.919524595928939
6.44,0.919236971528777
6.45,0.918950027789219
6.46,0.918663859526848
6.47,0.91837846741642
6.48,0.918093844636608
6.49,0.917809985225594
6.50,0.917526790073904
6.51,0.917244354507352
6.52,0.916962779478642
6.53,0.916681865081315
6.54,0.916401703035613
6.55,0.916122187272145
6.56,0.915843424240023
6.57,0.91556549403254
6.58,0.915288226721832
6.59,0.915011687147762
6.60,0.914735891818113
6.61,0.914460730833659
6.62,0.914186294274421
6.63,0.913912697058673
6.64,0.913639726550768
6.65,0.913367380461947
6.66,0.913095861276883
6.67,0.912824962536756
6.68,0.9125547829629
6.69,0.912285209647975
6.70,0.912016455055009
6.71,0.911748313465589
6.72,0.911480881557139
6.73,0.911214149452165
6.74,0.910948026478662
6.75,0.910682707250689
6.76,0.910417983972018
6.77,0.910153860523014
6.78,0.909890428331396
6.79,0.909627684148375
6.80,0.909365633991417
6.81,0.909104267238178
6.82,0.908843494769389
6.83,0.908583400600617
6.84,0.908323985487248
6.85,0.908065155555711
6.86,0.907806992303185
6.87,0.907549411088957
6.88,0.907292588802344
6.89,0.907036345593007
6.90,0.906780770853781
6.91,0.906525759517751
6.92,0.906271413707376
6.93,0.906017726923268
6.94,0.905764702014548
6.95,0.905512225204702
6.96,0.905260412025428
6.97,0.905009043369095
6.98,0.904758529380554
6.99,0.904508563698734
7.00,0.904264502434904
7.01,0.904032227910523
7.02,0.903800684830991
7.03,0.903569755671026
7.04,0.903339552441849
7.05,0.903110059681762
7.06,0.902881188136318
7.07,0.902652922933223
7.08,0.902425484860586
7.09,0.902198638434635
7.10,0.901972495085353
7.11,0.901746959411858
7.12,0.901522132749691
7.13,0.901297889123399
7.14,0.901074350518564
7.15,0.900851500994255
7.16,0.900629242560831
7.17,0.900407669250019
7.18,0.90018669309506
7.19,0.899966396859162
7.20,0.899746774528156
7.21,0.899527738926704
7.22,0.899309382020524
7.23,0.899091598658771
7.24,0.89887447949207
7.25,0.898658040057647
7.26,0.898442161656376
7.27,0.898226858547952
7.28,0.898012212690502
7.29,0.897798227705185
7.30,0.897584806202294
7.31,0.897372032505973
7.32,0.897159828557441
7.33,0.896948368056457
7.34,0.896737354247529
7.35,0.896527000208278
7.36,0.896317287870884
7.37,0.896108012318496
7.38,0.895899484806516
7.39,0.895691500460178
7.40,0.895484151163495
7.41,0.895277340796916
7.42,0.895071161234532
7.43,0.894865517656756
7.44,0.894660501322136
7.45,0.894456008081558
7.46,0.894252147223706
7.47,0.894048806594592
7.48,0.893846084823254
7.49,0.893643889130158
7.50,0.89344231010513
7.51,0.89324124303262
7.52,0.893040789153068
7.53,0.892840953779943
7.54,0.892641618149222
7.55,0.892442797603135
7.56,0.892244583373222
7.57,0.89204677083021
7.58,0.891849661811026
7.59,0.891653150540349
7.60,0.891457050021744
7.61,0.89126163451279
7.62,0.891066614529812
7.63,0.890872187492824
7.64,0.890678352650546
7.65,0.89048499679538
7.66,0.890292141137028
7.67,0.890099969934512
7.68,0.889908176834311
7.69,0.889716965649821
7.70,0.889526237398112
7.71,0.889336089013957
7.72,0.889146511039115
7.73,0.888957318408234
7.74,0.888768783624142
7.75,0.88858063106488
7.76,0.888393043741274
7.77,0.888206025476044
7.78,0.888019468614615
7.79,0.887833378321815
7.80,0.887647856932835
7.81,0.887462788333936
7.82,0.887278286160344
7.83,0.887094233674578
7.84,0.886910733846666
7.85,0.886727691935511
7.86,0.886545109024486
7.87,0.886363070882525
7.88,0.88618147932826
7.89,0.886000440155328
7.90,0.885819843868085
7.91,0.885639786939756
7.92,0.88546018052574
7.93,0.885281010468431
7.94,0.885102377364308
7.95,0.884924188846109
7.96,0.884746425504868
7.97,0.884569202025137
7.98,0.884392510103705
7.99,0.884216157512548
8.00,0.884040422983711
8.01,0.883865114313995
8.02,0.883690141983674
8.03,0.883515792608428
8.04,0.883341866664584
8.05,0.883168360790845
8.06,0.882995274731259
8.07,0.882822708642598
8.08,0.882650558427046
8.09,0.882478924831178
8.10,0.882307705643284
8.11,0.882136998109468
8.12,0.881966704284955
8.13,0.881796809959111
8.14,0.881627434768331
8.15,0.881458458337961
8.16,0.881289899954028
8.17,0.88112173485229
8.18,0.880954174273692
8.19,0.880786917625458
8.20,0.880620152087531
8.21,0.880453795657011
8.22,0.880287929009335
8.23,0.880122362045644
8.24,0.879957381102747
8.25,0.879792693846926
8.26,0.879628502255906
8.27,0.879464703256435
8.28,0.879301387228594
8.29,0.879138460191153
8.30,0.878976021789573
8.31,0.878813864635913
8.32,0.87865228244958
8.33,0.878490995635949
8.34,0.878330173485893
8.35,0.878169746291732
8.36,0.878009690484885
8.37,0.877850105477478
8.38,0.877690900572144
8.39,0.877532164753098
8.40,0.877373707102615
8.41,0.877215814100618
8.42,0.877058196053492
8.43,0.876901044895446
8.44,0.876744256130821
8.45,0.876587836601373
8.46,0.876431880204385
8.47,0.87627629364904
8.48,0.876121155089642
8.49,0.875966293998844
8.50,0.87581197840297
8.51,0.875657929912352
8.52,0.875504323861992
8.53,0.87535109177471
8.54,0.87519820127384
8.55,0.875045672914585
8.56,0.874893691776046
8.57,0.874741961932097
8.58,0.874590678773244
8.59,0.874439642561313
8.60,0.874289161263232
8.61,0.874138925144002
8.62,0.87398913152677
8.63,0.873839672271862
8.64,0.873690662182177
8.65,0.873541904988752
8.66,0.873393574301909
8.67,0.873245684122434
8.68,0.873098029670394
8.69,0.872950813077714
8.70,0.872804039861639
8.71,0.87265749306819
8.72,0.872511377702653
8.73,0.87236559575775
8.74,0.872220244490114
8.75,0.872075124049594
8.76,0.87193043132145
8.77,0.871786068415293
8.78,0.871642132485156
8.79,0.871498522840553
8.80,0.871355227884719
8.81,0.871212368483813
8.82,0.871069721579507
8.83,0.870927497954778
8.84,0.870785595462314
8.85,0.870644113420122
8.86,0.870502940917282
8.87,0.870362097833432
8.88,0.870221561492854
8.89,0.870081432989877
8.90,0.869941629011738
8.91,0.86980213185334
8.92,0.869662947665012
8.93,0.869524176656036
8.94,0.869385707300104
8.95,0.869247550454312
8.96,0.869109803400131
8.97,0.868972266126856
8.98,0.868835227127514
8.99,0.868698385738894
9.00,0.868561961118652
9.01,0.868425723137333
9.02,0.868289898915075
9.03,0.868154471019337
9.04,0.868019343892965
9.05,0.867884410427719
9.06,0.867749877971807
9.07,0.867615737374512
9.08,0.867481795151687
9.09,0.867348243000475
9.10,0.867215087780941
9.11,0.867082121369802
9.12,0.866949549617358
9.13,0.866817264905622
9.14,0.866685273942944
9.15,0.866553567756179
9.16,0.86642215358216
9.17,0.866291122115175
9.18,0.866160472090157
9.19,0.866030012540865
9.20,0.86589993271575
9.21,0.865770142472284
9.22,0.865640629095381
9.23,0.865511394247072
9.24,0.865382544572934
9.25,0.865253871402522
9.26,0.865125572864621
9.27,0.864997658657189
9.28,0.864869917080134
9.29,0.864742549295887
9.30,0.864615451996616
9.31,0.864488636497253
9.32,0.864362190962264
9.33,0.864236014768636
9.34,0.864110016896185
9.35,0.86398437672404
9.36,0.863859113567684
9.37,0.863734017601645
9.38,0.863609296233636
9.39,0.863484830104311
9.40,0.863360738079464
9.41,0.863236809216986
9.42,0.863113242528753
9.43,0.86298993805736
9.44,0.862866893839872
9.45,0.862744121028216
9.46,0.862621696761156
9.47,0.862499542764503
9.48,0.86237764529198
9.49,0.862256005738855
9.50,0.862134712699088
9.51,0.862013586338027
9.52,0.861892814164767
9.53,0.861772396675796
9.54,0.861652143366413
9.55,0.861532133195374
9.56,0.86141247413877
9.57,0.861293068538155
9.58,0.861173911767513
9.59,0.861055007249917
9.60,0.860936450807244
9.61,0.860818154339439
9.62,0.860700094769655
9.63,0.860582283665782
9.64,0.860464718292037
9.65,0.860347500631698
9.66,0.860230516465993
9.67,0.860113788519602
9.68,0.859997303991165
9.69,0.859881152711354
9.70,0.859765253795822
9.71,0.859649588462487
9.72,0.859534162878421
9.73,0.859418979001421
9.74,0.859304034567759
9.75,0.859189429650184
9.76,0.859074963384996
9.77,0.858960925920543
9.78,0.858847024940423
9.79,0.858733361649714
9.80,0.858620033417194
9.81,0.858506940899815
9.82,0.858394074486992
9.83,0.858281441644194
9.84,0.858169042078239
9.85,0.858056975542756
9.86,0.857945140879739
9.87,0.857833529213681
9.88,0.857722147308235
9.89,0.857610985819912
9.90,0.857500165781207
9.91,0.857389564386442
9.92,0.857279191024061
9.93,0.857169035781684
9.94,0.857059117854447
9.95,0.856949406536474
9.96,0.856840032150196
9.97,0.856730872496394
9.98,0.856621938739911
9.99,0.856513218872837
10.00,0.856404732902835
10.01,0.85636617793446
10.02,0.856323722456938
10.03,0.85628133823313
10.04,0.856239026730254
10.05,0.856196795834547
10.06,0.856154646785328
10.07,0.856112678664431
10.08,0.85607078088541
10.09,0.85602895503839
10.10,0.855987208346193
10.11,0.855945541902636
10.12,0.8559040471202
10.13,0.85586253158663
10.14,0.855821186528866
10.15,0.855779921039124
10.16,0.855738724541256
10.17,0.855697707113545
10.18,0.855656659813523
10.19,0.855615790596305
10.20,0.855574992002968
10.21,0.855534270327681
10.22,0.855493618447841
10.23,0.855453045452683
10.24,0.855412638802966
10.25,0.855372200882081
10.26,0.855331941751004
10.27,0.855291759382245
10.28,0.855251746294308
10.29,0.855211698819619
10.30,0.85517182947497
10.31,0.85513192722289
10.32,0.855092192606546
10.33,0.855052533615011
10.34,0.855012952421373
10.35,0.854973427017662
10.36,0.854934078597549
10.37,0.854894805809906
10.38,0.854855489517881
10.39,0.854816349345867
10.40,0.854777384865234
10.41,0.854738385050695
10.42,0.854699452054634
10.43,0.854660583895893
10.44,0.854621890791206
10.45,0.854583262682459
10.46,0.854544710109761
10.47,0.854506211415178
10.48,0.854467888102253
10.49,0.854429629148592
10.50,0.854391344463147
10.51,0.854353223028806
10.52,0.854315167298672
10.53,0.854277173715046
10.54,0.854239255354763
10.55,0.854201399948294
10.56,0.854163708660036
10.57,0.854126079852296
10.58,0.85408851501414
10.59,0.854051022184314
10.60,0.854013593176562
10.61,0.853976226033601
10.62,0.853939033182267
10.63,0.853901791108601
10.64,0.853864722851376
10.65,0.85382771584525
10.66,0.853790771284114
10.67,0.853753888446248
10.68,0.853717078194
10.69,0.853680418585788
10.70,0.853643831421143
10.71,0.853607205089911
10.72,0.853570741010566
10.73,0.853534337021948
10.74,0.853497994868411
10.75,0.85346172322097
10.76,0.853425602939899
10.77,0.853389452155364
10.78,0.853353463199231
10.79,0.853317533876794
10.80,0.853281655318485
10.81,0.853245846260823
10.82,0.853210208159011
10.83,0.853174518770694
10.84,0.853138890794399
10.85,0.853103421135983
10.86,0.853068021509671
10.87,0.8530326709234
10.88,0.852997390561758
10.89,0.852962157935617
10.90,0.852927095661325
10.91,0.852891981579914
10.92,0.852857036805297
10.93,0.852822050096363
10.94,0.852787212564297
10.95,0.852752442971655
10.96,0.852717832677372
10.97,0.852683169290561
10.98,0.852648574496062
10.99,0.852614137638552
11.00,0.852579648997914
11.01,0.85254532751358
11.02,0.852511054366191
11.03,0.852476848005261
11.04,0.852442689856034
11.05,0.852408698044059
11.06,0.852374654319453
11.07,0.852340766811334
11.08,0.852306846612054
11.09,0.85227307283693
11.10,0.852239356811512
11.11,0.852205695871718
11.12,0.852172092885486
11.13,0.852138544868794
11.14,0.852105144682858
11.15,0.852071809582002
11.16,0.852038430975545
11.17,0.852005197992866
11.18,0.851972031058006
11.19,0.851938909303816
11.20,0.851905844134369
11.21,0.851872933375776
11.22,0.851839978757048
11.23,0.851807078985622
11.24,0.851774324686249
11.25,0.851741635446699
11.26,0.851708990910425
11.27,0.851676401319771
11.28,0.851643867192506
11.29,0.851611386695978
11.30,0.851579051548841
11.31,0.851546679921823
11.32,0.851514453531009
11.33,0.851482180550494
11.34,0.851450062366249
11.35,0.851417987483272
11.36,0.85138597782269
11.37,0.851354010816458
11.38,0.851322197729016
11.39,0.851290338589531
11.40,0.851258633256929
11.41,0.851226970040759
11.42,0.851195261711264
11.43,0.851163705597695
11.44,0.85113220340088
11.45,0.851100743314818
11.46,0.851069337037818
11.47,0.851038082767148
11.48,0.851006781871056
11.49,0.850975622877612
11.50,0.850944427677166
11.51,0.850913363423349
11.52,0.850882362476297
11.53,0.850851403460974
11.54,0.850820497318341
11.55,0.850789641922302
11.56,0.850758838968456
11.57,0.850728178587824
11.58,0.850697470025209
11.59,0.850666902200861
11.60,0.850636386094833
11.61,0.850605922356988
11.62,0.850575409580562
11.63,0.850545037671962
11.64,0.850514817465998
11.65,0.850484548258076
11.66,0.850454320467981
11.67,0.850424243204714
11.68,0.850394106605495
11.69,0.850364131136006
11.70,0.850334197067553
11.71,0.850304302494832
11.72,0.850274457886649
11.73,0.850244665224943
11.74,0.850214922607535
11.75,0.850185219296072
11.76,0.850155656589776
11.77,0.850126044648193
11.78,0.850096582386434
11.79,0.85006716924347
11.80,0.850037796188903
11.81,0.850008373704358
11.82,0.8499790903876
11.83,0.849949956173065
11.84,0.849920761036375
11.85,0.849891616605213
11.86,0.84986262064232
11.87,0.849833564468511
11.88,0.849804657000156
11.89,0.8497756984101
11.90,0.849746869279921
11.91,0.849718098882118
11.92,0.849689366874046
11.93,0.849660684051225
11.94,0.849632039338936
11.95,0.849603543721051
11.96,0.849574986282993
11.97,0.849546567691094
11.98,0.849518107537644
11.99,0.849489784464625
12.00,0.849461500069285
12.01,0.849433164017178
12.02,0.849404965552387
12.03,0.84937691582311
12.04,0.849348813114146
12.05,0.849320748725338
12.06,0.849292821599468
12.07,0.849264842378982
12.08,0.84923690000954
12.09,0.849209105786399
12.10,0.849181358330528
12.11,0.849153539407633
12.12,0.849125876040192
12.13,0.84909825097507
12.14,0.849070762326662
12.15,0.849043221096954
12.16,0.849015716527875
12.17,0.848988358967169
12.18,0.848960937656471
12.19,0.848933664065974
12.20,0.848906326175701
12.21,0.848879125267316
12.22,0.848851870169639
12.23,0.848824862108606
12.24,0.848797679915055
12.25,0.848770755000536
12.26,0.848743755083939
12.27,0.848716811902895
12.28,0.848689993776092
12.29,0.848663123090256
12.30,0.848636286920742
12.31,0.848609597325263
12.32,0.848582953084644
12.33,0.848556234880706
12.34,0.84852966195291
12.35,0.848503135110718
12.36,0.84847673288519
12.37,0.848450286793228
12.38,0.848423865367859
12.39,0.848397489870805
12.40,0.848371258964656
12.41,0.848344953581403
12.42,0.848318692713869
12.43,0.848292577291869
12.44,0.848266496310905
12.45,0.848240450698617
12.46,0.848214449572001
12.47,0.848188383290611
12.48,0.848162550974819
12.49,0.848136664319713
12.50,0.84811081111206
12.51,0.848084993160752
12.52,0.848059219027681
12.53,0.848033579518052
12.54,0.848007973868949
12.55,0.847982412882728
12.56,0.84795678513149
12.57,0.847931292409191
12.58,0.847905842962282
12.59,0.847880428030937
12.60,0.847855046304161
12.61,0.847829708692453
12.62,0.847804404977561
12.63,0.847779134869514
12.64,0.847754007498228
12.65,0.847728814752632
12.66,0.847703754779101
12.67,0.847678628599184
12.68,0.847653645017599
12.69,0.847628695694216
12.70,0.847603678899265
12.71,0.847578805595185
12.72,0.847553965017234
12.73,0.847529257697564
12.74,0.847504493035026
12.75,0.847479751824798
12.76,0.847455152940072
12.77,0.847430487438384
12.78,0.847405863867881
12.79,0.847381373611586
12.80,0.847356815220142
12.81,0.847332390074512
12.82,0.847308006727828
12.83,0.847283646395224
12.84,0.847259328216273
12.85,0.847235052399255
12.86,0.847210798250649
12.87,0.84718658723594
12.88,0.847162407406132
12.89,0.847138360478468
12.90,0.847114154672793
12.91,0.847090171701711
12.92,0.847066229877527
12.93,0.847042220318425
12.94,0.84701835209402
12.95,0.846994506156057
12.96,0.846970601402386
12.97,0.846946928706382
12.98,0.84692318696831
12.99,0.846899477223315
13.00,0.846875708374069
13.01,0.846852070840332
13.02,0.846828565203542
13.03,0.846804990818478
13.04,0.846781547042205
13.05,0.84675804531057
13.06,0.846734663719406
13.07,0.846711223703199
13.08,0.846687914415209
13.09,0.846664645625119
13.10,0.846641298719818
13.11,0.846618092251458
13.12,0.846594906388755
13.13,0.846571761749387
13.14,0.84654864668775
13.15,0.846525668189746
13.16,0.846502618775268
13.17,0.846479600693155
13.18,0.846456614681524
13.19,0.846433763105368
13.20,0.846410840168124
13.21,0.846388050210787
13.22,0.846365291670611
13.23,0.846342565050421
13.24,0.846319768789776
13.25,0.846297104789091
13.26,0.846274472685496
13.27,0.846251870461264
13.28,0.846229300845059
13.29,0.846206762436371
13.30,0.846184252823895
13.31,0.846161775361391
13.32,0.846139429834766
13.33,0.846117014802548
13.34,0.846094729485698
13.35,0.846072374606419
13.36,0.846050051774056
13.37,0.846027858364709
13.38,0.846005695369868
13.39,0.845983562130429
13.40,0.845961460823843
13.41,0.845939389072694
13.42,0.845917348197888
13.43,0.845895334824237
13.44,0.845873354270764
13.45,0.845851402590835
13.46,0.84582947949504
13.47,0.845807587764538
13.48,0.845785826033198
13.49,0.845763992642172
13.50,0.845742288957203
13.51,0.845720515179146
13.52,0.845698869672446
13.53,0.845677256200954
13.54,0.845655569395475
13.55,0.84563401257178
13.56,0.845612484533175
13.57,0.845590986673428
13.58,0.845569516921464
13.59,0.845548075544786
13.60,0.84552666459779
13.61,0.845505381349585
13.62,0.84548402677494
13.63,0.845462701592888
13.64,0.845441403869431
13.65,0.845420135904145
13.66,0.845398995510669
13.67,0.84537778308013
13.68,0.845356799165534
13.69,0.845335645161807
13.70,0.845314617629696
13.71,0.845293517794887
13.72,0.845272646904018
13.73,0.845251603714594
13.74,0.84523068772253
13.75,0.84520980144467
13.76,0.84518894078275
13.77,0.845168209256246
13.78,0.845147305189953
13.79,0.845126629618865
13.80,0.845105878582118
13.81,0.845085257192498
13.82,0.845064562598411
13.83,0.845043996029169
13.84,0.845023355240532
13.85,0.845002743229869
13.86,0.844982257590019
13.87,0.844961798877768
13.88,0.844941368011213
13.89,0.844920961500515
13.90,0.844900584622833
13.91,0.84488023405415
13.92,0.84485990923364
13.93,0.844839610511779
13.94,0.84481934148976
13.95,0.84479909587574
13.96,0.844778878229804
13.97,0.844758786917752
13.98,0.844738621882178
13.99,0.8447185831608
14.00,0.8446984703143
14.01,0.844678482546694
14.02,0.844658423149184
14.03,0.844638488432775
14.04,0.844618481038524
14.05,0.84459859811768
14.06,0.844578741635107
14.07,0.844558911768081
14.08,0.844539106429017
14.09,0.844519327338232
14.10,0.844499573750822
14.11,0.844479846017986
14.12,0.844460142559367
14.13,0.844440464931488
14.14,0.844420813043116
14.15,0.844401287430512
14.16,0.844381687512102
14.17,0.844362210989884
14.18,0.844342659953033
14.19,0.84432323526928
14.20,0.844303733862329
14.21,0.84428435810832
14.22,0.84426490824341
14.23,0.844245582646166
14.24,0.84422628223692
14.25,0.84420690522998
14.26,0.844187654189556
14.27,0.844168427004817
14.28,0.844149325259608
14.29,0.844130048315994
14.30,0.844110994603667
14.31,0.84409186532474
14.32,0.84407276239666
14.33,0.844053681025352
14.34,0.844034625797154
14.35,0.844015694257786
14.36,0.843996687145812
14.37,0.843977804017799
14.38,0.843958844773963
14.39,0.84394000897368
14.40,0.843921097517858
14.41,0.843902310963094
14.42,0.843883446880638
14.43,0.843864706324951
14.44,0.843845991199771
14.45,0.843827298561434
14.46,0.843808630312041
14.47,0.84378998434602
14.48,0.843771364057581
14.49,0.843752764682622
14.50,0.843734189614188
14.51,0.843715637750421
14.52,0.843697209988543
14.53,0.843678704720007
14.54,0.843660222348365
14.55,0.843641762939816
14.56,0.843623428878458
14.57,0.843605015578622
14.58,0.843586726584908
14.59,0.843568459151499
14.60,0.843550115446977
14.61,0.843531894174548
14.62,0.843513596754167
14.63,0.843495421143062
14.64,0.843477267906056
14.65,0.843459038600072
14.66,0.843441030745384
14.67,0.843422845043516
14.68,0.843404882911993
14.69,0.84338674331357
14.70,0.843368826458619
14.71,0.843350829935956
14.72,0.84333285695437
14.73,0.843314906595795
14.74,0.84329697757612
14.75,0.843279169979064
14.76,0.843261285153087
14.77,0.843243522772582
14.78,0.843225683288954
14.79,0.843207963991557
14.80,0.843190167234916
14.81,0.843172492476067
14.82,0.843154739377495
14.83,0.843137008447636
14.84,0.843119499454785
14.85,0.843101811062504
14.86,0.843084245260154
14.87,0.843066700187607
14.88,0.843049177027276
14.89,0.843031674187177
14.90,0.843014193910176
14.91,0.842996735917577
14.92,0.842979297240064
14.93,0.842961880072192
14.94,0.842944485657562
14.95,0.842927211982209
14.96,0.842909858242081
14.97,0.842892526559085
14.98,0.842875316563835
14.99,0.84285802611666
15.00,0.842840756699293
15.01,0.842823609062598
15.02,0.842806381565401
15.03,0.84278927554521
15.04,0.842772190629174
15.05,0.842755025118554
15.06,0.842737980514772
15.07,0.842720958481478
15.08,0.842703954803493
15.09,0.842686973497361
15.10,0.842670010816678
15.11,0.842653070169464
15.12,0.842636148811406
15.13,0.842619147756051
15.14,0.842602267094974
15.15,0.842585508400205
15.16,0.842568568442572
15.17,0.842551849829162
15.18,0.842535048455774
15.19,0.842518370282763
15.20,0.842501611916159
15.21,0.842484871392818
15.22,0.842468152643016
15.23,0.842451553399824
15.24,0.842434974549423
15.25,0.842418314634167
15.26,0.842401774156948
15.27,0.842385154879026
15.28,0.842368655632098
15.29,0.84235217463077
15.30,0.842335612925235
15.31,0.842319171892024
15.32,0.842302751006846
15.33,0.842286348910769
15.34,0.842269864637843
15.35,0.842253502266332
15.36,0.842237158979423
15.37,0.842220933419892
15.38,0.842204528914271
15.39,0.842188341787603
15.40,0.842172075342465
15.41,0.842155828244311
15.42,0.842139599633554
15.43,0.84212339079218
15.44,0.842107300117212
15.45,0.842091128725807
15.46,0.842075076761578
15.47,0.842058943049454
15.48,0.842042929360476
15.49,0.842026833765028
15.50,0.842010856874489
15.51,0.841994798624829
15.52,0.841978860097899
15.53,0.841962839893469
15.54,0.841946937956485
15.55,0.841931054860754
15.56,0.84191509033006
15.57,0.84189924444695
15.58,0.841883416935304
15.59,0.841867608325971
15.60,0.841851816489534
15.61,0.841836045973341
15.62,0.841820292321622
15.63,0.841804556392528
15.64,0.841788838582685
15.65,0.841773140584706
15.66,0.841757559276032
15.67,0.841741896867891
15.68,0.841726252402687
15.69,0.841710626689838
15.70,0.841695117728016
15.71,0.84167952748903
15.72,0.84166395597309
15.73,0.841648501986845
15.74,0.841632964859589
15.75,0.841617546232814
15.76,0.841602046109798
15.77,0.841586662785753
15.78,0.841571297774156
15.79,0.84155595053262
15.80,0.841540520576147
15.81,0.841525208197202
15.82,0.841509914516072
15.83,0.841494538107292
15.84,0.841479277929236
15.85,0.841464036271641
15.86,0.841448812256416
15.87,0.841433605294394
15.88,0.841418415783464
15.89,0.841403243462041
15.90,0.841388089290917
15.91,0.841372951665073
15.92,0.84135783005334
15.93,0.841342728958326
15.94,0.841327641687953
15.95,0.841312673742105
15.96,0.841297622759118
15.97,0.84128268823616
15.98,0.841267570757559
15.99,0.841252670005698
16.00,0.841237686542923
16.01,0.841222820213716
16.02,0.841207869877072
16.03,0.841193038214056
16.04,0.841178222055917
16.05,0.841163322843948
16.06,0.8411485402744
16.07,0.841133675593575
16.08,0.841118925664865
16.09,0.841104194598133
16.10,0.841089478422002
16.11,0.841074679602904
16.12,0.841059996442143
16.13,0.841045332611943
16.14,0.841030682458386
16.15,0.84101604992361
16.16,0.841001433204358
16.17,0.840986834241456
16.18,0.840972249741764
16.19,0.840957681972352
16.20,0.84094313133202
16.21,0.840928597704869
16.22,0.840914078655564
16.23,0.840899577121016
16.24,0.840885191303708
16.25,0.840870720811707
16.26,0.840856366685144
16.27,0.840841928235217
16.28,0.840827506713268
16.29,0.840813201992799
16.30,0.840798812753415
16.31,0.840784538763085
16.32,0.840770181748946
16.33,0.840755938439078
16.34,0.840741612562663
16.35,0.840727402048883
16.36,0.840713108133815
16.37,0.840698928569898
16.38,0.840684766167523
16.39,0.84067062012313
16.40,0.840656387598944
16.41,0.840642271363038
16.42,0.840628171815678
16.43,0.840614086223723
16.44,0.840600017394699
16.45,0.8405859646617
16.46,0.840571926894637
16.47,0.84055790368838
16.48,0.840543896078765
16.49,0.840529905004548
16.50,0.840515927341647
16.51,0.840501966188862
16.52,0.84048802058973
16.53,0.840474189847563
16.54,0.840460273402377
16.55,0.840446374952896
16.56,0.840432490014526
16.57,0.840418720183612
16.58,0.840404864842704
16.59,0.840391124285976
16.60,0.840377300122776
16.61,0.840363490555311
16.62,0.840349795936318
16.63,0.84033601735007
16.64,0.840322352190658
16.65,0.840308602745429
16.66,0.840294968297046
16.67,0.84028134903828
16.68,0.840267742165621
16.69,0.840254051794439
16.70,0.840240476874974
16.71,0.840226916769363
16.72,0.840213270671404
16.73,0.840199738990972
16.74,0.840186221964985
16.75,0.840172719547939
16.76,0.840159232007655
16.77,0.840145759546353
16.78,0.840132301533178
16.79,0.840118856923815
16.80,0.840105428143991
16.81,0.840091913944442
16.82,0.840078612061346
16.83,0.84006522702839
16.84,0.840051855380546
16.85,0.84003849707526
16.86,0.840025254693308
16.87,0.840011925501541
16.88,0.839998611560074
16.89,0.839985311404641
16.90,0.839972025572249
16.91,0.839958853505356
16.92,0.839945596481425
16.93,0.839932453201315
16.94,0.839919223203385
16.95,0.839906106928947
16.96,0.839892906654328
16.97,0.839879819467733
16.98,0.839866646423314
16.99,0.839853587060178
17.00,0.839840441754914
17.01,0.83982740894713
17.02,0.839814392239004
17.03,0.839801287558823
17.04,0.839788297793419
17.05,0.839775322647674
17.06,0.839762360500166
17.07,0.839749411625038
17.08,0.839736476786558
17.09,0.83972345591683
17.10,0.839710547899174
17.11,0.83969765430274
17.12,0.839684775065118
17.13,0.839671908757278
17.14,0.839659055260206
17.15,0.839646215954528
17.16,0.839633389549655
17.17,0.839620676949406
17.18,0.839607778649768
17.19,0.839595093058398
17.20,0.839582321216581
17.21,0.839569563506899
17.22,0.839556918106683
17.23,0.839544085516899
17.24,0.839531467472568
17.25,0.839518761543964
17.26,0.839506169839682
17.27,0.839493490768004
17.28,0.839480925201837
17.29,0.839468272875558
17.30,0.839455634572234
17.31,0.839443108304178
17.32,0.839430495082775
17.33,0.839417994580789
17.34,0.839405408820867
17.35,0.839392934159299
17.36,0.839380474088272
17.37,0.839367926851493
17.38,0.839355492727339
17.39,0.839343070418143
17.40,0.839330662039494
17.41,0.839318165164558
17.42,0.839305782949828
17.43,0.839293411928706
17.44,0.839281054547564
17.45,0.839268610015561
17.46,0.839256379430955
17.47,0.83924396011391
17.48,0.839231654526162
17.49,0.839219360352998
17.50,0.839207079923473
17.51,0.839194811292831
17.52,0.839182556222199
17.53,0.839170412547224
17.54,0.839158082513327
17.55,0.839145965143365
17.56,0.839133760560641
17.57,0.839121567623376
17.58,0.839109387739065
17.59,0.83909731958778
17.60,0.839085163918005
17.61,0.839073021128766
17.62,0.839060890637864
17.63,0.839048773292024
17.64,0.839036767663794
17.65,0.839024674444218
17.66,0.83901269436802
17.67,0.839000624796498
17.68,0.838988668629422
17.69,0.838976624556312
17.70,0.838964592262864
17.71,0.838952672769827
17.72,0.838940765479457
17.73,0.838928770085624
17.74,0.838916887763171
17.75,0.838905015882074
17.76,0.838893057165987
17.77,0.838881210476876
17.78,0.838869375659874
17.79,0.838857452689524
17.80,0.838845642137649
17.81,0.838833843688681
17.82,0.838822057240426
17.83,0.838810181442186
17.84,0.838798519463422
17.85,0.838786667282136
17.86,0.838774928902941
17.87,0.838763200708629
17.88,0.838751485732176
17.89,0.83873978252081
17.90,0.838728089913231
17.91,0.838716410054656
17.92,0.838704741782725
17.93,0.838693185407568
17.94,0.838681440016212
17.95,0.83866990618593
17.96,0.838658286486236
17.97,0.838646675487757
17.98,0.838635077861184
17.99,0.838623491083821
18.00,0.838611915661531
18.01,0.838600351908972
18.02,0.838588899658505
18.03,0.838577360062139
18.04,0.83856593036813
18.05,0.838554413151224
18.06,0.838543007820072
18.07,0.838531513111979
18.08,0.838520029692392
18.09,0.838508656880452
18.10,0.83849719608668
18.11,0.838485847556763
18.12,0.838474409868433
18.13,0.83846308517023
18.14,0.838451669294276
18.15,0.838440364816392
18.16,0.838429072725426
18.17,0.838417691017407
18.18,0.838406421516373
18.19,0.838395161800686
18.20,0.838383814606775
18.21,0.838372578595749
18.22,0.838361353180853
18.23,0.838350038267727
18.24,0.838338935928716
18.25,0.838327642497239
18.26,0.838316461795447
18.27,0.838305291228836
18.28,0.838294132294694
18.29,0.838282984148064
18.30,0.838271847618239
18.31,0.838260721367449
18.32,0.838249506542216
18.33,0.838238502569464
18.34,0.838227408677041
18.35,0.838216326362878
18.36,0.83820525421023
18.37,0.838194193114666
18.38,0.838183144984651
18.39,0.838172104584617
18.40,0.838161076218579
18.41,0.83815005930313
18.42,0.838139151589199
18.43,0.838128155804441
18.44,0.838117170447614
18.45,0.838106195680024
18.46,0.838095332733531
18.47,0.83808437846376
18.48,0.838073535677605
18.49,0.838062603097306
18.50,0.838051681663059
18.51,0.838040870522581
18.52,0.838029970433201
18.53,0.838019180599878
18.54,0.8380083013156
18.55,0.837997433189751
18.56,0.837986675087517
18.57,0.837975926234903
18.58,0.837965088393016
18.59,0.837954261678289
18.60,0.837943545555841
18.61,0.837932839463128
18.62,0.837922142868041
18.63,0.837911359369113
18.64,0.837900683355105
18.65,0.837889919339967
18.66,0.837879264282088
18.67,0.837868619401554
18.68,0.837857985697696
18.69,0.837847362334327
18.70,0.837836648126937
18.71,0.837826046082759
18.72,0.837815453581986
18.73,0.837804870985237
18.74,0.83779429704858
18.75,0.837783735116678
18.76,0.837773082823322
18.77,0.837762640816803
18.78,0.837752107828095
18.79,0.83774148634033
18.80,0.837731074156058
18.81,0.837720572849836
18.82,0.837710081623922
18.83,0.837699598683246
18.84,0.837689126199815
18.85,0.837678665175394
18.86,0.837668212724432
18.87,0.837657770330798
18.88,0.837647339283646
18.89,0.8376370168726
18.90,0.837626604407012
18.91,0.837616201972864
18.92,0.837605808542304
18.93,0.837595526351917
18.94,0.837585153847741
18.95,0.837574790570121
18.96,0.837564537418183
18.97,0.837554194027568
18.98,0.83754386052941
18.99,0.837533636440376
19.00,0.837523321313187
19.01,0.837513116071825
19.02,0.837502821685311
19.03,0.837492536471475
19.04,0.837482360717576
19.05,0.837472095286805
19.06,0.837461938139864
19.07,0.837451792302784
19.08,0.837441554819144
19.09,0.837431427550268
19.10,0.837421208244092
19.11,0.837411100436552
19.12,0.837401001121838
19.13,0.83739091183186
19.14,0.837380732332048
19.15,0.837370662143135
19.16,0.83736050065044
19.17,0.837350549320232
19.18,0.837340406282894
19.19,0.837330374313225
19.20,0.837320350542586
19.21,0.83731023790863
19.22,0.83730033254369
19.23,0.837290237220727
19.24,0.837280251154934
19.25,0.837270275036464
19.26,0.83726030716337
19.27,0.837250349306778
19.28,0.837240400683818
19.29,0.837230460982815
19.30,0.837220531891318
19.31,0.837210610015937
19.32,0.837200698656534
19.33,0.837190796563478
19.34,0.837180903299213
19.35,0.837171018919261
19.36,0.837161142726486
19.37,0.83715137701965
19.38,0.837141521178482
19.39,0.837131573810862
19.40,0.837121834525611
19.41,0.83711200553588
19.42,0.837102184250263
19.43,0.837092472717618
19.44,0.837082670326506
19.45,0.837072876676132
19.46,0.837063093156007
19.47,0.837053417728668
19.48,0.837043650973848
19.49,0.837033894017343
19.50,0.837024245086774
19.51,0.837014505860552
19.52,0.83700487501149
19.53,0.836995152109762
19.54,0.836985438976245
19.55,0.836975836222706
19.56,0.836966140740822
19.57,0.836956554566106
19.58,0.836946876373062
19.59,0.836937307836555
19.60,0.836927748548289
19.61,0.836918096626849
19.62,0.836908554583352
19.63,0.836898921172784
19.64,0.836889395987243
19.65,0.8368797800646
19.66,0.836870271998247
19.67,0.836860773980141
19.68,0.836851183368475
19.69,0.836841700976061
19.70,0.836832228531491
19.71,0.836822764938476
19.72,0.83681320944276
19.73,0.836803862248311
19.74,0.836794323785514
19.75,0.836784894239949
19.76,0.836775473061156
19.77,0.836765960434206
19.78,0.83675665595257
19.79,0.836747160199862
19.80,0.836737774252197
19.81,0.836728395104716
19.82,0.836719025080208
19.83,0.836709663139818
19.84,0.836700309878674
19.85,0.836690965017503
19.86,0.836681628224656
19.87,0.836672300527115
19.88,0.836662981887427
19.89,0.836653670624374
19.90,0.836644367660339
19.91,0.836635073435766
19.92,0.836625787582589
19.93,0.836616609001894
19.94,0.836607339447891
19.95,0.836598078863644
19.96,0.836588826213904
19.97,0.836579581977466
19.98,0.836570344920364
19.99,0.83656111755594
20.00,0.836551997443399
20.01,0.836542785640369
20.02,0.836533682085646
20.03,0.836524486686975
20.04,0.836515299952124
20.05,0.836506121816693
20.06,0.836497051510285
20.07,0.836487889164386
20.08,0.836478734636955
20.09,0.836469687950298
20.10,0.836460549209132
20.11,0.836451519188796
20.12,0.836442397526894
20.13,0.836433384262348
20.14,0.836424278784865
20.15,0.836415280228048
20.16,0.836406190447914
20.17,0.836397108467871
20.18,0.836388135229945
20.19,0.836379068835101
20.20,0.836370111592781
20.21,0.836361161792055
20.22,0.836352120655242
20.23,0.836343186737215
20.24,0.836334260135247
20.25,0.836325241956708
20.26,0.836316332154627
20.27,0.836307429818147
20.28,0.8362984351752
20.29,0.836289548242504
20.30,0.836280670328728
20.31,0.836271800145026
20.32,0.836262835905303
20.33,0.836253980720946
20.34,0.836245133535115
20.35,0.836236293695477
20.36,0.836227361844228
20.37,0.836218536915325
20.38,0.836209721379608
20.39,0.836200913453206
20.40,0.836192112767979
20.41,0.836183318764751
20.42,0.836174533388698
20.43,0.836165755489544
20.44,0.836156985620528
20.45,0.836148222969798
20.46,0.836139469257382
20.47,0.836130721754165
20.48,0.836121981850262
20.49,0.836113249475934
20.50,0.83610442602017
20.51,0.836095808673654
20.52,0.836087100317773
20.53,0.836078398062164
20.54,0.836069704705526
20.55,0.836061018882344
20.56,0.836052339819494
20.57,0.836043667689949
20.58,0.836035104276164
20.59,0.83602644809972
20.60,0.836017799711263
20.61,0.836009157387546
20.62,0.836000523924082
20.63,0.835991897516566
20.64,0.835983378959718
20.65,0.835974767531954
20.66,0.835966162781535
20.67,0.835957666151481
20.68,0.835949077271154
20.69,0.835940594502507
20.70,0.835932020474117
20.71,0.835923453823868
20.72,0.835914893190456
20.73,0.835906440926573
20.74,0.835897895466004
20.75,0.83588945792751
20.76,0.835880927182971
20.77,0.835872403351967
20.78,0.835863986950004
20.79,0.835855479164254
20.80,0.835847077798259
20.81,0.835838683328825
20.82,0.835830196543601
20.83,0.83582181672839
20.84,0.835813343588177
20.85,0.835804978409575
20.86,0.83579651981491
20.87,0.835788169173487
20.88,0.835779726505337
20.89,0.835771389383319
20.90,0.835763059908878
20.91,0.835754737289165
20.92,0.835746322307961
20.93,0.835738014255107
20.94,0.835729612397416
20.95,0.835721318164698
20.96,0.835713032350428
20.97,0.835704752215496
20.98,0.835696379528304
20.99,0.835688113744871
21.00,0.835679855564026
21.01,0.835671604115035
21.02,0.835663359259738
21.03,0.835655021522163
21.04,0.835646790706572
21.05,0.835638567307625
21.06,0.835630351134212
21.07,0.835622140668462
21.08,0.835613939080528
21.09,0.835605742963252
21.10,0.835597453891351
21.11,0.835589371373549
21.12,0.835581097283708
21.13,0.835573029567914
21.14,0.835564768393176
21.15,0.835556613894296
21.16,0.835548466154176
21.17,0.835540325855392
21.18,0.835532191998499
21.19,0.835524063883645
21.20,0.835516044079893
21.21,0.835507831397788
21.22,0.835499825711149
21.23,0.835491724832852
21.24,0.835483632512932
21.25,0.835475546687395
21.26,0.835467466841456
21.27,0.835459494622193
21.28,0.835451328150609
21.29,0.835443369382341
21.30,0.835435317145353
21.31,0.835427271381432
21.32,0.835419232836198
21.33,0.835411300282354
21.34,0.835403274798984
21.35,0.835395255832295
21.36,0.835387243189507
21.37,0.835379337523682
21.38,0.835371338789084
21.39,0.835363347021493
21.40,0.835355461219306
21.41,0.835347482212289
21.42,0.835339508901656
21.43,0.835331643846013
21.44,0.835323684998256
21.45,0.835315831411058
21.46,0.835307886366255
21.47,0.835299945575162
21.48,0.835292113018653
21.49,0.83528418630726
21.50,0.835276366523231
21.51,0.83526845349452
21.52,0.83526064512616
21.53,0.835252845188006
21.54,0.835244951479813
21.55,0.835237064275128
21.56,0.835229283552435
21.57,0.83522140864341
21.58,0.83521364029157
21.59,0.835205778426162
21.60,0.835198023028648
21.61,0.835190274347373
21.62,0.835182431291123
21.63,0.835174696622472
21.64,0.835166966407723
21.65,0.835159143975682
21.66,0.835151426329766
21.67,0.835143715458892
21.68,0.835135911028404
21.69,0.83512821396033
21.70,0.835120522069182
21.71,0.835112837532115
21.72,0.835105058503187
21.73,0.835097386144594
21.74,0.83508971920577
21.75,0.83508195960445
21.76,0.835074306452059
21.77,0.835066657964148
21.78,0.835059017209644
21.79,0.83505138219437
21.80,0.835043754159416
21.81,0.835036031184027
21.82,0.835028415599318
21.83,0.835020805275497
21.84,0.835013201337619
21.85,0.835005603696339
21.86,0.834998012469425
21.87,0.834990426871569
21.88,0.834982848222987
21.89,0.834975275608657
21.90,0.83496770885438
21.91,0.834960148166416
21.92,0.834952593503317
21.93,0.834945045022744
21.94,0.834937502847484
21.95,0.834929966273426
21.96,0.834922436699941
21.97,0.834914913339805
21.98,0.83490739565242
21.99,0.834899883457589
22.00,0.834892376881044
22.01,0.834884877966973
22.02,0.834877483534694
22.03,0.834869996042398
22.04,0.834862414740165
22.05,0.83485503908679
22.06,0.834847569900955
22.07,0.834840106640511
22.08,0.834832648556962
22.09,0.834825297026873
22.10,0.834817851032066
22.11,0.834810411866275
22.12,0.834802977664186
22.13,0.834795650566182
22.14,0.834788228955783
22.15,0.834780812581375
22.16,0.834773402606217
22.17,0.834766098239683
22.18,0.834758700298577
22.19,0.834751308157828
22.20,0.834744021236977
22.21,0.834736641747766
22.22,0.834729366752042
22.23,0.834721997542506
22.24,0.834714634376329
22.25,0.834707378071181
22.26,0.834700026884933
22.27,0.834692681192582
22.28,0.834685440891288
22.29,0.83467810827323
22.30,0.834670879843346
22.31,0.83466355808973
22.32,0.834656241518016
22.33,0.834649031338896
22.34,0.83464182553052
22.35,0.834634527466437
22.36,0.834627333489895
22.37,0.834620046168866
22.38,0.83461286492918
22.39,0.834605588420024
22.40,0.834598417711035
22.41,0.834591152919091
22.42,0.834583994196161
22.43,0.834576841108212
22.44,0.834569593165034
22.45,0.834562451768157
22.46,0.834555215509946
22.47,0.834548084873154
22.48,0.83454095920517
22.49,0.834533741233747
22.50,0.834526627225074
22.51,0.834519518906243
22.52,0.834512416272054
22.53,0.834505219593323
22.54,0.834498127865291
22.55,0.834491042731846
22.56,0.834483962624998
22.57,0.834476788106088
22.58,0.834469719607806
22.59,0.834462656608953
22.60,0.834455598624783
22.61,0.834448446297216
22.62,0.834441399814635
22.63,0.834434359982081
22.64,0.834427323070501
22.65,0.834420293720508
22.66,0.83441316928561
22.67,0.834406149405771
22.68,0.83439913643517
22.69,0.834392128095013
22.70,0.834385125576373
22.71,0.834378129681692
22.72,0.834371137602719
22.73,0.834364151141245
22.74,0.834357170489689
22.75,0.834350195449197
22.76,0.834343225212856
22.77,0.834336260261528
22.78,0.834329302013763
22.79,0.834322348696617
22.80,0.834315400254038
22.81,0.834308458321468
22.82,0.834301520175874
22.83,0.834294588615831
22.84,0.834287661837083
22.85,0.834280740555678
22.86,0.834273824131794
22.87,0.834266913799056
22.88,0.83426000895422
22.89,0.83425310927614
22.90,0.834246214625537
22.91,0.834239425190117
22.92,0.834232541595365
22.93,0.834225663073967
22.94,0.83421879002174
22.95,0.834211922036655
22.96,0.834205058881107
22.97,0.834198202446934
22.98,0.834191449493156
22.99,0.834184602911205
23.00,0.834177861147743
23.01,0.834170924749965
23.02,0.834164193165183
23.03,0.834157367624526
23.04,0.834150546782167
23.05,0.834143831717702
23.06,0.834137021373421
23.07,0.834130216376519
23.08,0.834123416176256
23.09,0.834116721261614
23.10,0.834109932508155
23.11,0.834103147775501
23.12,0.834096468664908
23.13,0.834089695047359
23.14,0.834083026304157
23.15,0.834076262312818
23.16,0.83406950372365
23.17,0.834062850138254
23.18,0.834056102240748
23.19,0.83404945859824
23.20,0.834042721007341
23.21,0.83403598840896
23.22,0.834029360487866
23.23,0.83402263712194
23.24,0.834016020172144
23.25,0.834009306285894
23.26,0.834002699608433
23.27,0.833996097161542
23.28,0.833989399121175
23.29,0.83398270705137
23.30,0.83397612051467
23.31,0.833969438295448
23.32,0.833962860431275
23.33,0.833956188526339
23.34,0.833949621438707
23.35,0.833942959051672
23.36,0.833936400926222
23.37,0.833929848609696
23.38,0.833923202378063
23.39,0.833916660007406
23.40,0.833910122519224
23.41,0.833903490634737
23.42,0.83389696299462
23.43,0.833890440537855
23.44,0.833883823449904
23.45,0.833877310207036
23.46,0.833870803447826
23.47,0.833864299968597
23.48,0.833857702716703
23.49,0.833851209630791
23.50,0.833844721817956
23.51,0.833838137834176
23.52,0.833831660315855
23.53,0.83382518714563
23.54,0.833818718352954
23.55,0.833812156129262
23.56,0.8338056964958
23.57,0.833799243005747
23.58,0.833792794302711
23.59,0.833786350818998
23.60,0.833779910503734
23.61,0.833773376073074
23.62,0.833766946996063
23.63,0.833760522244538
23.64,0.833754101758852
23.65,0.833747686981883
23.66,0.833741176853217
23.67,0.833734871346926
23.68,0.833728369848664
23.69,0.833721974154566
23.70,0.833715582380802
23.71,0.833709196547087
23.72,0.833702815018865
23.73,0.833696438507344
23.74,0.833690065742373
23.75,0.833683698765857
23.76,0.83367733569469
23.77,0.833670976998846
23.78,0.833664624609817
23.79,0.833658275429074
23.80,0.833651931631264
23.81,0.833645593258936
23.82,0.833639258575062
23.83,0.83363292847612
23.84,0.833626603584861
23.85,0.833620282888915
23.86,0.83361396755872
23.87,0.833607656337656
23.88,0.833601450394766
23.89,0.833595148638618
23.90,0.833588852154973
23.91,0.833582558771922
23.92,0.83357627173761
23.93,0.833569988040546
23.94,0.833563709122901
23.95,0.833557434860658
23.96,0.833551266373026
23.97,0.833545001754953
23.98,0.833538741304572
23.99,0.833532485800638
24.00,0.833526335061745
24.01,0.833519987881364
24.02,0.83351384670036
24.03,0.833507608676602
24.04,0.833501376804286
24.05,0.833495249085063
24.06,0.833489025593648
24.07,0.833482806169301
24.08,0.833476591967258
24.09,0.833470482065865
24.10,0.833464276905882
24.11,0.83345807536164
24.12,0.833451879472244
24.13,0.833445787111819
24.14,0.833439600720183
24.15,0.833433416461108
24.16,0.833427339320613
24.17,0.833421164462859
24.18,0.8334150953279
24.19,0.833408930707374
24.20,0.833402869805028
24.21,0.833396714412302
24.22,0.833390561886426
24.23,0.833384515476952
24.24,0.83337837216451
24.25,0.833372234199038
24.26,0.833366199856112
24.27,0.833360071008468
24.28,0.833354046012808
24.29,0.833347925121586
24.30,0.83334190931142
24.31,0.833335797753259
24.32,0.833329689804034
24.33,0.833323687417786
24.34,0.833317688786921
24.35,0.833311594248659
24.36,0.833305604775631
24.37,0.833299518623556
24.38,0.833293538217133
24.39,0.833287460895496
24.40,0.833281489546745
24.41,0.833275420510394
24.42,0.833269457060607
24.43,0.833263397068581
24.44,0.833257442889622
24.45,0.833251491850797
24.46,0.833245445471581
24.47,0.833239503540906
24.48,0.833233465413729
24.49,0.833227532270154
24.50,0.833221603155492
24.51,0.833215577250227
24.52,0.833209657138955
24.53,0.833203741003662
24.54,0.833197828512244
24.55,0.833191820889617
24.56,0.833185917676727
24.57,0.833179917742628
24.58,0.833174022278186
24.59,0.833168132235004
24.60,0.833162244674898
24.61,0.833156262805737
24.62,0.833150384269308
24.63,0.83314451106328
24.64,0.833138641623101
24.65,0.83313267536337
24.66,0.833126814782964
24.67,0.833120957152288
24.68,0.833115104505027
24.69,0.833109255030073
24.70,0.833103410934501
24.71,0.833097470588614
24.72,0.833091634699406
24.73,0.833085802666993
24.74,0.833079974603118
24.75,0.833074050617556
24.76,0.833068231080355
24.77,0.833062416279134
24.78,0.833056604839841
24.79,0.8330507973283
24.80,0.833044994770564
24.81,0.833039196279161
24.82,0.833033401430529
24.83,0.83302761072615
24.84,0.833021723660043
24.85,0.833016041734236
24.86,0.833010263012382
24.87,0.833004489145436
24.88,0.832998619619263
24.89,0.832992853225529
24.90,0.832987091456646
24.91,0.832981332816291
24.92,0.832975579508617
24.93,0.832969829819133
24.94,0.832964083318039
24.95,0.83295834207773
24.96,0.832952604448985
24.97,0.832946870937111
24.98,0.832941241032399
24.99,0.832935415158816
25.00,0.832929793969894
0.01,0.487109034544274
0.02,0.455919427016942
0.03,0.455196377259951
0.04,0.470793427569157
0.05,0.479316508623961
0.06,0.484319838492701
0.07,0.487394038818951
0.08,0.489326929424233
0.09,0.49054487677397
0.10,0.491295174426945
0.11,0.491729292566209
0.12,0.491944111858033
0.13,0.49200382104642
0.14,0.49195220574019
0.15,0.491819861564355
0.16,0.491628605645069
0.17,0.491394267818605
0.18,0.491128495787821
0.19,0.490839972827717
0.20,0.490535232667397
0.21,0.490219237279523
0.22,0.48989578047727
0.23,0.489567777002964
0.24,0.489237480853629
0.25,0.488906629805526
0.26,0.489120223447718
0.27,0.489335489770818
0.28,0.489553396568321
0.29,0.489774723928355
0.30,0.489999609279394
0.31,0.49022856872616
0.32,0.490462024950505
0.33,0.490699830248453
0.34,0.490942436354022
0.35,0.491189590459555
0.36,0.491441493380254
0.37,0.49169832018217
0.38,0.49195972327681
0.39,0.492225998998677
0.40,0.492496767306767
0.41,0.492772130811262
0.42,0.493052183122956
0.43,0.493336516844635
0.44,0.493625380578052
0.45,0.493918358192728
0.46,0.494215524054969
0.47,0.494516954712767
0.48,0.494822229356322
0.49,0.495131420009031
0.50,0.495444602590108
0.51,0.495761363022093
0.52,0.496081918516721
0.53,0.496405892088335
0.54,0.496733317922533
0.55,0.497064308879426
0.56,0.49739844296059
0.57,0.497735968176876
0.58,0.498076477306528
0.59,0.498420057986022
0.60,0.498766799844875
0.61,0.500099928985736
0.62,0.501400588479242
0.63,0.502704032790161
0.64,0.504010195143897
0.65,0.505319010675108
0.66,0.506630416391083
0.67,0.507944515425448
0.68,0.509260919819871
0.69,0.510579736242499
0.70,0.511900908766443
0.71,0.51322438311678
0.72,0.514550106623322
0.73,0.515878192467202
0.74,0.517208262458393
0.75,0.518540432752325
0.76,0.519874656628539
0.77,0.521210888739442
0.78,0.522549085066123
0.79,0.52388936716904
0.80,0.525231364970449
0.81,0.526575202476591
0.82,0.527920840562403
0.83,0.529268234012889
0.84,0.530617367554667
0.85,0.531968340931524
0.86,0.533320812089912
0.87,0.534674904326911
0.88,0.536030584721818
0.89,0.537387821270321
0.90,0.538746582853887
0.91,0.543312925739521
0.92,0.555018288581417
0.93,0.603404366431087
0.94,0.683116894321339
0.95,0.762829422211592
0.96,0.842541950101845
0.97,0.922254477992098
0.98,1.00196700588235
0.99,1.0816795337726
1.00,1.16139206166286
1.01,1.24110458955311
1.02,1.32081711744336
1.03,1.40052964533362
1.04,1.48024217322387
1.05,1.55995470111412
1.06,1.56015340876796
1.07,1.56092716562995
1.08,1.56225561518596
1.09,1.56412206028855
1.10,1.56651347052196
1.11,1.5694186897162
1.12,1.57282811742189
1.13,1.57673384140105
1.14,1.58112882268039
1.15,1.58600691977234
1.16,1.5876363504672
1.17,1.57823902631779
1.18,1.56921628821399
1.19,1.56024201419317
1.20,1.55082322310788
1.21,1.54168784046255
1.22,1.53281119518669
1.23,1.5241718882786
1.24,1.51575115701413
1.25,1.50753211654141
1.26,1.49950021260068
1.27,1.49164231716073
1.28,1.48394664935683
1.29,1.47640283807726
1.30,1.4690070850527
1.31,1.46175205321946
1.32,1.45462258715081
1.33,1.44761199219032
1.34,1.44071337507914
1.35,1.4339210267947
1.36,1.42722940874451
1.37,1.42063364409168
1.38,1.4141289894736
1.39,1.40771140181487
1.40,1.40137673902064
1.41,1.39512135922691
1.42,1.388942030737
1.43,1.38283546454626
1.44,1.37679888827243
1.45,1.37082944100704
1.46,1.36492462737485
1.47,1.35908205652328
1.48,1.35433395836589
1.49,1.35166802306241
1.50,1.3490403184537
1.51,1.34644876760973
1.52,1.34389186862141
1.53,1.34136876304457
1.54,1.33887795158589
1.55,1.33641727473991
1.56,1.3339854693565
1.57,1.33158130537503
1.58,1.32920346095653
1.59,1.32685106018413
1.60,1.32452274017598
1.61,1.32221783790226
1.62,1.31993518529281
1.63,1.31767399481371
1.64,1.31543340113178
1.65,1.31321254937771
1.66,1.31101096463754
1.67,1.30882757267576
1.68,1.30666192466636
1.69,1.30451341126172
1.70,1.30238136241645
1.71,1.30026518568604
1.72,1.29816444441918
1.73,1.29607863256097
1.74,1.29400711601901
1.75,1.29194950973886
1.76,1.28990556460623
1.77,1.28787460233234
1.78,1.28585638061207
1.79,1.28385057968109
1.80,1.28185666428745
1.81,1.27987443583664
1.82,1.27790350223593
1.83,1.27594376953046
1.84,1.27399465330521
1.85,1.27205611238985
1.86,1.27012775208802
1.87,1.26820932473207
1.88,1.26630069340833
1.89,1.26440160268585
1.90,1.26251182352903
1.91,1.26063112508665
1.92,1.25875928148121
1.93,1.25689184143538
1.94,1.25502597120577
1.95,1.25316840854069
1.96,1.25131882086191
1.97,1.24947701295855
1.98,1.24764301218391
1.99,1.24581648482864
2.00,1.24399758068635
2.01,1.24246272480885
2.02,1.24092665074338
2.03,1.23939828558328
2.04,1.23787745577621
2.05,1.23636407454804
2.06,1.23485811503513
2.07,1.23335949773553
2.08,1.23186805196512
2.09,1.23038380971029
2.10,1.22890662474436
2.11,1.22743641450583
2.12,1.22597322899363
2.13,1.22451689789308
2.14,1.2230673680675
2.15,1.22162466003294
2.16,1.22018871821091
2.17,1.21875926786377
2.18,1.2173364601386
2.19,1.21592021297361
2.20,1.21451046050536
2.21,1.21310705167349
2.22,1.21171009107224
2.23,1.2103194184856
2.24,1.20893508837418
2.25,1.20755689718721
2.26,1.20618498868875
2.27,1.20481908919103
2.28,1.20345942502659
2.29,1.20210572735763
2.30,1.20075799735653
2.31,1.19941628538943
2.32,1.19808040296391
2.33,1.19675047882499
2.34,1.19542631416301
2.35,1.19410804889468
2.36,1.19279539309148
2.37,1.19148845815475
2.38,1.19018718038354
2.39,1.18889155290735
2.40,1.18760141492964
2.41,1.18631685629403
2.42,1.18503779901118
2.43,1.18376426782846
2.44,1.18249594164386
2.45,1.18123315621433
2.46,1.17997561112496
2.47,1.17872330915436
2.48,1.17747626582143
2.49,1.17623448340546
2.50,1.17499775880702
2.51,1.17376620295242
2.52,1.17253971157839
2.53,1.17131830444298
2.54,1.17010175998454
2.55,1.16889028931435
2.56,1.16768357549372
2.57,1.16648184103514
2.58,1.16528485722501
2.59,1.16409253337925
2.60,1.16290505954942
2.61,1.16172224287664
2.62,1.16054415567174
2.63,1.15937049577845
2.64,1.15820146625692
2.65,1.15703694548135
2.66,1.1558769215349
2.67,1.15472129489501
2.68,1.1535700421056
2.69,1.15242305253418
2.70,1.15128030563583
2.71,1.15014180408913
2.72,1.14900762241237
2.73,1.14787754147989
2.74,1.14675144225977
2.75,1.14562951122393
2.76,1.14451143093581
2.77,1.14339738725768
2.78,1.14228725348537
2.79,1.14118100096287
2.80,1.14007851033195
2.81,1.13897978184646
2.82,1.13788476166171
2.83,1.13679344759352
2.84,1.13570569905814
2.85,1.13462151484979
2.86,1.13354084502667
2.87,1.1324632970976
2.88,1.13138869207826
2.89,1.1303174380526
2.90,1.12924960253021
2.91,1.12818495137327
2.92,1.12712345490495
2.93,1.12606519223216
2.94,1.1250100273002
2.95,1.1239579145827
2.96,1.12290885588915
2.97,1.12186269078687
2.98,1.12081939393236
2.99,1.11977904334455
3.00,1.11874138717065
3.01,1.11770615717897
3.02,1.11674104748005
3.03,1.11577895359932
3.04,1.114819915805
3.05,1.1138637262078
3.06,1.11291051467304
3.07,1.11196028412655
3.08,1.11101294276706
3.09,1.11006860807045
3.10,1.10912717867742
3.11,1.10818859659869
3.12,1.10725304673103
3.13,1.10632033572139
3.14,1.10539069767888
3.15,1.10446381326937
3.16,1.10353980859766
3.17,1.10261879775601
3.18,1.10170067977079
3.19,1.10078535775767
3.20,1.09987295160619
3.21,1.09896345650245
3.22,1.09805678039288
3.23,1.0971530439185
3.24,1.09625203801959
3.25,1.09535397249226
3.26,1.09445876265987
3.27,1.09356630553291
3.28,1.09267660953175
3.29,1.0917898783672
3.30,1.0909058066449
3.31,1.09002472169422
3.32,1.08914630147484
3.33,1.08827077026303
3.34,1.08739782644939
3.35,1.08652776992644
3.36,1.08566050484166
3.37,1.08479603440769
3.38,1.08393424830701
3.39,1.08307517584034
3.40,1.08221880722312
3.41,1.08136524246881
3.42,1.08051438360684
3.43,1.07966622213924
3.44,1.07882078515872
3.45,1.07797794479496
3.46,1.07713792594375
3.47,1.07630041728202
3.48,1.07546573123611
3.49,1.07463355146589
3.50,1.07380407610238
3.51,1.07297731956007
3.52,1.07215318432006
3.53,1.07133155693108
3.54,1.07051254578643
3.55,1.06969624803467
3.56,1.0688824617339
3.57,1.06807137452672
3.58,1.06726271506449
3.59,1.06645665031856
3.60,1.06565319827161
3.61,1.06485225639722
3.62,1.06405381682074
3.63,1.06325797349259
3.64,1.06246462427845
3.65,1.06167379290906
3.66,1.06088544526441
3.67,1.06009960226394
3.68,1.05931633746284
3.69,1.0585353703569
3.70,1.05775689749402
3.71,1.05698099377862
3.72,1.05620747795269
3.73,1.05543632918928
3.74,1.05466767161414
3.75,1.05390138300298
3.76,1.0531375535688
3.77,1.05237608208579
3.78,1.0516169852173
3.79,1.05086024491362
3.80,1.05010596157633
3.81,1.04935392197922
3.82,1.04860432584896
3.83,1.04785697896586
3.84,1.04711206168264
3.85,1.04636938183182
3.86,1.04562903969785
3.87,1.04489101467735
3.88,1.044155203518
3.89,1.04342171337334
3.90,1.04269054115097
3.91,1.04196157169709
3.92,1.04123480901423
3.93,1.04051033961008
3.94,1.03978806370576
3.95,1.03906797139951
3.96,1.0383501650941
3.97,1.03763453404957
3.98,1.03692108671909
3.99,1.03620979147465
4.00,1.03550066521889
4.01,1.0348558851475
4.02,1.03421307214152
4.03,1.03357229812557
4.04,1.03293358508265
4.05,1.03229691956289
4.06,1.03166219965018
4.07,1.0310295018521
4.08,1.03039885395674
4.09,1.02977023461881
4.10,1.02914352465312
4.11,1.02851884535906
4.12,1.02789609355071
4.13,1.02727533775791
4.14,1.02665649302297
4.15,1.02603954200201
4.16,1.02542470043757
4.17,1.02481164471656
4.18,1.02420047559489
4.19,1.02359129785594
4.20,1.0229839904961
4.21,1.0223785607774
4.22,1.0217750974075
4.23,1.02117328590292
4.24,1.02057354580852
4.25,1.01997565481563
4.26,1.01937950712301
4.27,1.01878530022436
4.28,1.01819283287657
4.29,1.01760220340077
4.30,1.01701339708584
4.31,1.01642640666583
4.32,1.01584123836508
4.33,1.01525777089406
4.34,1.01467611781112
4.35,1.01409626059512
4.36,1.01351819385455
4.37,1.01294182411155
4.38,1.0123671273294
4.39,1.01179430581668
4.40,1.01122316360249
4.41,1.01065368183733
4.42,1.01008596155117
4.43,1.00951989918813
4.44,1.00895557392922
4.45,1.00839290121439
4.46,1.00783196669093
4.47,1.00727265713173
4.48,1.0067148695311
4.49,1.00615890888884
4.50,1.00560455972798
4.51,1.00505181982226
4.52,1.00450068496714
4.53,1.00395113143363
4.54,1.00340318613391
4.55,1.00285691317045
4.56,1.00231221830207
4.57,1.00176909707764
4.58,1.00122744871071
4.59,1.00068744490899
4.60,1.00014901569628
4.61,0.999612012818379
4.62,0.999076662664572
4.63,0.998542751034127
4.64,0.998010465729386
4.65,0.997479700109741
4.66,0.996950359464045
4.67,0.996422521056492
4.68,0.995896199105521
4.69,0.995371371628668
4.70,0.994847930592116
4.71,0.994326082510277
4.72,0.99380551359079
4.73,0.993286517914251
4.74,0.99276889455963
4.75,0.99225272525799
4.76,0.99173801415493
4.77,0.991224649963802
4.78,0.990712737948012
4.79,0.990202252405307
4.80,0.98969310745634
4.81,0.989185278726906
4.82,0.988678872013403
4.83,0.988173885203334
4.84,0.987670188207014
4.85,0.98716790990202
4.86,0.986666904180012
4.87,0.986167206495674
4.88,0.985668873487938
4.89,0.985171815400044
4.90,0.984676132689274
4.91,0.984181720456446
4.92,0.98368854739893
4.93,0.983196724714663
4.94,0.982706047582788
4.95,0.982216819363707
4.96,0.981728812881569
4.97,0.981241924051028
4.98,0.980756361492127
4.99,0.980272005688904
5.00,0.979788954740838
5.01,0.979376046980988
5.02,0.978913998706595
5.03,0.978453471799174
5.04,0.977994460318838
5.05,0.977536965680245
5.06,0.977081080035345
5.07,0.976626582748287
5.08,0.976173566571526
5.09,0.975722130466385
5.10,0.975272060677028
5.11,0.974823548525254
5.12,0.974376388819696
5.13,0.973930768035025
5.14,0.97348657456768
5.15,0.973043804624117
5.16,0.972602359425144
5.17,0.972162311906448
5.18,0.971723770174656
5.19,0.971286506525079
5.20,0.970850721225419
5.21,0.970416217468671
5.22,0.969983066620528
5.23,0.969551277540392
5.24,0.96912073843942
5.25,0.968691626689127
5.26,0.968263849395219
5.27,0.967837287449783
5.28,0.967412042338008
5.29,0.966988106992173
5.30,0.96656535521359
5.31,0.966143997016802
5.32,0.965723721779526
5.33,0.965304912879523
5.34,0.964887160512673
5.35,0.964470675224546
5.36,0.964055529416256
5.37,0.963641422514294
5.38,0.963228645010489
5.39,0.962816982006088
5.40,0.962406542825062
5.41,0.961997203971176
5.42,0.961589063223915
5.43,0.961182020882266
5.44,0.960776244135282
5.45,0.960371558871233
5.46,0.959967923094346
5.47,0.959565456607847
5.48,0.959164128568715
5.49,0.958763853815753
5.50,0.958364699804123
5.51,0.957966579339386
5.52,0.957569575677406
5.53,0.957173589986767
5.54,0.956778698605246
5.55,0.956384909596549
5.56,0.955992002317752
5.57,0.955600172939125
5.58,0.955209421549924
5.59,0.954819724588362
5.60,0.954430893768508
5.61,0.954043101998225
5.62,0.953656360712654
5.63,0.953270557761825
5.64,0.952885670590959
5.65,0.952501798935369
5.66,0.952118848839587
5.67,0.951736899883232
5.68,0.951355841298
5.69,0.950975681672284
5.70,0.950596484519518
5.71,0.950218175210312
5.72,0.949840737054286
5.73,0.949464248893828
5.74,0.949088610993374
5.75,0.948713919373811
5.76,0.948339967130414
5.77,0.947966946451654
5.78,0.947594840195498
5.79,0.947223455538646
5.80,0.94685298001722
5.81,0.946483304261595
5.82,0.946114515641679
5.83,0.94574642061697
5.84,0.945379201296061
5.85,0.945012751420642
5.86,0.944647176314082
5.87,0.944282249164946
5.88,0.943918169988229
5.89,0.943554847524457
5.90,0.943192350532781
5.91,0.942830487500072
5.92,0.942469345703658
5.93,0.942109027846007
5.94,0.941749398178518
5.95,0.941390486888102
5.96,0.941032264498274
5.97,0.940674836499449
5.98,0.940318082555044
5.99,0.939961903330032
6.00,0.939606485430589
6.01,0.93926269279807
6.02,0.938932222009206
6.03,0.938602681298064
6.04,0.938274159291122
6.05,0.937946450894007
6.06,0.937619665956594
6.07,0.937293787733191
6.08,0.936968918495281
6.09,0.936644962749051
6.10,0.936321898388737
6.11,0.935999641627706
6.12,0.935678381368676
6.13,0.935358011540797
6.14,0.935038524529117
6.15,0.934719932504186
6.16,0.934402218645256
6.17,0.93408538377646
6.18,0.933769430821665
6.19,0.933454350626972
6.20,0.93314012864299
6.21,0.932826785998046
6.22,0.932514304514572
6.23,0.932202676168908
6.24,0.931891914958396
6.25,0.931582001589882
6.26,0.93127293891789
6.27,0.930964730516782
6.28,0.930657367944128
6.29,0.930350843800313
6.30,0.930045060958397
6.31,0.929740210845637
6.32,0.929436087699747
6.33,0.929132911631766
6.34,0.928830548076733
6.35,0.92852891689037
6.36,0.928228102611734
6.37,0.927928105769532
6.38,0.927628921443225
6.39,0.927330659914698
6.40,0.927033006289796
6.41,0.926736250611542
6.42,0.926440306726262
6.43,0.926145066098304
6.44,0.925850713628554
6.45,0.92555706027919
6.46,0.925264199673992
6.47,0.924972134055056
6.48,0.924680854360295
6.49,0.924390356614858
6.50,0.924100540053982
6.51,0.923811501111003
6.52,0.923523340252179
6.53,0.923235857011369
6.54,0.922949143093977
6.55,0.922663093508418
6.56,0.922377813022146
6.57,0.922093382881301
6.58,0.921809632671851
6.59,0.921526626931792
6.60,0.921244381617332
6.61,0.920962788337079
6.62,0.920681935629127
6.63,0.9204019390068
6.64,0.920122586144933
6.65,0.919843873466457
6.66,0.919566004350989
6.67,0.91928877176188
6.68,0.919012274953854
6.69,0.918736400353158
6.70,0.918461360690038
6.71,0.918186949340488
6.72,0.917913264448941
6.73,0.917640295349045
6.74,0.917367950450484
6.75,0.917096425228941
6.76,0.916825512379151
6.77,0.916555214624267
6.78,0.916285622698514
6.79,0.916016735283883
6.80,0.915748557188608
6.81,0.91548107722801
6.82,0.915214207137099
6.83,0.914948030774988
6.84,0.914682548746171
6.85,0.914417666570782
6.86,0.914153465920084
6.87,0.913889862395446
6.88,0.91362703309263
6.89,0.913364797014873
6.90,0.913103244613562
6.91,0.912842269929054
6.92,0.912581975954543
6.93,0.912322354995216
6.94,0.912063410396335
6.95,0.911805028754862
6.96,0.911547324991461
6.97,0.911290079978098
6.98,0.911033704266294
6.99,0.910777890076929
7.00,0.910527998592708
7.01,0.910289914148778
7.02,0.910052575503562
7.03,0.909815864804659
7.04,0.909579893737622
7.05,0.909344647503506
7.06,0.909110035964869
7.07,0.908876044198272
7.08,0.908642894007787
7.09,0.908410348378065
7.10,0.908178519980098
7.11,0.907947312411634
7.12,0.90771682798698
7.13,0.907486939031468
7.14,0.907257768945851
7.15,0.907029301318652
7.16,0.906801438259652
7.17,0.906574796770835
7.18,0.906349038856356
7.19,0.906123974014859
7.20,0.905899595696149
7.21,0.905675817462604
7.22,0.905452730996494
7.23,0.905230230696339
7.24,0.905008407440923
7.25,0.904787276565225
7.26,0.904566719694773
7.27,0.904346750493616
7.28,0.904127451794118
7.29,0.903908825709518
7.30,0.903690775759054
7.31,0.903473386471987
7.32,0.903256579464684
7.33,0.903040527799958
7.34,0.902824935763015
7.35,0.90261001494439
7.36,0.902395748764254
7.37,0.90218193083541
7.38,0.901968873343654
7.39,0.901756371417512
7.40,0.901544516616851
7.41,0.901333212019831
7.42,0.901122550690849
7.43,0.900912437168901
7.44,0.900702962346367
7.45,0.900494022873141
7.46,0.900285727304888
7.47,0.900077963688347
7.48,0.899870830421799
7.49,0.899664235391078
7.50,0.899458267607637
7.51,0.899252824562826
7.52,0.899048005110216
7.53,0.898843815881428
7.54,0.898640137786562
7.55,0.898436986009084
7.56,0.898234451910207
7.57,0.898032330842892
7.58,0.897830924515792
7.59,0.897630126930828
7.60,0.897429751142144
7.61,0.897230071925512
7.62,0.897030798684182
7.63,0.896832129817357
7.64,0.896634063576241
7.65,0.896436487468547
7.66,0.896239422162658
7.67,0.896043052770244
7.68,0.895847071665118
7.69,0.895651683087669
7.70,0.89545678827124
7.71,0.895262484674738
7.72,0.895068761064842
7.73,0.894875434184337
7.74,0.894682775214494
7.75,0.894490508717792
7.76,0.894298818081825
7.77,0.894107706877286
7.78,0.893917067525716
7.79,0.893726905613759
7.80,0.893537322159959
7.81,0.893348202189128
7.82,0.893159658560739
7.83,0.892971574495031
7.84,0.892784053905867
7.85,0.892597000821736
7.86,0.892410416927867
7.87,0.89222438793037
7.88,0.89203881510943
7.89,0.891853805453186
7.90,0.891669247575904
7.91,0.891485239313259
7.92,0.891301691346138
7.93,0.891118590069926
7.94,0.890936034965057
7.95,0.890753934047092
7.96,0.890572268465539
7.97,0.890391152156874
7.98,0.89021057667462
7.99,0.890030350500963
8.00,0.889850751685613
8.01,0.889671588552203
8.02,0.889492770872738
8.03,0.889314585794119
8.04,0.889136833761258
8.05,0.888959510708742
8.06,0.888782617043231
8.07,0.888606252464708
8.08,0.888430312678515
8.09,0.888254899578497
8.10,0.888079909551188
8.11,0.88790544064322
8.12,0.887731394511366
8.13,0.887557756745376
8.14,0.887384647201606
8.15,0.887211945512218
8.16,0.887039670637068
8.17,0.886867798668191
8.18,0.886696539325264
8.19,0.886525593302873
8.20,0.886355147302856
8.21,0.886185119046749
8.22,0.886015589392588
8.23,0.885846368000846
8.24,0.885677742123394
8.25,0.885509417812262
8.26,0.885341598127746
8.27,0.885174179414924
8.28,0.885007252854998
8.29,0.884840723536513
8.30,0.884674691425177
8.31,0.88450894931979
8.32,0.884343789759598
8.33,0.884178935002962
8.34,0.884014553255344
8.35,0.883850574428152
8.36,0.883686975280496
8.37,0.883523855948099
8.38,0.883361124722274
8.39,0.883198870803882
8.40,0.883036903573211
8.41,0.882875508754013
8.42,0.882714396924622
8.43,0.882553760702322
8.44,0.882393494479361
8.45,0.882233605670694
8.46,0.882074189022513
8.47,0.881915148829726
8.48,0.881756565652682
8.49,0.881598267818731
8.50,0.88144052338196
8.51,0.881283053828368
8.52,0.881126034557764
8.53,0.880969397101247
8.54,0.88081310958995
8.55,0.880657191542792
8.56,0.880501828535588
8.57,0.880346724655465
8.58,0.880192075796781
8.59,0.88003768061308
8.60,0.87988384884605
8.61,0.879730269380866
8.62,0.879577140281575
8.63,0.879424353338584
8.64,0.879272022954771
8.65,0.879119953171246
8.66,0.878968317232851
8.67,0.878817129623268
8.68,0.878666184962058
8.69,0.878515685505845
8.70,0.8783656372139
8.71,0.878215822565358
8.72,0.878066446470546
8.73,0.877917411736416
8.74,0.877768814556674
8.75,0.877620455601005
8.76,0.877472531930719
8.77,0.877324944629959
8.78,0.877177792313491
8.79,0.877030973222268
8.80,0.876884475669535
8.81,0.876738421600902
8.82,0.876592586565016
8.83,0.876447181983538
8.84,0.876302105879188
8.85,0.876157456793254
8.86,0.876013124630032
8.87,0.875869129101869
8.88,0.875725446863843
8.89,0.875582179865774
8.90,0.875439243958542
8.91,0.875296622205468
8.92,0.875154320032479
8.93,0.87501243817941
8.94,0.874870864756632
8.95,0.87472961053936
8.96,0.874588772735196
8.97,0.874448151913115
8.98,0.874308036042955
8.99,0.874168124553038
9.00,0.87402863641285
9.01,0.873889341488313
9.02,0.873750467098121
9.03,0.873611996038431
9.04,0.873473832149518
9.05,0.873335867811636
9.06,0.873198312379673
9.07,0.873061154867856
9.08,0.872924201842044
9.09,0.872787645562691
9.10,0.872651492754714
9.11,0.872515536007282
9.12,0.872379979461496
9.13,0.872244716783964
9.14,0.87210975429793
9.15,0.871975082593429
9.16,0.871840709699766
9.17,0.871706725657475
9.18,0.871573129602979
9.19,0.87143973005664
9.20,0.871306716961077
9.21,0.871173999587609
9.22,0.871041565002009
9.23,0.870909415516653
9.24,0.870777657582334
9.25,0.870646081353283
9.26,0.870514887142755
9.27,0.870384082850692
9.28,0.870253457147229
9.29,0.870123211774433
9.30,0.869993243079765
9.31,0.869863561760141
9.32,0.869734256870333
9.33,0.869605226944296
9.34,0.869476381815096
9.35,0.869347900064506
9.36,0.869219801933229
9.37,0.869091876422531
9.38,0.868964331542155
9.39,0.868837047561282
9.40,0.868710144289106
9.41,0.868583409478078
9.42,0.868457043007742
9.43,0.868330944288551
9.44,0.86820511175173
9.45,0.8680795568186
9.46,0.867954355459932
9.47,0.867829430869425
9.48,0.867704768168493
9.49,0.867580369582158
9.50,0.867456323013508
9.51,0.867332448437334
9.52,0.86720893425085
9.53,0.86708578018329
9.54,0.866962796348324
9.55,0.8668400606593
9.56,0.866717681998258
9.57,0.866595562331179
9.58,0.866473697039
9.59,0.866352089976095
9.60,0.866230835935154
9.61,0.866109847904643
9.62,0.865989102258675
9.63,0.865868609972293
9.64,0.865748369351538
9.65,0.865628482097134
9.66,0.865508833351568
9.67,0.865389446636207
9.68,0.865270308795476
9.69,0.865151509156442
9.70,0.865032967559669
9.71,0.864914665350334
9.72,0.86479660721388
9.73,0.864678796943855
9.74,0.864561231015161
9.75,0.864444009900791
9.76,0.864326933057197
9.77,0.864210290460461
9.78,0.864093789145288
9.79,0.863977530579602
9.80,0.86386161251194
9.81,0.863745935624814
9.82,0.863630490120758
9.83,0.863515282692923
9.84,0.863400314436284
9.85,0.86328568364953
9.86,0.863171290193148
9.87,0.863057125251409
9.88,0.862943194819671
9.89,0.862829489179179
9.90,0.862716131135094
9.91,0.862602996449904
9.92,0.862490094781109
9.93,0.862377416086539
9.94,0.862264980179204
9.95,0.862152755725394
9.96,0.862040872685874
9.97,0.861929209615979
9.98,0.86181777739607
9.99,0.861706564441839
10.00,0.861595589807636
10.01,0.861554593569661
10.02,0.861509699552801
10.03,0.861464881216683
10.04,0.861420140271778
10.05,0.861375484752535
10.06,0.861330915897323
10.07,0.861286532812463
10.08,0.861242224789314
10.09,0.861197993514437
10.10,0.861153845598377
10.11,0.861109782751009
10.12,0.861065896349318
10.13,0.86102199396353
10.14,0.860978266799526
10.15,0.860934623498806
10.16,0.860891054400033
10.17,0.860847668243092
10.18,0.860804256939716
10.19,0.860761028419612
10.20,0.860717875433889
10.21,0.860674802961569
10.22,0.86063180563788
10.23,0.860588891887786
10.24,0.86054614827073
10.25,0.860503378187899
10.26,0.86046079152012
10.27,0.86041828595976
10.28,0.86037595399778
10.29,0.860333592228166
10.30,0.86029141291729
10.31,0.860249205329702
10.32,0.860207169694078
10.33,0.860165213945796
10.34,0.860123340258306
10.35,0.860081526913944
10.36,0.860039894965013
10.37,0.85999834282627
10.38,0.859956751418094
10.39,0.859915340853962
10.40,0.859874110170377
10.41,0.859832847954662
10.42,0.859791657692858
10.43,0.859750535874775
10.44,0.859709593481376
10.45,0.859668720301963
10.46,0.859627926836936
10.47,0.859587191937485
10.48,0.859546636188482
10.49,0.859506149014103
10.50,0.859465640189425
10.51,0.859425298935074
10.52,0.859385027604614
10.53,0.859344822465275
10.54,0.859304696819618
10.55,0.859264638351983
10.56,0.859224747710105
10.57,0.859184923773773
10.58,0.859145168431656
10.59,0.859105488309046
10.60,0.859065876621828
10.61,0.859026330503336
10.62,0.858986962967927
10.63,0.858947550284504
10.64,0.858908315655356
10.65,0.858869145937671
10.66,0.858830042317311
10.67,0.858791005131327
10.68,0.858752044153078
10.69,0.858713237612498
10.70,0.858674507567974
10.71,0.858635742529128
10.72,0.85859714394891
10.73,0.85855860867669
10.74,0.858520139243894
10.75,0.85848174459293
10.76,0.858443505023195
10.77,0.858405238913402
10.78,0.858367138427836
10.79,0.858329101248908
10.80,0.858291118965864
10.81,0.858253209847723
10.82,0.858215475330963
10.83,0.858177693643898
10.84,0.858139977429667
10.85,0.858102422860012
10.86,0.858064942290776
10.87,0.85802751455402
10.88,0.857990160630418
10.89,0.85795285809369
10.90,0.857915729987299
10.91,0.857878553759549
10.92,0.857841550489413
10.93,0.857804508843246
10.94,0.857767620044508
10.95,0.857730803340634
10.96,0.857694149135355
10.97,0.857657445832543
10.98,0.857620814749977
10.99,0.857584345282732
11.00,0.857547827116106
11.01,0.857511480274901
11.02,0.85747518538465
11.03,0.857438960917996
11.04,0.857402788142034
11.05,0.857366785048899
11.06,0.857330733855399
11.07,0.857294842746701
11.08,0.857258921906682
11.09,0.857223151682902
11.10,0.857187442323798
11.11,0.85715179158473
11.12,0.857116202470728
11.13,0.857080671814247
11.14,0.857045292767532
11.15,0.857009981862678
11.16,0.856974630889733
11.17,0.856939429359592
11.18,0.856904297329342
11.19,0.856869213666551
11.20,0.85683419051763
11.21,0.856799324551729
11.22,0.85676441864634
11.23,0.856729570825329
11.24,0.856694872028631
11.25,0.856660241929339
11.26,0.856625659448356
11.27,0.856591135684644
11.28,0.856556670354163
11.29,0.856522262191843
11.30,0.856488003203145
11.31,0.856453710518371
11.32,0.85641956627076
11.33,0.856385379444251
11.34,0.856351350061576
11.35,0.856317367557318
11.36,0.85628345382645
11.37,0.856249585763649
11.38,0.85621587483654
11.39,0.856182121770515
11.40,0.856148525200649
11.41,0.85611497419927
11.42,0.856081381133424
11.43,0.856047943410103
11.44,0.85601456324266
11.45,0.855981228631226
11.46,0.855947950415675
11.47,0.855916013739315
11.48,0.855884240534589
11.49,0.855852611877912
11.50,0.855820950452709
11.51,0.85578942309521
11.52,0.855757962028181
11.53,0.855726546471858
11.54,0.855695186385992
11.55,0.855663880981512
11.56,0.855632630652656
11.57,0.855601525970534
11.58,0.855570376505048
11.59,0.85553937099528
11.60,0.855508419698391
11.61,0.855477524196268
11.62,0.855446582692856
11.63,0.855415785236364
11.64,0.855385142952891
11.65,0.855354454155232
11.66,0.855323809838683
11.67,0.855293319659378
11.68,0.855262773015511
11.69,0.855232390113887
11.70,0.855202052110532
11.71,0.855171756238141
11.72,0.855141513785448
11.73,0.855111325739318
11.74,0.855081191293543
11.75,0.855051098685387
11.76,0.855021149765691
11.77,0.854991155019935
11.78,0.85496131255844
11.79,0.854931522200518
11.80,0.854901774950257
11.81,0.854871981282299
11.82,0.854842329298627
11.83,0.85481282998423
11.84,0.854783272181869
11.85,0.854753768125264
11.86,0.854724415479522
11.87,0.854695005683428
11.88,0.854665747636994
11.89,0.854636440906424
11.90,0.854607266677152
11.91,0.854578154161299
11.92,0.854549082545789
11.93,0.854520063572639
11.94,0.854491085260234
11.95,0.85446225855947
11.96,0.854433373534062
11.97,0.854404629774665
11.98,0.854375847529199
11.99,0.854347204823039
12.00,0.85431860387117
12.01,0.854289954048752
12.02,0.854261444474935
12.03,0.85423308663265
12.04,0.854204678692908
12.05,0.854176311666415
12.06,0.85414808428491
12.07,0.854119808352839
12.08,0.854091571248155
12.09,0.854063485728919
12.10,0.85403544904266
12.11,0.854007344256937
12.12,0.853979397626784
12.13,0.853951491675683
12.14,0.853923725229325
12.15,0.853895908610885
12.16,0.853868131628148
12.17,0.853840504180877
12.18,0.853812815867624
12.19,0.853785277841806
12.20,0.853757677906082
12.21,0.853730217964316
12.22,0.853702706181618
12.23,0.853675444593458
12.24,0.853648011166738
12.25,0.85362083765913
12.26,0.853593592015414
12.27,0.853566405621095
12.28,0.853539347195578
12.29,0.853512238221713
12.30,0.853485166614872
12.31,0.85345824458887
12.32,0.853431369945134
12.33,0.853404424215518
12.34,0.853377626292485
12.35,0.853350877353448
12.36,0.853324255020142
12.37,0.853297591717407
12.38,0.853270955626544
12.39,0.853244368367931
12.40,0.853217927654186
12.41,0.853191415289677
12.42,0.853164950008611
12.43,0.853138632648394
12.44,0.853112352194675
12.45,0.853086109916442
12.46,0.853059914202465
12.47,0.853033656171725
12.48,0.853007634117086
12.49,0.852981561189564
12.50,0.852955523108014
12.51,0.852929523677856
12.52,0.852903570044238
12.53,0.852877753470623
12.54,0.852851973268858
12.55,0.852826240636808
12.56,0.852800443151508
12.57,0.852774783592047
12.58,0.852749169231066
12.59,0.852723592401188
12.60,0.852698050683948
12.61,0.852672555924118
12.62,0.852647097071561
12.63,0.852621674669998
12.64,0.852596397043298
12.65,0.852571056398799
12.66,0.852545851506722
12.67,0.85252058224466
12.68,0.852495458091387
12.69,0.852470370706668
12.70,0.85244521857831
12.71,0.852420211507754
12.72,0.852395239952855
12.73,0.852370404183846
12.74,0.85234551291082
12.75,0.852320647983819
12.76,0.852295927435311
12.77,0.852271142589144
12.78,0.852246402103562
12.79,0.852221797408067
12.80,0.852197126869903
12.81,0.85217259160421
12.82,0.852148100523904
12.83,0.85212363484528
12.84,0.852099213680952
12.85,0.852074837445407
12.86,0.852050484556699
12.87,0.852026177357584
12.88,0.852001903710181
12.89,0.851977765469346
12.90,0.851953470069539
12.91,0.851929399993728
12.92,0.851905373557363
12.93,0.851881281603293
12.94,0.851857333069656
12.95,0.851833409177815
12.96,0.851809428268764
12.97,0.851785681935164
12.98,0.851761868951887
12.99,0.851738089780017
13.00,0.85171425438853
13.01,0.851690552196471
13.02,0.851666983878154
13.03,0.851643349139538
13.04,0.851619847467004
13.05,0.851596289700845
13.06,0.851572854470106
13.07,0.851549362697915
13.08,0.85152600407805
13.09,0.851502688310615
13.10,0.851479296248939
13.11,0.85145604706187
13.12,0.851432820466608
13.13,0.851409637411734
13.14,0.851386485692848
13.15,0.851363473102739
13.16,0.851340391425082
13.17,0.851317343422732
13.18,0.851294329409788
13.19,0.851271452211944
13.20,0.851248505994817
13.21,0.851225694252644
13.22,0.851202916704031
13.23,0.851180172448477
13.24,0.851157360922556
13.25,0.851134684070149
13.26,0.851112040974262
13.27,0.851089430052911
13.28,0.85106685376971
13.29,0.851044310439602
13.30,0.851021798266099
13.31,0.850999320185794
13.32,0.850976975940578
13.33,0.850954564508333
13.34,0.850932284750332
13.35,0.850909937705278
13.36,0.850887624524369
13.37,0.850865442747854
13.38,0.850843293175327
13.39,0.850821176219405
13.40,0.850799092664424
13.41,0.850777040503288
13.42,0.85075502148546
13.43,0.850733032348068
13.44,0.850711077456175
13.45,0.850689153752697
13.46,0.850667260440532
13.47,0.85064540042661
13.48,0.85062367280049
13.49,0.850601875288033
13.50,0.850580209475018
13.51,0.850558475780089
13.52,0.850536871717718
13.53,0.850515302237219
13.54,0.8504936610154
13.55,0.85047215221914
13.56,0.850450673627694
13.57,0.850429227532786
13.58,0.850407811424691
13.59,0.850386425483408
13.60,0.850365071809226
13.61,0.850343847861465
13.62,0.850322554707344
13.63,0.850301292879762
13.64,0.85028006038068
13.65,0.850258859411265
13.66,0.850237787971728
13.67,0.850216646275439
13.68,0.850195735447216
13.69,0.850174655847913
13.70,0.850153705146598
13.71,0.850132683843085
13.72,0.850111893470648
13.73,0.850090932509316
13.74,0.850070100709047
13.75,0.850049300418206
13.76,0.850028527530648
13.77,0.850007885721975
13.78,0.849987073526783
13.79,0.849966491344851
13.80,0.849945835992235
13.81,0.849925311580101
13.82,0.84990471632535
13.83,0.849884250422476
13.84,0.849863712671506
13.85,0.849843204921166
13.86,0.8498228259164
13.87,0.849802475257844
13.88,0.849782154699513
13.89,0.849761859918953
13.90,0.84974159702264
13.91,0.849721362230307
13.92,0.849701154560546
13.93,0.849680974779491
13.94,0.84966082658357
13.95,0.849640704109022
13.96,0.849620610852692
13.97,0.849600646367042
13.98,0.849580609373304
13.99,0.849560700672265
14.00,0.849540719012273
14.01,0.849520864829092
14.02,0.849500940840717
14.03,0.849481143340702
14.04,0.849461274418433
14.05,0.84944153234061
14.06,0.849421818034515
14.07,0.84940213220687
14.08,0.849382472631732
14.09,0.849362841212042
14.10,0.849343237061132
14.11,0.849323660583144
14.12,0.849304109711696
14.13,0.849284586415184
14.14,0.849265090721
14.15,0.849245723134713
14.16,0.849226283044712
14.17,0.849206967695971
14.18,0.849187580115707
14.19,0.849168320218
14.20,0.849148985366545
14.21,0.84912977804994
14.22,0.84911049780766
14.23,0.849091343752384
14.24,0.849072216651583
14.25,0.849053014728448
14.26,0.849033940614402
14.27,0.8490148915923
14.28,0.848995969979342
14.29,0.848976874834202
14.30,0.848958004753092
14.31,0.848939060482831
14.32,0.848920144249366
14.33,0.848900951327163
14.34,0.848880845847007
14.35,0.848860866046503
14.36,0.84884081258755
14.37,0.848820885213673
14.38,0.848800883130165
14.39,0.848781006591156
14.40,0.848761055834439
14.41,0.84874123198414
14.42,0.848721332567744
14.43,0.848701558774904
14.44,0.848681811820442
14.45,0.848662089392917
14.46,0.848642393395701
14.47,0.848622721153728
14.48,0.848603076080651
14.49,0.848583454397196
14.50,0.848563858515563
14.51,0.84854428736716
14.52,0.84852484279973
14.53,0.848505322181701
14.54,0.848485825993308
14.55,0.848466354700217
14.56,0.848447010902691
14.57,0.848427589179239
14.58,0.848408293849536
14.59,0.848389021595399
14.60,0.848369674976869
14.61,0.848350452826414
14.62,0.848331155964045
14.63,0.84831198292089
14.64,0.848292833336194
14.65,0.848273610027072
14.66,0.848254610310482
14.67,0.848235433590114
14.68,0.848216482976942
14.69,0.848197355899654
14.70,0.848178454048076
14.71,0.848159474033234
14.72,0.848140519002419
14.73,0.848121588550415
14.74,0.848102681435538
14.75,0.848083896814304
14.76,0.848065037356242
14.77,0.848046301355215
14.78,0.848027490730868
14.79,0.84800880125943
14.80,0.847990036787367
14.81,0.847971395838114
14.82,0.847952677526265
14.83,0.847933983776228
14.84,0.847915513647598
14.85,0.847896865303541
14.86,0.847878342250488
14.87,0.8478598408493
14.88,0.847841362852892
14.89,0.847822907547483
14.90,0.847804476336661
14.91,0.847786068886197
14.92,0.847767682285911
14.93,0.847749319080143
14.94,0.847730980126672
14.95,0.84771276394619
14.96,0.847694469082332
14.97,0.847676197818248
14.98,0.847658050232763
14.99,0.847639823560337
15.00,0.84762161936645
15.01,0.847603539037267
15.02,0.847585380295971
15.03,0.847567344945458
15.04,0.847549332291298
15.05,0.847531240347784
15.06,0.847513271367805
15.07,0.847495326408691
15.08,0.847477401208368
15.09,0.847459499940326
15.10,0.847441619315068
15.11,0.847423762500811
15.12,0.847405926052941
15.13,0.847388011847492
15.14,0.847370219455632
15.15,0.847352551064883
15.16,0.847334702345474
15.17,0.847317076936244
15.18,0.847299370743602
15.19,0.847281788695804
15.20,0.847264128434287
15.21,0.847246487397693
15.22,0.847228870154984
15.23,0.847211373421572
15.24,0.847193898990608
15.25,0.847176345434736
15.26,0.847158912232364
15.27,0.847141402280142
15.28,0.847124013707468
15.29,0.847106644943991
15.30,0.847089196904124
15.31,0.8470718714259
15.32,0.847054567693652
15.33,0.847037284091576
15.34,0.847019919744461
15.35,0.847002678812204
15.36,0.846985458847093
15.37,0.846968358185181
15.38,0.84695107988558
15.39,0.846934020492368
15.40,0.846916883281137
15.41,0.84689976725084
15.42,0.846882671250983
15.43,0.846865596450514
15.44,0.846848641278311
15.45,0.846831606763202
15.46,0.846814693701767
15.47,0.846797699757292
15.48,0.846780827944993
15.49,0.846763875544664
15.50,0.846747043307282
15.51,0.846730131111791
15.52,0.846713340621598
15.53,0.846696469385662
15.54,0.846679718431917
15.55,0.846662987285226
15.56,0.846646176509313
15.57,0.846629485848805
15.58,0.84661281509476
15.59,0.846596165082762
15.60,0.846579532905361
15.61,0.846562923475121
15.62,0.846546332770758
15.63,0.846529760736743
15.64,0.846513208771784
15.65,0.84649667804961
15.66,0.846480265085919
15.67,0.846463772813198
15.68,0.84644729992511
15.69,0.846430847306551
15.70,0.846414513361913
15.71,0.846398099028978
15.72,0.846381704849031
15.73,0.846365429728918
15.74,0.846349072831123
15.75,0.84633283633543
15.76,0.846316519320038
15.77,0.846300321075449
15.78,0.84628414203949
15.79,0.846267982749924
15.80,0.846251741584829
15.81,0.846235619974531
15.82,0.846219518003386
15.83,0.846203335170644
15.84,0.846187270129978
15.85,0.84617122446286
15.86,0.846155198393934
15.87,0.846139190295188
15.88,0.846123201569884
15.89,0.846107230989451
15.90,0.846091280450105
15.91,0.846075347947851
15.92,0.846059432298294
15.93,0.846043539140721
15.94,0.846027660706081
15.95,0.846011903150712
15.96,0.845996064364034
15.97,0.845980343022198
15.98,0.845964440116331
15.99,0.845948755877567
16.00,0.845932989790602
16.01,0.845917342330076
16.02,0.845901612269677
16.03,0.845886002327506
16.04,0.845870409321447
16.05,0.845854734592999
16.06,0.845839178027433
16.07,0.845823540694983
16.08,0.845808019075428
16.09,0.84579251824853
16.10,0.845777033261585
16.11,0.845761467517804
16.12,0.845746018398618
16.13,0.845730590016614
16.14,0.84571517714606
16.15,0.845699782430314
16.16,0.845684405328225
16.17,0.845669047518614
16.18,0.845653705466902
16.19,0.845638381183966
16.20,0.84562307589031
16.21,0.845607789062902
16.22,0.845592517618555
16.23,0.845577265190519
16.24,0.845562129461626
16.25,0.845546910901496
16.26,0.84553181015059
16.27,0.845516626473406
16.28,0.845501460573864
16.29,0.845486413010775
16.30,0.845471282250355
16.31,0.845456268180065
16.32,0.845441172552092
16.33,0.845426191531683
16.34,0.845411129298561
16.35,0.845396184303322
16.36,0.845381156884077
16.37,0.845366244774911
16.38,0.845351351648505
16.39,0.845336476374074
16.40,0.84532151546219
16.41,0.845306672255714
16.42,0.845291847169913
16.43,0.845277036983646
16.44,0.845262245448311
16.45,0.845247470859108
16.46,0.845232712733983
16.47,0.84521797046632
16.48,0.845203245219268
16.49,0.84518853754329
16.50,0.845173844550701
16.51,0.845159170000212
16.52,0.84514451150613
16.53,0.845129969711404
16.54,0.845115343113831
16.55,0.845100735926172
16.56,0.84508614356012
16.57,0.845071667397757
16.58,0.845057107484087
16.59,0.84504266336332
16.60,0.845028136406698
16.61,0.845013626020934
16.62,0.844999231525941
16.63,0.844984754336998
16.64,0.844970392069671
16.65,0.844955946396289
16.66,0.844941617649409
16.67,0.844927304987727
16.68,0.844913005659042
16.69,0.844898624179304
16.70,0.844884360028539
16.71,0.844870111107493
16.72,0.844855778072885
16.73,0.844841560434049
16.74,0.84482735879519
16.75,0.844813172632189
16.76,0.844799003286453
16.77,0.844784849939938
16.78,0.844770711898213
16.79,0.844756589099931
16.80,0.844742483101581
16.81,0.844728293029325
16.82,0.84471431624867
16.83,0.844700257733377
16.84,0.84468621395994
16.85,0.844672184356638
16.86,0.844658272174258
16.87,0.844644274545798
16.88,0.844630292957398
16.89,0.844616326651518
16.90,0.844602376044737
16.91,0.844588540105227
16.92,0.84457462059332
16.93,0.844560816249375
16.94,0.844546926067432
16.95,0.844533150967638
16.96,0.844519293255423
16.97,0.844505549570852
16.98,0.844491721390995
16.99,0.844478007766924
17.00,0.844464209593279
17.01,0.844450525309827
17.02,0.844436858121858
17.03,0.844423104145011
17.04,0.84440946659813
17.05,0.844395844542784
17.06,0.844382236941179
17.07,0.844368643423316
17.08,0.844355065343037
17.09,0.844341402075669
17.10,0.84432785314116
17.11,0.844314319954558
17.12,0.844300802502684
17.13,0.844287298966907
17.14,0.844273809014266
17.15,0.844260334723424
17.16,0.8442468746719
17.17,0.844233529391449
17.18,0.84421999957608
17.19,0.84420668360388
17.20,0.844192643227384
17.21,0.844179046785032
17.22,0.844165564442729
17.23,0.844151894866579
17.24,0.844138441643924
17.25,0.844124900741164
17.26,0.844111475776128
17.27,0.844097963494024
17.28,0.844084566477767
17.29,0.84407108334945
17.30,0.844057614915276
17.31,0.844044259751338
17.32,0.844030818784884
17.33,0.844017491247467
17.34,0.844004079529157
17.35,0.843990779708856
17.36,0.843977495067039
17.37,0.843964124904986
17.38,0.843950868136635
17.39,0.843937624863818
17.40,0.843924395624777
17.41,0.843911079511222
17.42,0.843897878935114
17.43,0.8438846900419
17.44,0.843871515561893
17.45,0.843858255477574
17.46,0.84384520971027
17.47,0.843831976746011
17.48,0.843818858207265
17.49,0.843805751775356
17.50,0.843792660244718
17.51,0.843779581191876
17.52,0.843766516898037
17.53,0.843753564786898
17.54,0.843740426686138
17.55,0.84372750321191
17.56,0.843714492525772
17.57,0.843701494756928
17.58,0.843688511147711
17.59,0.843675639965634
17.60,0.843662681926572
17.61,0.843649737833274
17.62,0.843636807334963
17.63,0.843623890585894
17.64,0.843611086379896
17.65,0.843598195593972
17.66,0.84358541872953
17.67,0.843572553443071
17.68,0.843559802277466
17.69,0.843546963820125
17.70,0.843534138364013
17.71,0.84352142676926
17.72,0.843508727714764
17.73,0.843495942146538
17.74,0.843483270279737
17.75,0.8434706095907
17.76,0.843457862715664
17.77,0.843445229011158
17.78,0.84343260831327
17.79,0.843419900144491
17.80,0.843407305107848
17.81,0.843394722851176
17.82,0.843382154191329
17.83,0.843369496292728
17.84,0.843357053552952
17.85,0.843344421149641
17.86,0.84333190371759
17.87,0.843319397122028
17.88,0.843306904512125
17.89,0.84329442475253
17.90,0.843281956302032
17.91,0.843269501686438
17.92,0.843257059335673
17.93,0.843244730143327
17.94,0.843232211982076
17.95,0.843219907097826
17.96,0.843207516482209
17.97,0.843195135788564
17.98,0.843182768987367
17.99,0.843170414279379
18.00,0.843158071670394
18.01,0.843145741731646
18.02,0.843133523551238
18.03,0.843121219161881
18.04,0.843109025872487
18.05,0.843096745741708
18.06,0.843084578099425
18.07,0.843072321673223
18.08,0.843060077735115
18.09,0.84304794560054
18.10,0.843035725659168
18.11,0.843023619091186
18.12,0.843011424095332
18.13,0.842999343214166
18.14,0.842987171721931
18.15,0.842975112367659
18.16,0.842963066576651
18.17,0.842950931676736
18.18,0.84293890978156
18.19,0.842926898812589
18.20,0.842914801018253
18.21,0.842902815037494
18.22,0.842890840341443
18.23,0.842878777223924
18.24,0.842866927486143
18.25,0.842854887704798
18.26,0.842842961235232
18.27,0.842831045688746
18.28,0.842819142405968
18.29,0.842807250997684
18.30,0.842795371857959
18.31,0.842783503741678
18.32,0.842771548104478
18.33,0.84275980404793
18.34,0.842747970659371
18.35,0.84273615001348
18.36,0.842724339741584
18.37,0.842712542118344
18.38,0.842700757634021
18.39,0.842688981486562
18.40,0.842677218531878
18.41,0.842665468208167
18.42,0.842653827315299
18.43,0.842642099374173
18.44,0.842630382550146
18.45,0.842618676915812
18.46,0.842607084385694
18.47,0.842595401106949
18.48,0.842583829972958
18.49,0.842572169669387
18.50,0.84256052156951
18.51,0.842548984136067
18.52,0.842537359211776
18.53,0.84252584482882
18.54,0.842514241999726
18.55,0.842502650976757
18.56,0.84249117076251
18.57,0.842479700365427
18.58,0.842468142063344
18.59,0.842456595684146
18.60,0.842445160425591
18.61,0.842433735874217
18.62,0.842422321516576
18.63,0.842410821358137
18.64,0.842399429325165
18.65,0.84238795034606
18.66,0.842376580611306
18.67,0.84236522219906
18.68,0.842353875506922
18.69,0.842342539933474
18.70,0.842331114020633
18.71,0.842319801401558
18.72,0.842308499090835
18.73,0.842297207286448
18.74,0.842285924772532
18.75,0.842274654948558
18.76,0.84226329576578
18.77,0.842252147678038
18.78,0.842240909183151
18.79,0.842229582718273
18.80,0.842218466897594
18.81,0.842207262026158
18.82,0.84219606832094
18.83,0.84218488357509
18.84,0.842173710393686
18.85,0.842162548870346
18.86,0.842151396987468
18.87,0.842140255421934
18.88,0.842129126225643
18.89,0.842118106877214
18.90,0.842106997615337
18.91,0.842095898936494
18.92,0.842084810513485
18.93,0.84207383391254
18.94,0.842062767655033
18.95,0.842051711712174
18.96,0.842040766102298
18.97,0.842029730847924
18.98,0.842018706663467
18.99,0.84200779246674
19.00,0.841996787893488
19.01,0.841985893868609
19.02,0.841974911775912
19.03,0.841963939067488
19.04,0.841953076908985
19.05,0.841942125705899
19.06,0.841931283499703
19.07,0.841920453190308
19.08,0.841909531799952
19.09,0.841898721887477
19.10,0.841887819911411
19.11,0.841877030699462
19.12,0.841866250607082
19.13,0.84185548114762
19.14,0.841844622051094
19.15,0.841833873019322
19.16,0.84182303370882
19.17,0.841812404860053
19.18,0.84180158526573
19.19,0.841790877437009
19.20,0.841780178386569
19.21,0.8417693911317
19.22,0.841758811836931
19.23,0.841748043127779
19.24,0.841737384938759
19.25,0.841726736759047
19.26,0.841716097888851
19.27,0.84170546975682
19.28,0.841694851488376
19.29,0.841684242747489
19.30,0.841673645246954
19.31,0.841663055545286
19.32,0.841652477016124
19.33,0.841641908953296
19.34,0.841631349794936
19.35,0.841620800633202
19.36,0.841610260316198
19.37,0.841599830646262
19.38,0.84158931195577
19.39,0.841578702333346
19.40,0.841568301413611
19.41,0.84155781198867
19.42,0.841547330353038
19.43,0.841536959118274
19.44,0.841526498138531
19.45,0.841516045958959
19.46,0.841505605089399
19.47,0.841495273002566
19.48,0.841484849681146
19.49,0.841474437280772
19.50,0.841464133511971
19.51,0.841453740080632
19.52,0.841443455743224
19.53,0.841433079878234
19.54,0.841422714865236
19.55,0.841412460509196
19.56,0.841402113907477
19.57,0.841391877827639
19.58,0.841381549837107
19.59,0.841371332149012
19.60,0.841361124824748
19.61,0.841350825360301
19.62,0.841340636122426
19.63,0.841330356408669
19.64,0.841320185728238
19.65,0.841309924804942
19.66,0.841299772516393
19.67,0.84128963082169
19.68,0.841279397057
19.69,0.841269272287984
19.70,0.841259158074115
19.71,0.841249053323022
19.72,0.841238857236358
19.73,0.841228870155723
19.74,0.841218692812152
19.75,0.841208624604647
19.76,0.841198565384366
19.77,0.841188415725238
19.78,0.841178474506449
19.79,0.841168342499788
19.80,0.841158321513044
19.81,0.841148307405854
19.82,0.841138303537703
19.83,0.841128307921301
19.84,0.841118322024224
19.85,0.841108344746616
19.86,0.841098376573124
19.87,0.841088417671189
19.88,0.841078468891644
19.89,0.841068528144879
19.90,0.841058595815084
19.91,0.841048673362665
19.92,0.8410387593864
19.93,0.841028953850198
19.94,0.841019057909546
19.95,0.841009171040856
19.96,0.840999293216752
19.97,0.840989424482442
19.98,0.840979562981658
19.99,0.840969712334099
20.00,0.840959969556398
20.01,0.840950135244749
20.02,0.840940410282565
20.03,0.840930593564061
20.04,0.840920786603838
20.05,0.840910988842362
20.06,0.840901299170994
20.07,0.840891518454854
20.08,0.840881745663647
20.09,0.840872081886119
20.10,0.840862326644478
20.11,0.840852680287034
20.12,0.840842943363598
20.13,0.840833314973222
20.14,0.840823594983861
20.15,0.840813983018069
20.16,0.840804279938474
20.17,0.840794585705495
20.18,0.840785000440415
20.19,0.840775322613994
20.20,0.84076575456129
20.21,0.840756195032335
20.22,0.840746544283156
20.23,0.840737001418892
20.24,0.840727466501755
20.25,0.840717840524841
20.26,0.840708323617144
20.27,0.840698814762557
20.28,0.840689214163957
20.29,0.840679721943835
20.30,0.840670239327183
20.31,0.840660765115795
20.32,0.840651196911068
20.33,0.840641738864042
20.34,0.840632289493291
20.35,0.840622848050033
20.36,0.840613314663195
20.37,0.84060388929177
20.38,0.840594473515347
20.39,0.840585065951636
20.40,0.84057566672183
20.41,0.840566274289688
20.42,0.840556891071556
20.43,0.840547515959606
20.44,0.840538149512055
20.45,0.840528790860221
20.46,0.840519441779226
20.47,0.840510099488269
20.48,0.840500765400821
20.49,0.840491439041539
20.50,0.840482022555597
20.51,0.840472812450822
20.52,0.840463512335257
20.53,0.8404542184942
20.54,0.84044493466567
20.55,0.840435658423791
20.56,0.840426389543738
20.57,0.840417128300471
20.58,0.840407976344584
20.59,0.840398732221028
20.60,0.840389496491704
20.61,0.840380266920908
20.62,0.840371047326389
20.63,0.840361835371812
20.64,0.840352731476185
20.65,0.840343535236774
20.66,0.840334346779128
20.67,0.840325266604293
20.68,0.840316094768316
20.69,0.840307029670666
20.70,0.840297873855311
20.71,0.84028872554107
20.72,0.840279584382349
20.73,0.840270551705798
20.74,0.840261426902119
20.75,0.840252410191679
20.76,0.840243300789626
20.77,0.840234198931324
20.78,0.840225205147516
20.79,0.840216120567451
20.80,0.840207143014664
20.81,0.840198173004213
20.82,0.840189110762238
20.83,0.840180156550855
20.84,0.840171109115981
20.85,0.840162170316851
20.86,0.840153138627166
20.87,0.840144215571671
20.88,0.840135201067683
20.89,0.840126292700154
20.90,0.840117392106019
20.91,0.840108499475603
20.92,0.840099514548589
20.93,0.840090637195342
20.94,0.840081666604056
20.95,0.84007280427724
20.96,0.840063951008492
20.97,0.840055103470102
20.98,0.8400461644475
20.99,0.840037332451892
21.00,0.840028508678863
21.01,0.840019692296472
21.02,0.840010883042085
21.03,0.840001981477041
21.04,0.839993187519202
21.05,0.839984401031976
21.06,0.83997562242713
21.07,0.839966850109845
21.08,0.8399580877107
21.09,0.839949330955377
21.10,0.839940481238296
21.11,0.83993183930638
21.12,0.83992300587688
21.13,0.83991437991949
21.14,0.83990556052226
21.15,0.839896848468391
21.16,0.839888143799468
21.17,0.839879446656616
21.18,0.839870757017068
21.19,0.839862073216446
21.20,0.839853498493481
21.21,0.839844731259683
21.22,0.839836171763231
21.23,0.839827517147574
21.24,0.839818872200935
21.25,0.839810233817798
21.26,0.839801602001044
21.27,0.839793078964273
21.28,0.839784361174038
21.29,0.839775852290908
21.30,0.839767250001633
21.31,0.83975865529716
21.32,0.83975006786798
21.33,0.839741587119479
21.34,0.839733013456526
21.35,0.839724447400264
21.36,0.839715887837459
21.37,0.839707435806236
21.38,0.839698891267798
21.39,0.839690354373213
21.40,0.839681923993977
21.41,0.839673401006209
21.42,0.839664883814329
21.43,0.83965647553993
21.44,0.839647973953672
21.45,0.839639577853786
21.46,0.839631091309059
21.47,0.839622609088438
21.48,0.839614235789145
21.49,0.839605768862914
21.50,0.839597409508598
21.51,0.839588956972657
21.52,0.839580610212371
21.53,0.839572272037995
21.54,0.839563840565686
21.55,0.839555415727259
21.56,0.839547098511486
21.57,0.839538687137027
21.58,0.839530382977265
21.59,0.839521985898019
21.60,0.839513695859049
21.61,0.839505412684651
21.62,0.83949703565497
21.63,0.839488767660399
21.64,0.839480504693225
21.65,0.839472150062347
21.66,0.839463900373717
21.67,0.83945565853079
21.68,0.839447322726323
21.69,0.83943909537256
21.70,0.839430873811652
21.71,0.839422659711788
21.72,0.839414351622636
21.73,0.839406150891821
21.74,0.839397955654576
21.75,0.839389668758536
21.76,0.839381488547266
21.77,0.839373313486837
21.78,0.839365146787585
21.79,0.839356985997873
21.80,0.839348832728389
21.81,0.839340585033936
21.82,0.839332445403365
21.83,0.839324311614447
21.84,0.83931618426413
21.85,0.839308063861604
21.86,0.839299950461441
21.87,0.839291843242989
21.88,0.839283743078976
21.89,0.839275649548192
21.90,0.839267562447521
21.91,0.839259482029413
21.92,0.839251407745424
21.93,0.839243340181742
21.94,0.839235279543974
21.95,0.839227225093169
21.96,0.839219177748255
21.97,0.839211137217749
21.98,0.839203102873761
21.99,0.839195074677406
22.00,0.839187052215011
22.01,0.839179037956138
22.02,0.839171128844295
22.03,0.839163127152156
22.04,0.839155031761938
22.05,0.839147142710721
22.06,0.839139160614912
22.07,0.839131185043665
22.08,0.839123215234545
22.09,0.839115351655737
22.10,0.839107394639524
22.11,0.839099445062802
22.12,0.8390915004954
22.13,0.839083663679553
22.14,0.839075732878198
22.15,0.839067807935397
22.16,0.839059889444946
22.17,0.8390520772078
22.18,0.839044171462268
22.19,0.839036272601416
22.20,0.83902847905385
22.21,0.839020593523239
22.22,0.839012813088403
22.23,0.839004938507918
22.24,0.838997070546048
22.25,0.838989310088458
22.26,0.838981454786839
22.27,0.838973606004742
22.28,0.838965862814295
22.29,0.838958027348088
22.30,0.838950297199174
22.31,0.838942473738546
22.32,0.838934656091442
22.33,0.838926944903221
22.34,0.838919238712269
22.35,0.838911440818356
22.36,0.838903747647141
22.37,0.8388959611282
22.38,0.838888281864702
22.39,0.838880506861768
22.40,0.838872838734716
22.41,0.838865076663031
22.42,0.83885742121169
22.43,0.838849771998967
22.44,0.838842027990189
22.45,0.838834391173357
22.46,0.838826659945951
22.47,0.838819034571646
22.48,0.838811415208951
22.49,0.838803703072437
22.50,0.838796096073976
22.51,0.838788494837955
22.52,0.838780899807552
22.53,0.838773211336552
22.54,0.83876562791457
22.55,0.838758051669685
22.56,0.838750481057156
22.57,0.838742816041881
22.58,0.83873525769929
22.59,0.838727705453307
22.60,0.838720158766472
22.61,0.838712517794025
22.62,0.838704983287799
22.63,0.838697455533351
22.64,0.838689931754572
22.65,0.83868241567048
22.66,0.838674804512821
22.67,0.838667298992095
22.68,0.838659800502101
22.69,0.838652306767333
22.70,0.838644819869228
22.71,0.838637339694578
22.72,0.838629863422825
22.73,0.838622393849203
22.74,0.838614930177945
22.75,0.838607472708824
22.76,0.838600020074803
22.77,0.838592573373348
22.78,0.838585133918882
22.79,0.838577699965934
22.80,0.838570270990756
22.81,0.83856284860794
22.82,0.838555431071777
22.83,0.838548020247308
22.84,0.838540614694182
22.85,0.838533214805284
22.86,0.83852582033387
22.87,0.838518432531916
22.88,0.838511050756374
22.89,0.838503674272933
22.90,0.83849630339664
22.91,0.838489037902321
22.92,0.838481678691416
22.93,0.838472570141278
22.94,0.838465110999113
22.95,0.838457657598262
22.96,0.838450209681414
22.97,0.838442769182944
22.98,0.838435432345808
22.99,0.83842800208372
23.00,0.83842067776176
23.01,0.83841315889868
23.02,0.838405845165714
23.03,0.838398438545146
23.04,0.838391036863649
23.05,0.838383741599204
23.06,0.838376351208521
23.07,0.838368966863322
23.08,0.838361587463693
23.09,0.838354314536883
23.10,0.838346947468838
23.11,0.838339585505579
23.12,0.838332329440201
23.13,0.838324979478736
23.14,0.838317735106078
23.15,0.838310395595178
23.16,0.838303061672547
23.17,0.838295833925156
23.18,0.838288512015092
23.19,0.838281294597708
23.20,0.838273984314771
23.21,0.838266679197125
23.22,0.838259479012122
23.23,0.838252183991882
23.24,0.838244996092173
23.25,0.838237711854036
23.26,0.838230535043969
23.27,0.838223363165511
23.28,0.838216095776248
23.29,0.838208835029066
23.30,0.838201680553476
23.31,0.838194430493084
23.32,0.838187285525761
23.33,0.838180046598805
23.34,0.83817291327078
23.35,0.838165685182991
23.36,0.838158561609047
23.37,0.83815144501991
23.38,0.838144234118097
23.39,0.838137127786211
23.40,0.838130027057299
23.41,0.838122832445514
23.42,0.838115742378512
23.43,0.838108658092828
23.44,0.838101479355042
23.45,0.838094405146863
23.46,0.838087338073699
23.47,0.838080274444601
23.48,0.838073117700888
23.49,0.838066065280814
23.50,0.838059018825946
23.51,0.838051876832417
23.52,0.838044841513677
23.53,0.838037811164576
23.54,0.838030785890853
23.55,0.838023667284278
23.56,0.838016651523104
23.57,0.838009642984252
23.58,0.838002639471585
23.59,0.837995641318924
23.60,0.837988647009996
23.61,0.837981559142247
23.62,0.837974577367713
23.63,0.837967600119821
23.64,0.837960627291037
23.65,0.837953660814733
23.66,0.837946599594801
23.67,0.837939743744662
23.68,0.837932691485376
23.69,0.837925746241714
23.70,0.83791880504294
23.71,0.837911870497556
23.72,0.83790494039755
23.73,0.83789801596806
23.74,0.837891095968719
23.75,0.837884181929134
23.76,0.837877272373577
23.77,0.837870367422564
23.78,0.837863469472144
23.79,0.837856575310484
23.80,0.837849686765868
23.81,0.837842803738562
23.82,0.837835925574969
23.83,0.837829052140294
23.84,0.837822184125298
23.85,0.837815320971561
23.86,0.83780846380654
23.87,0.837801610872335
23.88,0.83779486398956
23.89,0.837788021393578
23.90,0.837781184725784
23.91,0.83777435179507
23.92,0.837767525384101
23.93,0.837760702953669
23.94,0.837753885465864
23.95,0.837747073349789
23.96,0.837740367163065
23.97,0.83773356593556
23.98,0.837726768579396
23.99,0.837719977272775
24.00,0.837713290476563
24.01,0.837706408245368
24.02,0.837699732371424
24.03,0.837692959657109
24.04,0.837686193815521
24.05,0.837679532785506
24.06,0.837672776174296
24.07,0.837666024188218
24.08,0.837659277653015
24.09,0.837652636083347
24.10,0.837645899376504
24.11,0.837639167457192
24.12,0.837632440804913
24.13,0.837625818411472
24.14,0.83761910262039
24.15,0.837612389555431
24.16,0.837605783831514
24.17,0.837599080521133
24.18,0.837592483684299
24.19,0.837585791873727
24.20,0.837579204001782
24.21,0.837572521817876
24.22,0.837565843553614
24.23,0.837559271651468
24.24,0.83755260299693
24.25,0.837545940286587
24.26,0.837539381440797
24.27,0.837532729164682
24.28,0.837526180477566
24.29,0.837519536425806
24.30,0.83751299823806
24.31,0.837506364350054
24.32,0.837499734739421
24.33,0.837493211402586
24.34,0.837486692023581
24.35,0.83748007676977
24.36,0.83747356731112
24.37,0.837466961754037
24.38,0.83746046218754
24.39,0.837453866269003
24.40,0.837447376544179
24.41,0.837440789733458
24.42,0.837434308712569
24.43,0.837427731729933
24.44,0.837421260833714
24.45,0.837414793668305
24.46,0.837408231724031
24.47,0.837401774478871
24.48,0.83739522161093
24.49,0.837388773972933
24.50,0.83738233101213
24.51,0.83737579130702
24.52,0.837369358132635
24.53,0.837362929066031
24.54,0.837356504356771
24.55,0.837349984565782
24.56,0.837343569871881
24.57,0.837337059104486
24.58,0.837330652474999
24.59,0.83732425237015
24.60,0.837317854999512
24.61,0.837311363859555
24.62,0.837304976227142
24.63,0.837298594605981
24.64,0.837292216919666
24.65,0.837285742945072
24.66,0.837279374944086
24.67,0.837273010475701
24.68,0.837266651145258
24.69,0.837260295686144
24.70,0.837253945701472
24.71,0.837247500076997
24.72,0.837241159604263
24.73,0.837234823143438
24.74,0.837228490773862
24.75,0.83722206308404
24.76,0.837215740587973
24.77,0.837209422946471
24.78,0.837203108828321
24.79,0.837196799271398
24.80,0.837190495318299
24.81,0.837184195581812
24.82,0.837177900137213
24.83,0.837171608991782
24.84,0.837165222019862
24.85,0.837159040513765
24.86,0.837152762773016
24.87,0.837146490037718
24.88,0.837140122209688
24.89,0.837133857755426
24.90,0.837127598561826
24.91,0.837121343142874
24.92,0.837115092687268
24.93,0.837108846970285
24.94,0.837102604667924
24.95,0.837096367720372
24.96,0.837090134997475
24.97,0.837083907081655
24.98,0.837077782504703
24.99,0.837071462944695
25.00,0.837065348323952
0.01,0.529398004584031
0.02,0.498151281475853
0.03,0.497426907642987
0.04,0.513052519856576
0.05,0.52159120869755
0.06,0.526603700851882
0.07,0.52968353076924
0.08,0.531619960956403
0.09,0.532840138657075
0.10,0.533591810283295
0.11,0.534026723396002
0.12,0.534241936072981
0.13,0.534301754603078
0.14,0.53425004477696
0.15,0.534117458247499
0.16,0.533925852093191
0.17,0.533691085138496
0.18,0.533424826415986
0.19,0.5331357751018
0.20,0.532830476889852
0.21,0.532513902839354
0.22,0.532189853710855
0.23,0.531861249584266
0.24,0.531530348584216
0.25,0.531198891669245
0.26,0.531412876452138
0.27,0.531628536979016
0.28,0.531846842815631
0.29,0.532068575478641
0.30,0.532293872648181
0.31,0.532523251374086
0.32,0.532757135112238
0.33,0.53299537588818
0.34,0.533238426263163
0.35,0.533486032966578
0.36,0.533738397181367
0.37,0.533995694294169
0.38,0.534257576079975
0.39,0.534524339415946
0.40,0.534795603565132
0.41,0.535071471325619
0.42,0.535352036479626
0.43,0.535636890883896
0.44,0.535926283595432
0.45,0.536219797721722
0.46,0.536517507765251
0.47,0.536819490414192
0.48,0.537125324088141
0.49,0.537435080942386
0.50,0.53774883703517
0.51,0.538066177530757
0.52,0.538387320038647
0.53,0.538711886882834
0.54,0.539039912311519
0.55,0.539371509391484
0.56,0.53970625535153
0.57,0.540044398656669
0.58,0.54038553133943
0.59,0.54072974119677
0.60,0.541077118022338
0.61,0.542412688439358
0.62,0.543715729749383
0.63,0.545021560976483
0.64,0.546330115223784
0.65,0.547641327507157
0.66,0.548955134718538
0.67,0.550271640180415
0.68,0.551590455224012
0.69,0.55291168671281
0.70,0.554235278617505
0.71,0.555561176563785
0.72,0.55688932778501
0.73,0.558219845669573
0.74,0.559552351334891
0.75,0.560886961149105
0.76,0.562223628306197
0.77,0.563562307375533
0.78,0.564902954257593
0.79,0.566245690735439
0.80,0.56759014605363
0.81,0.568936444445492
0.82,0.57028454671431
0.83,0.571634407562294
0.84,0.572986011688089
0.85,0.574339459018139
0.86,0.575694406872516
0.87,0.57705097877408
0.88,0.578409141741847
0.89,0.579768863712899
0.90,0.581130113511714
0.91,0.588806054412133
0.92,0.60363408851031
0.93,0.655210008719386
0.94,0.738169745141037
0.95,0.82112948156269
0.96,0.904089217984343
0.97,0.987048954405996
0.98,1.07000869082765
0.99,1.1529684272493
1.00,1.23592816367095
1.01,1.31888790009261
1.02,1.40184763651426
1.03,1.48480737293591
1.04,1.56776710935756
1.05,1.65072684577922
1.06,1.64983171182601
1.07,1.64959032153426
1.08,1.64996341853454
1.09,1.65092204592727
1.10,1.65244471028754
1.11,1.65451408146327
1.12,1.65711590538643
1.13,1.66023865368804
1.14,1.66387238961048
1.15,1.66800861100448
1.16,1.66893303513469
1.17,1.65885399983684
1.18,1.64908963274097
1.19,1.63933560591346
1.20,1.62911399690369
1.21,1.61916561265421
1.22,1.60947405373951
1.23,1.6000239143063
1.24,1.59080065476241
1.25,1.58179049660684
1.26,1.57298097617608
1.27,1.56436043572141
1.28,1.55591803907758
1.29,1.54764396274276
1.30,1.53955255536397
1.31,1.53163972496699
1.32,1.52386877779727
1.33,1.51623281699029
1.34,1.50872469309259
1.35,1.50133837752591
1.36,1.49406792024627
1.37,1.48690806336778
1.38,1.47985363004779
1.39,1.47290014798316
1.40,1.46604305253795
1.41,1.45927823018424
1.42,1.45260205324819
1.43,1.44601078068779
1.44,1.43949305656741
1.45,1.43304927890718
1.46,1.42668108737261
1.47,1.42038570042648
1.48,1.4151968864398
1.49,1.4121037877667
1.50,1.40905839860226
1.51,1.40605833677468
1.52,1.40310174249651
1.53,1.40019026126891
1.54,1.39732160849538
1.55,1.39449148102475
1.56,1.39169836914774
1.57,1.38894074638905
1.58,1.38621704801351
1.59,1.38352618005408
1.60,1.3808665213312
1.61,1.37823719394714
1.62,1.37563682258786
1.63,1.37306441986677
1.64,1.37051890205777
1.65,1.36799923658853
1.66,1.36550477039112
1.67,1.36303425847237
1.68,1.36058708179094
1.69,1.35816245891505
1.70,1.35575956770784
1.71,1.35337768084914
1.72,1.35101619925103
1.73,1.34867449115787
1.74,1.34635179142232
1.75,1.34404757425653
1.76,1.34176147088037
1.77,1.33949269267611
1.78,1.33724088772683
1.79,1.33500560344921
1.80,1.33278621994169
1.81,1.33058241644032
1.82,1.3283937194613
1.83,1.32621992822832
1.84,1.32406037224191
1.85,1.32191490553212
1.86,1.31978307890403
1.87,1.31766453117273
1.88,1.31555904709996
1.89,1.31346631989129
1.90,1.31138600374633
1.91,1.30931783419301
1.92,1.30726149982582
1.93,1.30519915773253
1.94,1.30312080092263
1.95,1.30105289164086
1.96,1.29899502907168
1.97,1.29694702417098
1.98,1.29490886135538
1.99,1.29288017839466
2.00,1.29086108375275
2.01,1.2891284915658
2.02,1.28739658135325
2.03,1.28567426434266
2.04,1.28396134499234
2.05,1.28225770300351
2.06,1.28056329023195
2.07,1.2788779886022
2.08,1.27720161815042
2.09,1.27553416038884
2.10,1.27387547084985
2.11,1.27222544000566
2.12,1.27058406449028
2.13,1.26895117361631
2.14,1.26732670153564
2.15,1.265710611533
2.16,1.26410284743274
2.17,1.26250310412243
2.18,1.26091153193002
2.19,1.25932798853502
2.20,1.25775242032692
2.21,1.25618464284078
2.22,1.25462473091249
2.23,1.25307250572851
2.24,1.25152803034271
2.25,1.24999104022258
2.26,1.24846170076809
2.27,1.24693967764902
2.28,1.24542521932448
2.29,1.24391800567832
2.30,1.24241803513586
2.31,1.24092535026558
2.32,1.23943972391094
2.33,1.23796128192097
2.34,1.23648979980256
2.35,1.23502541150247
2.36,1.23356780533394
2.37,1.23211706818816
2.38,1.23067314246809
2.39,1.22923598560463
2.40,1.22780543979648
2.41,1.22638155887637
2.42,1.22496426906311
2.43,1.22355357165947
2.44,1.22214913524865
2.45,1.22075128772703
2.46,1.21935970213852
2.47,1.21797437148895
2.48,1.21659530145439
2.49,1.21522248276457
2.50,1.21385568970037
2.51,1.21249503250886
2.52,1.21114038714072
2.53,1.20979177466777
2.54,1.20844894639451
2.55,1.20711211671375
2.56,1.20578094624118
2.57,1.20445564192834
2.58,1.20313596612778
2.59,1.20182183073699
2.60,1.20051340002673
2.61,1.19921048206716
2.62,1.19791312326177
2.63,1.19662102555499
2.64,1.1953343916141
2.65,1.19405306165839
2.66,1.19277703871833
2.67,1.19150619644048
2.68,1.19024050027954
2.69,1.18897985443552
2.70,1.18772421263821
2.71,1.18647356358066
2.72,1.18522798528708
2.73,1.18398724616799
2.74,1.18275121247777
2.75,1.1815200734498
2.76,1.18029348413579
2.77,1.17907164576787
2.78,1.17785440584746
2.79,1.17664173565382
2.80,1.17543350239641
2.81,1.17422972429015
2.82,1.17303028845273
2.83,1.17183523927857
2.84,1.17064439258557
2.85,1.16945776380588
2.86,1.16827527514513
2.87,1.16709690238462
2.88,1.16592252817141
2.89,1.1647521199917
2.90,1.16358573026902
2.91,1.16242314073438
2.92,1.16126429389371
2.93,1.16010926916833
2.94,1.15895791881464
2.95,1.1578101955629
2.96,1.15666610315966
2.97,1.15552546778257
2.98,1.15438824908297
2.99,1.15325454230104
3.00,1.15212406555978
3.01,1.15099655130665
3.02,1.14993981824817
3.03,1.14888664024153
3.04,1.14783702962038
3.05,1.14679079112396
3.06,1.14574804331323
3.07,1.1447087891507
3.08,1.14367292262067
3.09,1.14264056253848
3.10,1.14161159203524
3.11,1.14058596967879
3.12,1.13956385106631
3.13,1.13854505765473
3.14,1.1375298111104
3.15,1.13651777586104
3.16,1.13550909466512
3.17,1.13450386669404
3.18,1.13350199323303
3.19,1.13250335974344
3.20,1.13150809025444
3.21,1.13051617786428
3.22,1.12952751746245
3.23,1.12854223014558
3.24,1.12756010642725
3.25,1.12658134242727
3.26,1.12560586894753
3.27,1.12463355315265
3.28,1.12366441908633
3.29,1.12269865524915
3.30,1.12173595780315
3.31,1.1207766546557
3.32,1.11982040775747
3.33,1.11886744306863
3.34,1.11791745824062
3.35,1.11697075432496
3.36,1.11602723478191
3.37,1.11508687543209
3.38,1.11414957897652
3.39,1.1132153754864
3.40,1.11228424196683
3.41,1.11135627814437
3.42,1.11043138498908
3.43,1.10950955576493
3.44,1.10859080290911
3.45,1.10767499696811
3.46,1.10676236601986
3.47,1.10585259559185
3.48,1.10494600127463
3.49,1.10404225034449
3.50,1.10314152730081
3.51,1.10224387667269
3.52,1.10134916972734
3.53,1.10045730895967
3.54,1.09956838863916
3.55,1.09868250620674
3.56,1.09779945948142
3.57,1.09691942060684
3.58,1.09604213452635
3.59,1.09517551309959
3.60,1.09431677099503
3.61,1.09346084811572
3.62,1.09260773751545
3.63,1.09175751890815
3.64,1.09091009089724
3.65,1.09006548967108
3.66,1.0892236686593
3.67,1.0883846341805
3.68,1.08754847352856
3.69,1.08671490650648
3.70,1.08588411569024
3.71,1.08505617565036
3.72,1.0842309049947
3.73,1.08340826816434
3.74,1.08258841890361
3.75,1.08177120641865
3.76,1.08095671990225
3.77,1.08014485860695
3.78,1.07933565407496
3.79,1.07852905846984
3.80,1.07772518801962
3.81,1.07692382723681
3.82,1.07612516420279
3.83,1.07532900244631
3.84,1.07453553734276
3.85,1.07374454817537
3.86,1.07295616473568
3.87,1.07217033652454
3.88,1.07138697476402
3.89,1.07060617289893
3.90,1.06982794105371
3.91,1.06905215099859
3.92,1.06827880579011
3.93,1.06750799247346
3.94,1.06673961115829
3.95,1.06597363683517
3.96,1.06521018688698
3.97,1.06444914942198
3.98,1.06369052099327
3.99,1.06293426689108
4.00,1.06218040726293
4.01,1.06149124441718
4.02,1.06080425797753
4.03,1.06011953309535
4.04,1.059437087546
4.05,1.05875690713162
4.06,1.05807888862378
4.07,1.05740310435703
4.08,1.0567295843318
4.09,1.05605830290036
4.10,1.0553891376271
4.11,1.05472221330423
4.12,1.05405742084201
4.13,1.05339482865724
4.14,1.05273435177278
4.15,1.05207596979475
4.16,1.05141989798843
4.17,1.05076580863109
4.18,1.05011380343054
4.19,1.04946398800535
4.20,1.04881623447847
4.21,1.04817055243202
4.22,1.04752702727856
4.23,1.04688534591584
4.24,1.04624592367477
4.25,1.04560854045074
4.26,1.04497308451774
4.27,1.04433975408369
4.28,1.04370834686291
4.29,1.04307896009858
4.30,1.04245157926605
4.31,1.04182618890594
4.32,1.04120280552639
4.33,1.04058129442056
4.34,1.03996177915593
4.35,1.03934423179166
4.36,1.03872864652675
4.37,1.03811493564253
4.38,1.0375030638789
4.39,1.03689323993747
4.40,1.03628526415395
4.41,1.03567911612504
4.42,1.03507489721683
4.43,1.03447249896348
4.44,1.03387200556475
4.45,1.03327332572058
4.46,1.03267654611865
4.47,1.03208155260748
4.48,1.03148824281944
4.49,1.03089691577057
4.50,1.03030736032454
4.51,1.02971957063307
4.52,1.02913354075966
4.53,1.02854924853804
4.54,1.02796671637076
4.55,1.02738601059359
4.56,1.02680703403276
4.57,1.02622977948597
4.58,1.02565415030125
4.59,1.02508031225675
4.60,1.0245081992528
4.61,1.02393765835958
4.62,1.02336891474624
4.63,1.02280175524371
4.64,1.02223636583146
4.65,1.02167263884381
4.66,1.0211104793449
4.67,1.02054996252873
4.68,1.01999110227114
4.69,1.0194338779995
4.70,1.01887817575962
4.71,1.01832420593303
4.72,1.01777164989531
4.73,1.01722080375266
4.74,1.01667146551394
4.75,1.01612371570528
4.76,1.0155775550748
4.77,1.01503287503076
4.78,1.01448977961929
4.79,1.01394824095263
4.80,1.01340817315857
4.81,1.01286954982273
4.82,1.01233247656686
4.83,1.01179695224792
4.84,1.01126284351969
4.85,1.0107302793599
4.86,1.01019911197224
4.87,1.0096693772631
4.88,1.00914113322748
4.89,1.00861428482399
4.90,1.00808893380914
4.91,1.00756497549738
4.92,1.00704237642526
4.93,1.00652124698118
4.94,1.0060013843881
4.95,1.00548308759922
4.96,1.00496613088672
4.97,1.00445040652548
4.98,1.00393612740034
4.99,1.00342316885936
5.00,1.0029116307272
5.01,1.00247047677268
5.02,1.00198020318353
5.03,1.00149156340635
5.04,1.0010045554257
5.05,1.00051917357859
5.06,1.0000355108411
5.07,0.999553350075068
5.08,0.999072778903258
5.09,0.998593897358282
5.10,0.998116490366799
5.11,0.997640750695562
5.12,0.997166469756484
5.13,0.996693835774402
5.14,0.996222733972144
5.15,0.995753162177173
5.16,0.995285021487922
5.17,0.994818380130967
5.18,0.994353349464042
5.19,0.993889701538125
5.20,0.99342763156909
5.21,0.992966948781728
5.22,0.992507718403903
5.23,0.992049950898619
5.24,0.991593532794546
5.25,0.991138642674608
5.26,0.990685186261545
5.27,0.990233044545831
5.28,0.989782316188214
5.29,0.989332996527732
5.30,0.988884955326385
5.31,0.988438404099955
5.32,0.987993033218914
5.33,0.987549223066045
5.34,0.987106563102615
5.35,0.986665267181266
5.36,0.986225402506279
5.37,0.985786668492918
5.38,0.985349359115238
5.39,0.984913254228594
5.40,0.98447846683359
5.41,0.984044868516269
5.42,0.983612559510303
5.43,0.983181439336017
5.44,0.98275167565362
5.45,0.982323091282344
5.46,0.981895643568564
5.47,0.981469453508362
5.48,0.981044492528188
5.49,0.98062066967885
5.50,0.980198052890565
5.51,0.97977655818301
5.52,0.979356263922132
5.53,0.978937073169761
5.54,0.978519063278478
5.55,0.97810223847045
5.56,0.977686379618086
5.57,0.97727168172489
5.58,0.976858144927544
5.59,0.976445744889516
5.60,0.976034294102056
5.61,0.975623961471797
5.62,0.975214762608859
5.63,0.974806581046419
5.64,0.974399396924462
5.65,0.973993308569202
5.66,0.973588219121842
5.67,0.973184210878954
5.68,0.972781172216586
5.69,0.972379110976616
5.70,0.97197808748499
5.71,0.971578031697231
5.72,0.971178923525636
5.73,0.970780841310744
5.74,0.970396497463789
5.75,0.970022589412069
5.76,0.969649497166326
5.77,0.969277410793804
5.78,0.968906312313259
5.79,0.968536010714539
5.80,0.968166690783952
5.81,0.967798244312671
5.82,0.967430759922829
5.83,0.967064039077231
5.84,0.966698268145836
5.85,0.966333335592568
5.86,0.965969352616814
5.87,0.965606086323766
5.88,0.965243740562159
5.89,0.964882219785948
5.90,0.964521596543404
5.91,0.964161674326371
5.92,0.963802543481976
5.93,0.963444307459374
5.94,0.963086826429297
5.95,0.96273013167961
5.96,0.962374195285256
5.97,0.962019118830188
5.98,0.961664784668306
5.99,0.961311092242544
6.00,0.960958226489095
6.01,0.96061707334484
6.02,0.960289329409976
6.03,0.959962583919829
6.04,0.959636921561442
6.05,0.959312138150574
6.06,0.958988343033231
6.07,0.95866551943861
6.08,0.95834376830886
6.09,0.958022997962481
6.10,0.957703179470108
6.11,0.957384234131702
6.12,0.957066346825255
6.13,0.956749412623946
6.14,0.956433424450291
6.15,0.956118393242318
6.16,0.955804302120894
6.17,0.955491152281133
6.18,0.955178945632226
6.19,0.954867670670042
6.20,0.954557316487075
6.21,0.954247902759459
6.22,0.953939409437786
6.23,0.95363182958465
6.24,0.953325176201376
6.25,0.953019430037523
6.26,0.952714592089298
6.27,0.952410669161293
6.28,0.952107649620949
6.29,0.951805526419918
6.30,0.951504203012307
6.31,0.951203870359954
6.32,0.950904321875839
6.33,0.95060577791375
6.34,0.950308102612108
6.35,0.950011215307404
6.36,0.949715202968098
6.37,0.949420063029737
6.38,0.949125791873369
6.39,0.948832498585974
6.40,0.948539869522226
6.41,0.948248192819758
6.42,0.94795738223644
6.43,0.94766732901174
6.44,0.94737821842686
6.45,0.947089862300274
6.46,0.946802350680757
6.47,0.946515690508605
6.48,0.946229866004876
6.49,0.94594487915075
6.50,0.94566062421911
6.51,0.945377200963658
6.52,0.945094708393028
6.53,0.944812944362353
6.54,0.944532000533036
6.55,0.944251775143728
6.56,0.943972367921569
6.57,0.943693863568846
6.58,0.943416090213317
6.59,0.943139111488457
6.60,0.942862941697176
6.61,0.942587476967339
6.62,0.942312801215482
6.63,0.942039031739229
6.64,0.941765957143
6.65,0.941493569987919
6.66,0.941222076337311
6.67,0.940951267421374
6.68,0.940681244094211
6.69,0.940411890783872
6.70,0.940143421022712
6.71,0.939875625471077
6.72,0.939608606671359
6.73,0.939342351592501
6.74,0.93907676589102
6.75,0.93881204762639
6.76,0.938547990963949
6.77,0.938284595158059
6.78,0.938021948864622
6.79,0.937760056553256
6.80,0.937498919407476
6.81,0.937238524556901
6.82,0.936978786296851
6.83,0.936719788017887
6.84,0.936461529872189
6.85,0.936203915562011
6.86,0.935947027280854
6.87,0.935690781355311
6.88,0.935435355500901
6.89,0.935180565283432
6.90,0.934926504327842
6.91,0.93467306399794
6.92,0.934420349897516
6.93,0.934168350748375
6.94,0.933917071383004
6.95,0.933666399517287
6.96,0.933416448240888
6.97,0.933166998363459
6.98,0.932918461657686
6.99,0.932670526092154
7.00,0.932428568079409
7.01,0.932198478021378
7.02,0.931969176792489
7.03,0.931740545559166
7.04,0.931512695031338
7.05,0.931285612396624
7.06,0.93105920487028
7.07,0.930833457375482
7.08,0.930608594762868
7.09,0.930384375424853
7.10,0.930160915753027
7.11,0.929938116342965
7.12,0.929716082443408
7.13,0.929494681285536
7.14,0.929274040512801
7.15,0.929054142303148
7.16,0.92883488906387
7.17,0.928612723636928
7.18,0.928375065041787
7.19,0.928138145415117
7.20,0.927901956599919
7.21,0.927666414369466
7.22,0.927431609556853
7.23,0.927197435209252
7.24,0.926963982889826
7.25,0.926731267327401
7.26,0.926499171120054
7.27,0.926267706146412
7.28,0.926036957859861
7.29,0.925806923853569
7.30,0.925577510370881
7.31,0.92534880255635
7.32,0.925120721052178
7.33,0.924893437012794
7.34,0.924666657841412
7.35,0.924440590672048
7.36,0.924215223385123
7.37,0.923990345184917
7.38,0.923766271047765
7.39,0.923542796110991
7.40,0.923320010963296
7.41,0.923097816277424
7.42,0.922876308686268
7.43,0.922655390805643
7.44,0.9224351524308
7.45,0.922215492606152
7.46,0.921996517690674
7.47,0.921778116332212
7.48,0.921560386237846
7.49,0.921343237287417
7.50,0.921126753761566
7.51,0.920910839766428
7.52,0.920695587001309
7.53,0.920481006049109
7.54,0.920266976842465
7.55,0.920053514089014
7.56,0.919840709539153
7.57,0.91962835849152
7.58,0.919416762271834
7.59,0.919205814213733
7.60,0.918995327521989
7.61,0.918785578527143
7.62,0.918576273294402
7.63,0.918367613159191
7.64,0.918159593382588
7.65,0.917952103615906
7.66,0.917745162905006
7.67,0.917538958918371
7.68,0.917333180213336
7.69,0.917128032311281
7.70,0.916923417093331
7.71,0.916719433590016
7.72,0.916516065247062
7.73,0.916313134226282
7.74,0.916110907748934
7.75,0.915909110928904
7.76,0.915707928284138
7.77,0.915507362629875
7.78,0.915307306615268
7.79,0.915107767091399
7.80,0.914908841130616
7.81,0.914710417170006
7.82,0.914512605744266
7.83,0.914315289946281
7.84,0.914118576519672
7.85,0.913922365804169
7.86,0.91372666128913
7.87,0.913531548492781
7.88,0.913336927080761
7.89,0.913142907622372
7.90,0.912949373065634
7.91,0.91275642533075
7.92,0.91256397367578
7.93,0.912372006153641
7.94,0.912180618899899
7.95,0.911989721077148
7.96,0.911799295508868
7.97,0.911609453889726
7.98,0.911420187343749
7.99,0.911231306481032
8.00,0.911043087307379
8.01,0.910855339724642
8.02,0.910667971381278
8.03,0.91048127101805
8.04,0.910295038984665
8.05,0.910109269105053
8.06,0.909923963772098
8.07,0.909739221317051
8.08,0.909554936854671
8.09,0.909371215718328
8.10,0.909187950092184
8.11,0.909005240423004
8.12,0.908822987172676
8.13,0.908641175332494
8.14,0.908459925418804
8.15,0.908279117083568
8.16,0.908098768309019
8.17,0.907918857753808
8.18,0.907739590578619
8.19,0.907560671335418
8.20,0.907382285293873
8.21,0.907204349349068
8.22,0.907026944906811
8.23,0.906849880905172
8.24,0.906673447340455
8.25,0.906497345424364
8.26,0.906321781463319
8.27,0.906146650058257
8.28,0.905972044792269
8.29,0.905797867965002
8.30,0.905624220502644
8.31,0.90545089576268
8.32,0.905278182748281
8.33,0.9051058092708
8.34,0.904933940282976
8.35,0.904762504554066
8.36,0.904591479825317
8.37,0.904420968402004
8.38,0.904250875543469
8.39,0.904081291100451
8.40,0.903912025345552
8.41,0.903743361737351
8.42,0.903575011667856
8.43,0.9034071698029
8.44,0.903239727200637
8.45,0.90307269299424
8.46,0.902906164475061
8.47,0.902740038700574
8.48,0.902574403443808
8.49,0.902409083598112
8.50,0.902244347302175
8.51,0.902079915667873
8.52,0.901915964290165
8.53,0.901752424724639
8.54,0.901589266624394
8.55,0.901426506402145
8.56,0.901264331123596
8.57,0.901102444914055
8.58,0.900941045179234
8.59,0.900779925750708
8.60,0.900619401691723
8.61,0.900452453918509
8.62,0.900289325720736
8.63,0.900126563043937
8.64,0.899964279092504
8.65,0.899802278835988
8.66,0.899640734424581
8.67,0.899479661789559
8.68,0.89931885374935
8.69,0.899158512935431
8.70,0.898998646632104
8.71,0.898839035618094
8.72,0.898679884520149
8.73,0.898521098585421
8.74,0.898362770821928
8.75,0.898204703456556
8.76,0.89804709407936
8.77,0.897889840700074
8.78,0.897733046312604
8.79,0.897576605954294
8.80,0.897420507668594
8.81,0.897264876637446
8.82,0.897109484232672
8.83,0.896954543791528
8.84,0.896799953845859
8.85,0.896645810609236
8.86,0.896492006429019
8.87,0.896338560516204
8.88,0.896185447519763
8.89,0.896032771954427
8.90,0.895880447163626
8.91,0.895728458513952
8.92,0.895576809259939
8.93,0.895425601732294
8.94,0.895274722951736
8.95,0.895124183448095
8.96,0.894974080208053
8.97,0.894824215537177
8.98,0.894674875838502
8.99,0.894525760813164
9.00,0.894377088867746
9.01,0.894228629853108
9.02,0.89408061168431
9.03,0.89393301784296
9.04,0.893785750362584
9.05,0.893638700089616
9.06,0.893492082395163
9.07,0.89334588079271
9.08,0.893199901997016
9.09,0.893054339958079
9.10,0.892909200995749
9.11,0.892764279833718
9.12,0.892619775490739
9.13,0.892475585483509
9.14,0.892331714980931
9.15,0.892188153263592
9.16,0.892044910736321
9.17,0.89190207548046
9.18,0.891759647835908
9.19,0.891617434783106
9.20,0.891475628346458
9.21,0.891334136039787
9.22,0.891192944271913
9.23,0.891052057304677
9.24,0.890911581005534
9.25,0.890771302004534
9.26,0.890631427164044
9.27,0.890491958994395
9.28,0.890352687274392
9.29,0.890213815484651
9.30,0.890075238938806
9.31,0.889936966481299
9.32,0.889799089836106
9.33,0.889661505009611
9.34,0.889524124392091
9.35,0.889387124176116
9.36,0.889250527375895
9.37,0.889114119474677
9.38,0.888978110287914
9.39,0.888842378970643
9.40,0.888707048160577
9.41,0.888571901695942
9.42,0.888437142058192
9.43,0.88830266676239
9.44,0.888168475421256
9.45,0.888034580263702
9.46,0.887901053759766
9.47,0.887767823502828
9.48,0.887634871220059
9.49,0.887502201623735
9.50,0.88736990054647
9.51,0.887237787390906
9.52,0.887106053217435
9.53,0.886974695455392
9.54,0.886843526071068
9.55,0.886712619844547
9.56,0.886582088374065
9.57,0.886451832499294
9.58,0.886321847621986
9.59,0.886192138889388
9.60,0.886062798009635
9.61,0.885933741233646
9.62,0.885804943289629
9.63,0.885676413375594
9.64,0.885548152920494
9.65,0.885420262778625
9.66,0.885292626177195
9.67,0.88516526902582
9.68,0.885038177107076
9.69,0.884911438238906
9.70,0.884784974434424
9.71,0.884658767420172
9.72,0.884532817440346
9.73,0.884407133791292
9.74,0.884281709166857
9.75,0.884156645240319
9.76,0.884031742426752
9.77,0.883907290187376
9.78,0.883782993610273
9.79,0.883658954951792
9.80,0.883535273099326
9.81,0.883411848811498
9.82,0.883288671730592
9.83,0.883165746234735
9.84,0.88304307757998
9.85,0.882920759704269
9.86,0.882798695520555
9.87,0.88267687639225
9.88,0.88255530601174
9.89,0.88243397353533
9.90,0.882313007082498
9.91,0.882192278123074
9.92,0.88207179712112
9.93,0.881951553645357
9.94,0.881831569361021
9.95,0.881711811052258
9.96,0.881592407596411
9.97,0.881473239809989
9.98,0.881354317720662
9.99,0.881235631013829
10.00,0.881117195886337
10.01,0.881068881587464
10.02,0.881016677673528
10.03,0.880964562711001
10.04,0.880912539139534
10.05,0.880860615437882
10.06,0.88080879284158
10.07,0.880757170530857
10.08,0.880705637430223
10.09,0.880654195515307
10.10,0.880602849561363
10.11,0.880551603124936
10.12,0.880500547477088
10.13,0.880449490134536
10.14,0.880398622241021
10.15,0.880347851086528
10.16,0.880297169751859
10.17,0.880246682965548
10.18,0.88019618519876
10.19,0.880145884306124
10.20,0.880095673667768
10.21,0.880045554320508
10.22,0.879995526168763
10.23,0.879945595646324
10.24,0.879895846611361
10.25,0.879846085514928
10.26,0.879796521698933
10.27,0.879747052015479
10.28,0.879697768873436
10.29,0.879648469649778
10.30,0.879599365861329
10.31,0.879550247676874
10.32,0.879501314383419
10.33,0.879452473754918
10.34,0.879403727965909
10.35,0.879355056168822
10.36,0.879306578992838
10.37,0.879258194150412
10.38,0.87920978273285
10.39,0.879161566320839
10.40,0.879113542347579
10.41,0.879065498238078
10.42,0.879017541476617
10.43,0.878969663969623
10.44,0.878921978989468
10.45,0.878874375867502
10.46,0.878826864985138
10.47,0.878779426719599
10.48,0.878732178902602
10.49,0.878685012296376
10.50,0.878637836274226
10.51,0.878590840770395
10.52,0.878543927839567
10.53,0.878497093224172
10.54,0.878450350903457
10.55,0.87840368842342
10.56,0.878357204883604
10.57,0.878310800714445
10.58,0.878264479002461
10.59,0.878218242136071
10.60,0.878172087534107
10.61,0.87812600960397
10.62,0.878080123121741
10.63,0.878034203704269
10.64,0.87798847504515
10.65,0.877942822269984
10.66,0.877897246540572
10.67,0.877851751367701
10.68,0.877806343260466
10.69,0.877761100963338
10.70,0.87771594731024
10.71,0.877670771169242
10.72,0.877625774097683
10.73,0.877580849978414
10.74,0.877536003702165
10.75,0.877491245024898
10.76,0.877446652565176
10.77,0.877402045445806
10.78,0.877357615329722
10.79,0.877313259530461
10.80,0.877268971012554
10.81,0.877224766643748
10.82,0.877180747804922
10.83,0.877136694134098
10.84,0.877092718108966
10.85,0.877048913701221
10.86,0.877005195189534
10.87,0.876961540878654
10.88,0.876917971138129
10.89,0.87687446372995
10.90,0.876831142978518
10.91,0.876787785153756
10.92,0.876744611231056
10.93,0.876701409598291
10.94,0.876658371816472
10.95,0.876615418586068
10.96,0.876572637447993
10.97,0.876529819187363
10.98,0.876487084022298
10.99,0.876444521499404
11.00,0.876401919520593
11.01,0.876359501365258
11.02,0.876317145994358
11.03,0.876274871949953
11.04,0.876232660024979
11.05,0.876190627812266
11.06,0.876148558926429
11.07,0.876106661721728
11.08,0.876064743657848
11.09,0.876022988776993
11.10,0.875981304098443
11.11,0.875939688634837
11.12,0.875898145802165
11.13,0.875856671882743
11.14,0.875815360901676
11.15,0.875774127225705
11.16,0.87573286378557
11.17,0.875691761236777
11.18,0.875650738536012
11.19,0.875609773755549
11.20,0.875568881267058
11.21,0.875528154272129
11.22,0.875487399089874
11.23,0.875446711695623
11.24,0.87540618397457
11.25,0.875365735855143
11.26,0.875325344092254
11.27,0.875285022352687
11.28,0.875244767948927
11.29,0.87520458131726
11.30,0.875164555323348
11.31,0.875124503977794
11.32,0.875084610665248
11.33,0.875044686796192
11.34,0.875004928308012
11.35,0.874965227421214
11.36,0.874925605952472
11.37,0.874886039185827
11.38,0.874846639198544
11.39,0.874807208801952
11.40,0.874767942963594
11.41,0.874728733041694
11.42,0.874689490194241
11.43,0.874650412062279
11.44,0.874611402394983
11.45,0.874572448611289
11.46,0.87453355897791
11.47,0.874481173895981
11.48,0.874440643573914
11.49,0.874400268668401
11.50,0.874359874236227
11.51,0.874319626160042
11.52,0.874279456247478
11.53,0.874239345500024
11.54,0.874199300933226
11.55,0.874159325762819
11.56,0.874119416479126
11.57,0.874079664969903
11.58,0.874039881775568
11.59,0.874000255090096
11.60,0.873960693000272
11.61,0.873921199878774
11.62,0.873881672759086
11.63,0.873842302112452
11.64,0.87380309993518
11.65,0.873763861590566
11.66,0.873724679796505
11.67,0.873685665846748
11.68,0.873646606920107
11.69,0.873607722445533
11.70,0.873568896227415
11.71,0.87353012291153
11.72,0.87349141624144
11.73,0.873452774218215
11.74,0.873414199317863
11.75,0.873375676703938
11.76,0.873337309878314
11.77,0.873298910299465
11.78,0.87326067366334
11.79,0.873222500925811
11.80,0.873184383191284
11.81,0.873146230909991
11.82,0.87310823069575
11.83,0.873070396679689
11.84,0.873032514304646
11.85,0.872994697618544
11.86,0.872957043991324
11.87,0.872919345211297
11.88,0.872881810127524
11.89,0.872844236483711
11.90,0.872806807273312
11.91,0.872769451524086
11.92,0.872732147009702
11.93,0.8726949083064
11.94,0.872657720711018
11.95,0.872620695073178
11.96,0.872583624384977
11.97,0.872546705010689
11.98,0.872509759159588
11.99,0.87247296300664
12.00,0.872436220615024
12.01,0.872399440485934
12.02,0.872362811362004
12.03,0.8723263457266
12.04,0.872289841405578
12.05,0.872253388540415
12.06,0.872217085227731
12.07,0.872180746751151
12.08,0.872144455786773
12.09,0.872108329475084
12.10,0.872072260943085
12.11,0.872036137157116
12.12,0.872000182069909
12.13,0.871964277531726
12.14,0.871928524497908
12.15,0.871892731252862
12.16,0.871856989298014
12.17,0.871821407187839
12.18,0.87178577558667
12.19,0.871750304696451
12.20,0.871714781784067
12.21,0.871679410616511
12.22,0.871643997365374
12.23,0.8716088464913
12.24,0.871573533366301
12.25,0.871538490784799
12.26,0.871503387363957
12.27,0.871468353431441
12.28,0.871433458905168
12.29,0.871398522554625
12.30,0.871363634810638
12.31,0.871328908352522
12.32,0.871294238042355
12.33,0.871259507956388
12.34,0.871224935945068
12.35,0.871190424285239
12.36,0.871156047870277
12.37,0.871121641842734
12.38,0.871087273326933
12.39,0.871052965015447
12.40,0.871018811770801
12.41,0.870984598008222
12.42,0.870950441684298
12.43,0.870916443356958
12.44,0.870882491978718
12.45,0.870848589838778
12.46,0.870814743140047
12.47,0.870780845274349
12.48,0.870747192052586
12.49,0.870713500985502
12.50,0.870679851590704
12.51,0.870646253655334
12.52,0.870612710074783
12.53,0.870579313483642
12.54,0.870545963414327
12.55,0.870512672247316
12.56,0.870479324573276
12.57,0.87044612612234
12.58,0.870412981244604
12.59,0.870379885544308
12.60,0.870346833280273
12.61,0.870313839094854
12.62,0.870280889441228
12.63,0.870247987359145
12.64,0.870215238753855
12.65,0.870182436783051
12.66,0.870149782085002
12.67,0.870117071104159
12.68,0.870084515337921
12.69,0.870052006442138
12.70,0.870019443553298
12.71,0.869987032990762
12.72,0.869954668873604
12.73,0.869922450684452
12.74,0.869890185064806
12.75,0.869857957024133
12.76,0.869825882072394
12.77,0.869793752327622
12.78,0.869761676775639
12.79,0.869729746982738
12.80,0.869697760762352
12.81,0.869665918430836
12.82,0.869634129976106
12.83,0.86960237661482
12.84,0.869570677375867
12.85,0.86953903328885
12.86,0.869507420105593
12.87,0.869475862795629
12.88,0.869444348651814
12.89,0.869412979939017
12.90,0.869381461732938
12.91,0.869350178824734
12.92,0.869318949535319
12.93,0.869287663878643
12.94,0.869256530396803
12.95,0.869225431115731
12.96,0.869194282703779
12.97,0.869163378908222
12.98,0.869132418123464
12.99,0.869101499087346
13.00,0.869070534961652
13.01,0.869039712163711
13.02,0.869009031643234
13.03,0.868978294154807
13.04,0.868947699570461
13.05,0.868917056941304
13.06,0.868886546492626
13.07,0.868855987610788
13.08,0.868825571607774
13.09,0.868795207971652
13.10,0.868764775952737
13.11,0.868734496566589
13.12,0.868704248173333
13.13,0.868674052710543
13.14,0.868643896295723
13.15,0.868613889137902
13.16,0.868583820809811
13.17,0.868553795612617
13.18,0.868523812586392
13.19,0.868493975935342
13.20,0.868464079707616
13.21,0.868434324857315
13.22,0.86840461494043
13.23,0.868374944846894
13.24,0.868345216998353
13.25,0.868315633467036
13.26,0.868286091671383
13.27,0.868256591332555
13.28,0.86822713411667
13.29,0.868197717482706
13.30,0.868168341474108
13.31,0.868139007773988
13.32,0.868109815989803
13.33,0.868080566352421
13.34,0.868051456642956
13.35,0.868022288844787
13.36,0.86799316273331
13.37,0.867964176338316
13.38,0.867935229880656
13.39,0.867906326982478
13.40,0.867877464249182
13.41,0.867848640780691
13.42,0.867819859608098
13.43,0.867791117802183
13.44,0.867762416865466
13.45,0.867733756404313
13.46,0.86770513409678
13.47,0.867676553223795
13.48,0.86764811423839
13.49,0.86761961301799
13.50,0.867591251805986
13.51,0.867562831669805
13.52,0.867534547574089
13.53,0.86750630801815
13.54,0.867478003815566
13.55,0.86744984168252
13.56,0.867421716325062
13.57,0.867393632723607
13.58,0.867365587050513
13.59,0.867337579220484
13.60,0.867309611468366
13.61,0.867281781821159
13.62,0.867253891619148
13.63,0.867226040834801
13.64,0.867198227275094
13.65,0.867170452843204
13.66,0.867142816096105
13.67,0.867115116710283
13.68,0.867087657523152
13.69,0.867060035790786
13.70,0.867032552503045
13.71,0.867005005979846
13.72,0.866977698612241
13.73,0.866950228043404
13.74,0.866922894783358
13.75,0.86689560067191
13.76,0.866868341576268
13.77,0.866841221637564
13.78,0.866813940014701
13.79,0.866786895202438
13.80,0.866759786341114
13.81,0.866732814537514
13.82,0.866705781207369
13.83,0.86667888344128
13.84,0.866651923165457
13.85,0.866624998783032
13.86,0.866598212489947
13.87,0.86657146101719
13.88,0.866544748621497
13.89,0.866518068481563
13.90,0.866491429186811
13.91,0.86646482558631
13.92,0.866438255434916
13.93,0.866411720741715
13.94,0.866385225485622
13.95,0.86635876508303
13.96,0.866332339840672
13.97,0.866306052865609
13.98,0.8662796992139
13.99,0.866253481971727
14.00,0.866227197448349
14.01,0.866201049769811
14.02,0.866174839931838
14.03,0.866148764173689
14.04,0.866122622927043
14.05,0.866096617800261
14.06,0.866070646606875
14.07,0.86604471163765
14.08,0.86601881024888
14.09,0.865992944887947
14.10,0.865967114240205
14.11,0.865941318865493
14.12,0.865915555237532
14.13,0.865889826556313
14.14,0.865864133201815
14.15,0.865838575585112
14.16,0.865812953000511
14.17,0.865787461321037
14.18,0.86576190638171
14.19,0.865736485236016
14.20,0.865710996562485
14.21,0.865685643184859
14.22,0.865660222550212
14.23,0.865634935969788
14.24,0.865609683749339
14.25,0.865584364135126
14.26,0.865559179958098
14.27,0.865534026680103
14.28,0.865509008814136
14.29,0.865483824504868
14.30,0.865458872846726
14.31,0.865433853217186
14.32,0.86540886876447
14.33,0.865383915220626
14.34,0.865358995485688
14.35,0.865334208666035
14.36,0.865309355189705
14.37,0.86528463535866
14.38,0.865259846291089
14.39,0.865235190321697
14.40,0.865210465696514
14.41,0.865185875238901
14.42,0.865161216341095
14.43,0.865136690596021
14.44,0.865112197149921
14.45,0.86508773558345
14.46,0.865063307800799
14.47,0.865038909416782
14.48,0.865014543900334
14.49,0.864990210421236
14.50,0.864965908448556
14.51,0.864941637010402
14.52,0.864917500801263
14.53,0.864893294118948
14.54,0.864869117671056
14.55,0.864844973117664
14.56,0.864820963704538
14.57,0.864796881500674
14.58,0.86477293314714
14.59,0.864749013606507
14.60,0.864725026608702
14.61,0.864701171371709
14.62,0.864677246913111
14.63,0.864653453482371
14.64,0.864629687940708
14.65,0.864605856879242
14.66,0.864582257004007
14.67,0.864558483823258
14.68,0.864534945523276
14.69,0.864511234929194
14.70,0.864487758164655
14.71,0.864464208905128
14.72,0.864440690111078
14.73,0.864417202911573
14.74,0.864393746189089
14.75,0.864370416318315
14.76,0.86434701992471
14.77,0.864323751161951
14.78,0.864300416346766
14.79,0.864277206717721
14.80,0.864253930589428
14.81,0.864230783684823
14.82,0.864207563472107
14.83,0.864184376117664
14.84,0.864161418554753
14.85,0.864138287441475
14.86,0.864115290830321
14.87,0.864092319745931
14.88,0.864069377648314
14.89,0.864046466453154
14.90,0.864023585045248
14.91,0.864000732920889
14.92,0.863977907344134
14.93,0.863955111904831
14.94,0.863932346301232
14.95,0.863909710654194
14.96,0.863887001547937
14.97,0.863864321746487
14.98,0.863841772669712
14.99,0.863819149671922
15.00,0.863796554567153
15.01,0.863774090643442
15.02,0.863751553714534
15.03,0.863729146976394
15.04,0.863706768767091
15.05,0.863684316237201
15.06,0.863661993890195
15.07,0.863639700962413
15.08,0.863617433048172
15.09,0.863595194788437
15.10,0.863572984260283
15.11,0.863550803910103
15.12,0.863528648191077
15.13,0.863506421561062
15.14,0.863484322029304
15.15,0.863462353625312
15.16,0.863440208715599
15.17,0.863418294030834
15.18,0.863396305504637
15.19,0.863374444969546
15.20,0.863352513166631
15.21,0.863330605738837
15.22,0.863308729166655
15.23,0.863286977112482
15.24,0.863265254084651
15.25,0.863243458743066
15.26,0.863221787493211
15.27,0.863200046631092
15.28,0.863178432178955
15.29,0.863156843207505
15.30,0.863135180220634
15.31,0.86311364643778
15.32,0.863092140166331
15.33,0.86307065901748
15.34,0.863049102384466
15.35,0.863027674669951
15.36,0.863006274529069
15.37,0.862984999375962
15.38,0.86296355146358
15.39,0.862942327991619
15.40,0.862921032150234
15.41,0.86289976393556
15.42,0.862878521322078
15.43,0.862857305136897
15.44,0.862836213901884
15.45,0.862815048377048
15.46,0.862794011314307
15.47,0.862772896890801
15.48,0.862751911849268
15.49,0.862730851095602
15.50,0.862709915797275
15.51,0.862688905658235
15.52,0.862668024083174
15.53,0.862647065467118
15.54,0.862626234082364
15.55,0.862605426305969
15.56,0.862584545215894
15.57,0.862563789541868
15.58,0.86254305927278
15.59,0.862522356154674
15.60,0.862501674944872
15.61,0.862481021647719
15.62,0.862460393541281
15.63,0.862439787828221
15.64,0.862419208908042
15.65,0.862398656396081
15.66,0.862378225721187
15.67,0.862357721973818
15.68,0.862337242799782
15.69,0.862316789307212
15.70,0.862296461114169
15.71,0.86227605605484
15.72,0.86225567628992
15.73,0.862235421024109
15.74,0.86221508891581
15.75,0.86219488375642
15.76,0.862174601847091
15.77,0.862154445459801
15.78,0.862134311804523
15.79,0.862114204653822
15.80,0.862094018974247
15.81,0.86207395960496
15.82,0.862053923521534
15.83,0.862033812991559
15.84,0.86201382575338
15.85,0.861993861261882
15.86,0.861973923044208
15.87,0.861954006355339
15.88,0.861934115609188
15.89,0.861914246675576
15.90,0.861894404251705
15.91,0.861874585134606
15.92,0.861854786178784
15.93,0.861835016427806
15.94,0.861815264881285
15.95,0.861795639660848
15.96,0.861775939404513
15.97,0.861756360325398
15.98,0.861736604629456
15.99,0.861717074191829
16.00,0.861697465262302
16.01,0.861677980202492
16.02,0.861658417526316
16.03,0.861638980060939
16.04,0.861619564580628
16.05,0.86160007212423
16.06,0.861580703141641
16.07,0.86156125817127
16.08,0.861541932541015
16.09,0.861522634234454
16.10,0.86150335535427
16.11,0.86148400210821
16.12,0.861464769118345
16.13,0.861445561813766
16.14,0.861426376249222
16.15,0.861407211171904
16.16,0.861388069820874
16.17,0.861368953086599
16.18,0.861349856707717
16.19,0.861330781924175
16.20,0.861311732416562
16.21,0.86129270643844
16.22,0.861273698961614
16.23,0.86125471570366
16.24,0.861235852787232
16.25,0.861216913260452
16.26,0.861198096563776
16.27,0.861179201817669
16.28,0.861160328082633
16.29,0.861141577969244
16.30,0.861122749300014
16.31,0.861104042318623
16.32,0.861085258848296
16.33,0.861066593365174
16.34,0.861047851395465
16.35,0.861029232950764
16.36,0.861010535673432
16.37,0.860991957240542
16.38,0.860973403906039
16.39,0.860954873555234
16.40,0.860936260741803
16.41,0.860917770529599
16.42,0.860899303375332
16.43,0.860880854592023
16.44,0.860862430757394
16.45,0.860844027052476
16.46,0.860825644934731
16.47,0.860807283190558
16.48,0.860788943361728
16.49,0.860770624831769
16.50,0.860752325418583
16.51,0.860734050856021
16.52,0.860715794471154
16.53,0.86069766092009
16.54,0.860679445872214
16.55,0.860661255078673
16.56,0.860643083637237
16.57,0.860625032285246
16.58,0.860606903049394
16.59,0.860588893223855
16.60,0.860570803462097
16.61,0.86055273677892
16.62,0.860534789395783
16.63,0.860516763716133
16.64,0.860498858017449
16.65,0.860480872124455
16.66,0.860463009514859
16.67,0.860445166244132
16.68,0.860427339710841
16.69,0.860409435628193
16.70,0.860391655062307
16.71,0.860373891529786
16.72,0.860356050069004
16.73,0.86033832748791
16.74,0.86032062548814
16.75,0.860302942107886
16.76,0.860285281903686
16.77,0.860267640996186
16.78,0.860250018497368
16.79,0.860232417289376
16.80,0.860214836320104
16.81,0.860197175837542
16.82,0.86017973209463
16.83,0.860162211379723
16.84,0.860144709991524
16.85,0.860127225769088
16.86,0.860109863969121
16.87,0.86009242131933
16.88,0.860074997582846
16.89,0.860057594117569
16.90,0.860040210976076
16.91,0.860022945702347
16.92,0.860005601500104
16.93,0.859988377226123
16.94,0.859971070238777
16.95,0.859953882891562
16.96,0.859936617573127
16.97,0.859919469578218
16.98,0.859902241647572
16.99,0.859885131367392
17.00,0.859867941181148
17.01,0.859850869527112
17.02,0.859833818417355
17.03,0.859816684525575
17.04,0.859799672063886
17.05,0.859782678161952
17.06,0.859765703528418
17.07,0.859748745859428
17.08,0.859731808273105
17.09,0.85971478847226
17.10,0.859697887883207
17.11,0.859681007455537
17.12,0.859664147320638
17.13,0.859647304488998
17.14,0.859630477983339
17.15,0.859613671971719
17.16,0.859596884633293
17.17,0.85958021538205
17.18,0.859563365501003
17.19,0.859546733278666
17.20,0.859530019878632
17.21,0.859513324983255
17.22,0.859496750769112
17.23,0.859479990397629
17.24,0.859463453007678
17.25,0.859446829753366
17.26,0.859430328774576
17.27,0.859413741827296
17.28,0.859397276618335
17.29,0.859380728431583
17.30,0.85936419814012
17.31,0.859347786007494
17.32,0.859331292704711
17.33,0.85931491613879
17.34,0.859298459797135
17.35,0.859282118925177
17.36,0.859265796165244
17.37,0.859249393985236
17.38,0.859233107207124
17.39,0.859216840124284
17.40,0.859200588543766
17.41,0.859184256105672
17.42,0.859168042988222
17.43,0.8591518441704
17.44,0.859135663230653
17.45,0.859119402466
17.46,0.859103358268408
17.47,0.859087132613553
17.48,0.859071024606717
17.49,0.859054931913797
17.50,0.85903885872123
17.51,0.859022801167533
17.52,0.859006763089883
17.53,0.85899084067463
17.54,0.858974734492685
17.55,0.858958849935278
17.56,0.858942879278934
17.57,0.858926926460217
17.58,0.858910992223376
17.59,0.858895173596748
17.60,0.858879271194424
17.61,0.858863387026843
17.62,0.85884752143392
17.63,0.858831672491178
17.64,0.858815939653265
17.65,0.858800124350536
17.66,0.858784426383078
17.67,0.858768644288207
17.68,0.858752979537018
17.69,0.858737230406772
17.70,0.858721499008274
17.71,0.858705885717711
17.72,0.858690287042122
17.73,0.858674607677386
17.74,0.858659044959952
17.75,0.85864349668145
17.76,0.858627865212564
17.77,0.858612351390328
17.78,0.85859685502019
17.79,0.858581274266059
17.80,0.85856580982252
17.81,0.858550361224181
17.82,0.858534932039797
17.83,0.858519414979211
17.84,0.858504118119945
17.85,0.858488634235384
17.86,0.858473269847904
17.87,0.858457919267763
17.88,0.858442585989427
17.89,0.858427269826032
17.90,0.858411968094524
17.91,0.858396684458562
17.92,0.858381416122912
17.93,0.858366265727624
17.94,0.858350927500707
17.95,0.858335808688968
17.96,0.858320605549695
17.97,0.858305416979187
17.98,0.858290244846017
17.99,0.858275089516514
18.00,0.858259949494481
18.01,0.858244826117249
18.02,0.85822981623947
18.03,0.858214724529771
18.04,0.858199748476893
18.05,0.858184688588437
18.06,0.858169743956182
18.07,0.858154713274529
18.08,0.858139699631215
18.09,0.858124802328102
18.10,0.858109818690734
18.11,0.858094952698568
18.12,0.85808000141022
18.13,0.85806516854739
18.14,0.858050247707972
18.15,0.858035442158254
18.16,0.858020654628307
18.17,0.858005780439446
18.18,0.857991022571473
18.19,0.857976279970789
18.20,0.857961453419508
18.21,0.857946741488131
18.22,0.857932043817795
18.23,0.85791726186238
18.24,0.857902696608904
18.25,0.857887945358195
18.26,0.857873310064892
18.27,0.857858688953656
18.28,0.857844082892512
18.29,0.857829492855364
18.30,0.857814917928626
18.31,0.857800357141924
18.32,0.857785712873952
18.33,0.85777128324957
18.34,0.857756766930348
18.35,0.857742267717308
18.36,0.85772778038532
18.37,0.857713311339928
18.38,0.857698856817255
18.39,0.857684413311699
18.40,0.857669987330518
18.41,0.857655578373662
18.42,0.857641280387643
18.43,0.857626899267118
18.44,0.857612532175562
18.45,0.857598178916632
18.46,0.857583943448696
18.47,0.857569619791168
18.48,0.857555411094729
18.49,0.857541115931351
18.50,0.857526836969991
18.51,0.85751267061765
18.52,0.857498421966505
18.53,0.857484285531311
18.54,0.857470064477403
18.55,0.857455857984061
18.56,0.857441765463289
18.57,0.857427685267838
18.58,0.857413521220938
18.59,0.857399372283058
18.60,0.857385336848026
18.61,0.857371314945726
18.62,0.857357306115647
18.63,0.857343215579548
18.64,0.85732923587534
18.65,0.857315173169738
18.66,0.857301221349396
18.67,0.857287285061068
18.68,0.857273362895622
18.69,0.857259454952363
18.70,0.857245458949613
18.71,0.857231580394839
18.72,0.857217715203144
18.73,0.857203863082002
18.74,0.857190022896662
18.75,0.857176198207887
18.76,0.857162287915017
18.77,0.857148591887552
18.78,0.857134807919846
18.79,0.857120938308225
18.80,0.857107284098373
18.81,0.85709354178532
18.82,0.857079814625218
18.83,0.857066099173873
18.84,0.857052399331518
18.85,0.857038712466532
18.86,0.857025039160028
18.87,0.857011377666879
18.88,0.856997732322374
18.89,0.856984201169146
18.90,0.856970581232455
18.91,0.856956974236808
18.92,0.856943381952224
18.93,0.856929903933032
18.94,0.856916338922373
18.95,0.856902788180501
18.96,0.856889349083049
18.97,0.856875822808172
18.98,0.856862311816207
18.99,0.856848913227389
19.00,0.856835426922272
19.01,0.856822053826533
19.02,0.856808596563281
19.03,0.856795149987025
19.04,0.856781817893925
19.05,0.856768399313482
19.06,0.856755092527286
19.07,0.8567418000537
19.08,0.856728418847426
19.09,0.856715153556221
19.10,0.856701796769448
19.11,0.856688557185044
19.12,0.856675329240263
19.13,0.856662114389799
19.14,0.856648812253996
19.15,0.856635623075513
19.16,0.856622347319747
19.17,0.85660928355007
19.18,0.856596032539456
19.19,0.856582896007352
19.20,0.856569770607136
19.21,0.856556559591298
19.22,0.856543559219397
19.23,0.856530371669916
19.24,0.856517299032117
19.25,0.856504237191657
19.26,0.856491188449739
19.27,0.856478153205415
19.28,0.856465130306197
19.29,0.856452119340034
19.30,0.856439122092396
19.31,0.856426134974607
19.32,0.856413161578461
19.33,0.856400202823817
19.34,0.856387253775618
19.35,0.856374318630386
19.36,0.856361394870038
19.37,0.856348582806375
19.38,0.856335685623341
19.39,0.856322699850034
19.40,0.856309925196968
19.41,0.856297066187136
19.42,0.856284215773028
19.43,0.856271478250452
19.44,0.856258654865156
19.45,0.856245841000192
19.46,0.856233042520668
19.47,0.856220355428518
19.48,0.856207577912703
19.49,0.85619481521337
19.50,0.856182163488514
19.51,0.856169424522363
19.52,0.856156797320172
19.53,0.856144080681775
19.54,0.856131378659001
19.55,0.856118788635888
19.56,0.856106108322294
19.57,0.856093542678176
19.58,0.856080885948355
19.59,0.856068341957496
19.60,0.856055812171381
19.61,0.856043192216182
19.62,0.856030684023951
19.63,0.856018088514548
19.64,0.856005604946738
19.65,0.855993033098858
19.66,0.855980572698524
19.67,0.85596812500329
19.68,0.85595558727977
19.69,0.85594316134958
19.70,0.855930748261737
19.71,0.855918346932594
19.72,0.855905856428102
19.73,0.855893577500976
19.74,0.855881111778383
19.75,0.855868756300045
19.76,0.855856412117478
19.77,0.855843980966701
19.78,0.855831759584338
19.79,0.855819349301149
19.80,0.85580705411673
19.81,0.855794766483411
19.82,0.855782492865257
19.83,0.85577022842896
19.84,0.855757977254307
19.85,0.855745735778682
19.86,0.855733506930622
19.87,0.85572128829803
19.88,0.855709083391427
19.89,0.855696888893999
19.90,0.855684703573663
19.91,0.855672531945217
19.92,0.855660369507488
19.93,0.85564831940776
19.94,0.855636181002758
19.95,0.855624052367604
19.96,0.855611936493052
19.97,0.855599832121615
19.98,0.855587735528608
19.99,0.855575653647108
20.00,0.855563681864859
20.01,0.855551619390822
20.02,0.855539669938002
20.03,0.855527629358427
20.04,0.855515602182271
20.05,0.855503586362786
20.06,0.855491679774936
20.07,0.855479685478914
20.08,0.855467699779331
20.09,0.855455826959163
20.10,0.855443864790459
20.11,0.855432012339529
20.12,0.855420072886512
20.13,0.855408242711191
20.14,0.855396323111024
20.15,0.855384515172267
20.16,0.855372616775755
20.17,0.855360730688168
20.18,0.855348954568069
20.19,0.855337087990637
20.20,0.855325333365771
20.21,0.85531359082172
20.22,0.855301757714465
20.23,0.855290034796622
20.24,0.855278322021781
20.25,0.855266520036966
20.26,0.855254829496675
20.27,0.855243149065758
20.28,0.855231378868474
20.29,0.855219719342395
20.30,0.855208071458173
20.31,0.855196434286268
20.32,0.85518470358852
20.33,0.85517308663044
20.34,0.855161480654338
20.35,0.855149884619304
20.36,0.855138197112188
20.37,0.85512662116262
20.38,0.855115055675083
20.39,0.855103500468034
20.40,0.855091957126458
20.41,0.855080421182299
20.42,0.855068896461254
20.43,0.855057381979721
20.44,0.855045878307833
20.45,0.855034384403547
20.46,0.855022902204114
20.47,0.855011428770798
20.48,0.854999965584072
20.49,0.854988510949749
20.50,0.854976969276206
20.51,0.854965635022891
20.52,0.854954213971486
20.53,0.854942799933785
20.54,0.854931399460468
20.55,0.854920006944156
20.56,0.854908623800568
20.57,0.854897250607365
20.58,0.854885988617406
20.59,0.854874636441627
20.60,0.854863294673179
20.61,0.854851959537224
20.62,0.854840637912729
20.63,0.854829325865551
20.64,0.854818122685977
20.65,0.854806828923009
20.66,0.854795546430145
20.67,0.854784372882339
20.68,0.854773109610596
20.69,0.854761955124848
20.70,0.854750711711423
20.71,0.854739476330466
20.72,0.85472825167802
20.73,0.854717136002625
20.74,0.854705931559343
20.75,0.8546948358736
20.76,0.854683649185437
20.77,0.854672472074812
20.78,0.854661405115651
20.79,0.854650249259524
20.80,0.854639202387917
20.81,0.854628165127029
20.82,0.854617036016312
20.83,0.85460601824247
20.84,0.854594907672498
20.85,0.854583907880138
20.86,0.854572816889528
20.87,0.854561836689382
20.88,0.85455076688508
20.89,0.854539805095843
20.90,0.854528851562684
20.91,0.854517909420041
20.92,0.85450687527432
20.93,0.854495950734076
20.94,0.85448493474778
20.95,0.854474029033893
20.96,0.854463134382864
20.97,0.854452245699591
20.98,0.854441268814581
20.99,0.854430399404938
21.00,0.854419540151778
21.01,0.85440869033643
21.02,0.854397849320127
21.03,0.854386917772522
21.04,0.854376095950038
21.05,0.854365281820326
21.06,0.854354477599304
21.07,0.854343681458496
21.08,0.854332898405623
21.09,0.854322121563979
21.10,0.854311251784016
21.11,0.854300593522777
21.12,0.85428974402543
21.13,0.854279105329036
21.14,0.854268273282322
21.15,0.85425755061066
21.16,0.85424683722825
21.17,0.854236131650174
21.18,0.85422543677831
21.19,0.854214748054034
21.20,0.854204170720978
21.21,0.854193401989935
21.22,0.854182843230326
21.23,0.854172189574362
21.24,0.854161548919843
21.25,0.854150915036196
21.26,0.854140289475023
21.27,0.854129776145633
21.28,0.854119066550681
21.29,0.854108569460447
21.30,0.854097979136258
21.31,0.85408739971149
21.32,0.854076827710808
21.33,0.854066364433612
21.34,0.85405580825972
21.35,0.854045262929976
21.36,0.854034724569011
21.37,0.854024295366721
21.38,0.854013775301049
21.39,0.854003264866166
21.40,0.853992862550675
21.41,0.853982369365588
21.42,0.853971882223672
21.43,0.85396150593162
21.44,0.853951037709774
21.45,0.853940675591684
21.46,0.853930226001036
21.47,0.85391978087946
21.48,0.853909446669246
21.49,0.85389902034206
21.50,0.853888703444332
21.51,0.853878293475384
21.52,0.85386799254471
21.53,0.853857700582591
21.54,0.853847316650075
21.55,0.853836939652116
21.56,0.85382667360341
21.57,0.853816313382228
21.58,0.853806062248044
21.59,0.853795719872493
21.60,0.853785486148322
21.61,0.853775259625182
21.62,0.853764940692848
21.63,0.853754732622907
21.64,0.853744531182228
21.65,0.853734239616526
21.66,0.853724053338338
21.67,0.853713877988984
21.68,0.853703607343524
21.69,0.853693448279244
21.70,0.853683296718824
21.71,0.8536731528018
21.72,0.853662916260164
21.73,0.853652788995412
21.74,0.853642667298134
21.75,0.853632456799879
21.76,0.853622353540535
21.77,0.85361225673357
21.78,0.853602170010216
21.79,0.853592089544552
21.80,0.85358201805215
21.81,0.853571853511007
21.82,0.853561798880849
21.83,0.853551751658807
21.84,0.853541710855802
21.85,0.853531678772148
21.86,0.853521655269986
21.87,0.853511639419694
21.88,0.853501630749637
21.89,0.853491630315804
21.90,0.853481637825398
21.91,0.853471653666318
21.92,0.853461675767351
21.93,0.853451705996224
21.94,0.853441744803781
21.95,0.853431791343628
21.96,0.853421845091529
21.97,0.853411907239005
21.98,0.853401976893484
21.99,0.853392054436669
22.00,0.853382137834972
22.01,0.853372230830044
22.02,0.853362430735156
22.03,0.853352539262838
22.04,0.853342554189603
22.05,0.853332777284525
22.06,0.853322908553118
22.07,0.853313047895674
22.08,0.853303194504962
22.09,0.853293446123765
22.10,0.853283607128388
22.11,0.853273777143755
22.12,0.853263952043487
22.13,0.853254236371419
22.14,0.853244428024973
22.15,0.853234627132519
22.16,0.853224832577852
22.17,0.853215145932729
22.18,0.853205365697336
22.19,0.853195595314183
22.20,0.853185930238986
22.21,0.853176174645959
22.22,0.853166525662813
22.23,0.853156782443012
22.24,0.853147047268367
22.25,0.853137421225883
22.26,0.853127700146123
22.27,0.853117988353419
22.28,0.853108382444298
22.29,0.853098684068952
22.30,0.853089094080132
22.31,0.853079410496212
22.32,0.853069734297245
22.33,0.85306016443147
22.34,0.853050601113078
22.35,0.853040947417181
22.36,0.853031400014469
22.37,0.853021758916856
22.38,0.853012228254684
22.39,0.85300260010082
22.40,0.852993081701899
22.41,0.852983469423456
22.42,0.852973965066528
22.43,0.852964468402645
22.44,0.852954876761528
22.45,0.852945393887217
22.46,0.852935817588939
22.47,0.852926347471714
22.48,0.852916886121891
22.49,0.85290733021467
22.50,0.852897882592976
22.51,0.852888440572246
22.52,0.852879005936682
22.53,0.852869479285251
22.54,0.852860057589942
22.55,0.852850644426714
22.56,0.852841238317498
22.57,0.852831737435778
22.58,0.852822344781679
22.59,0.852812959611092
22.60,0.852803581225528
22.61,0.852794108317855
22.62,0.852784743326908
22.63,0.852775384977532
22.64,0.852766033347096
22.65,0.852756689389097
22.66,0.852747249966746
22.67,0.85273791899757
22.68,0.852728594993048
22.69,0.852719275684521
22.70,0.852709965819328
22.71,0.85270066253654
22.72,0.852691362975696
22.73,0.852682072906917
22.74,0.852672788569294
22.75,0.852663511754249
22.76,0.852654239412721
22.77,0.852644974487475
22.78,0.852635717977818
22.79,0.852626468217596
22.80,0.852617223278109
22.81,0.852607984708449
22.82,0.852598753689474
22.83,0.852589529284895
22.84,0.852580311142187
22.85,0.85257109868251
22.86,0.852561892834381
22.87,0.852552694901796
22.88,0.852543504119367
22.89,0.852534318511284
22.90,0.852525139751454
22.91,0.852516066374593
22.92,0.852506900105272
22.93,0.852497740940992
22.94,0.852498133424782
22.95,0.852489369253784
22.96,0.852480612160546
22.97,0.852471864207144
22.98,0.852463220090298
22.99,0.852454482789679
23.00,0.852445854424592
23.01,0.85243703142961
23.02,0.852428414149449
23.03,0.852419706816666
23.04,0.852411004778134
23.05,0.852402410706759
23.06,0.852393721602823
23.07,0.852385040271012
23.08,0.852376363965424
23.09,0.852367797326284
23.10,0.852359135273471
23.11,0.852350481209526
23.12,0.852341933505748
23.13,0.852333293371642
23.14,0.852324760603856
23.15,0.852316132662263
23.16,0.852307510502508
23.17,0.852298997665981
23.18,0.852290390750309
23.19,0.852281888676602
23.20,0.852273296619184
23.21,0.852264709881622
23.22,0.852256228479536
23.23,0.852247653706036
23.24,0.852239187802314
23.25,0.852230626989687
23.26,0.852222173900582
23.27,0.852213727482293
23.28,0.852205185438488
23.29,0.85219665168786
23.30,0.852188226061386
23.31,0.852179704781063
23.32,0.852171290445336
23.33,0.852162782031586
23.34,0.85215438119939
23.35,0.852145886863824
23.36,0.852137497438285
23.37,0.852129118162036
23.38,0.852120643020734
23.39,0.852112274215066
23.40,0.85210391281237
23.41,0.852095458705776
23.42,0.852087109685624
23.43,0.852078767880052
23.44,0.852070331799692
23.45,0.852062001942554
23.46,0.852053680814309
23.47,0.852045363263556
23.48,0.852036954211988
23.49,0.852028649599119
23.50,0.852020352668298
23.51,0.852011961735939
23.52,0.852003677748898
23.53,0.85199540023731
23.54,0.851987129535786
23.55,0.851978765438234
23.56,0.851970504594768
23.57,0.851962253851194
23.58,0.851954008494387
23.59,0.851945768563134
23.60,0.851937534143839
23.61,0.851929207477796
23.62,0.851920988766797
23.63,0.85191277483001
23.64,0.851904565416547
23.65,0.851896363930262
23.66,0.851888069167712
23.67,0.851879981661788
23.68,0.851871696140692
23.69,0.851863520912904
23.70,0.851855349749276
23.71,0.851847187023436
23.72,0.851839028808576
23.73,0.851830877870572
23.74,0.851822733058512
23.75,0.85181459436656
23.76,0.851806461540309
23.77,0.851798333652936
23.78,0.851790214493239
23.79,0.851782100509918
23.80,0.851773992493208
23.81,0.851765889917067
23.82,0.851757795375726
23.83,0.85174970564328
23.84,0.851741621614542
23.85,0.851733544092027
23.86,0.851725474074544
23.87,0.851717408301754
23.88,0.85170945054812
23.89,0.851701397030158
23.90,0.85169335105554
23.91,0.851685310375781
23.92,0.851677276378448
23.93,0.851669247940196
23.94,0.851661224584242
23.95,0.851653208397894
23.96,0.851645298256091
23.97,0.851637295990312
23.98,0.851629296358742
23.99,0.851621305734715
24.00,0.851613418509908
24.01,0.851605338517902
24.02,0.851597465608899
24.03,0.851589495518291
24.04,0.851581534114842
24.05,0.851573679149839
24.06,0.85156572882836
24.07,0.851557784457735
24.08,0.851549845876236
24.09,0.851542013907092
24.10,0.851534086817674
24.11,0.851526167681946
24.12,0.851518252304609
24.13,0.851510443028472
24.14,0.851502541907565
24.15,0.851494644946424
24.16,0.851486855648296
24.17,0.851478968810018
24.18,0.851471190351215
24.19,0.85146331810756
24.20,0.851455550119196
24.21,0.851447688008724
24.22,0.851439832629429
24.23,0.851432084005237
24.24,0.851424238735599
24.25,0.851416400856669
24.26,0.85140866722472
24.27,0.851400843039169
24.28,0.851393121311678
24.29,0.85138530546753
24.30,0.851377597492125
24.31,0.851369793616449
24.32,0.851361995679445
24.33,0.851354305805298
24.34,0.851346620153812
24.35,0.851338838382875
24.36,0.851331164253993
24.37,0.851323395425146
24.38,0.851315732980355
24.39,0.851307975530086
24.40,0.851300324595128
24.41,0.851292578036699
24.42,0.851284937537432
24.43,0.851277202475646
24.44,0.851269573980073
24.45,0.851261950645955
24.46,0.85125423387592
24.47,0.851246622217074
24.48,0.851238916315326
24.49,0.851231316043291
24.50,0.851223722052719
24.51,0.851216031117293
24.52,0.851208448582908
24.53,0.851200870212969
24.54,0.851193298000798
24.55,0.85118563051666
24.56,0.851178069852646
24.57,0.851170414718514
24.58,0.851162862390888
24.59,0.851155319558066
24.60,0.851147779875139
24.61,0.851140147703358
24.62,0.851132619226922
24.63,0.851125098466099
24.64,0.851117581810351
24.65,0.851109970122165
24.66,0.851102464954276
24.67,0.851094964730388
24.68,0.851087469772062
24.69,0.851079980445017
24.70,0.851072496542153
24.71,0.851064918493986
24.72,0.851057447346736
24.73,0.851049980341712
24.74,0.851042517461302
24.75,0.851034960728711
24.76,0.851027511090682
24.77,0.851020066328791
24.78,0.851012625240423
24.79,0.851005190278641
24.80,0.850997762535834
24.81,0.850990339126969
24.82,0.850982921622808
24.83,0.850975508549415
24.84,0.850968000920852
24.85,0.850960699402548
24.86,0.850953302999689
24.87,0.850945911721539
24.88,0.850938426716423
24.89,0.850931045477354
24.90,0.850923671073399
24.91,0.850916302049616
24.92,0.850908936551017
24.93,0.850901578818728
24.94,0.850894224848516
24.95,0.850886876184462
24.96,0.850879533252533
24.97,0.850872196866494
24.98,0.850864962685681
24.99,0.850857536146071
