0.01,0.4730020739331325618381190668
0.02,0.4418314662719912641065842902
0.03,0.4411088569773755944543288087
0.04,0.4566964059849522064193635189
0.05,0.4652142950090633413991824428
0.06,0.4702145769844335493064473421
0.07,0.4732869045909057402983953316
0.08,0.4752186177314568349047189323
0.09,0.4764358231405754995825559885
0.10,0.4771856637324931209789487275
0.11,0.4776195174187163809832077562
0.12,0.4778342058484312900286792073
0.13,0.4778938786635951690482139167
0.14,0.4778422948000147995088040736
0.15,0.4777100312446756379880955255
0.16,0.4775188918333285012001773173
0.17,0.4772846967591363545991786285
0.18,0.4770190866294929375892233577
0.19,0.4767307394297803005930293364
0.20,0.4764261849089320882922509624
0.21,0.4761103820169110702623588799
0.22,0.4757871222558016663451168275
0.23,0.4754593185923501695920021216
0.24,0.4751292236505045531242693780
0.25,0.4747985741479202239631238726
0.26,0.4750120376746372164205644941
0.27,0.4752271728633095010725809740
0.28,0.4754449469178785540402599253
0.29,0.4756661394512655120974784027
0.30,0.4758908878082246461483193487
0.31,0.4761197077790823231991669184
0.32,0.4763530217882027195289463545
0.33,0.4765906822215886991751129581
0.34,0.4768331405380733890785524745
0.35,0.4770801440840031947578054740
0.36,0.4773318935522492609030754414
0.37,0.4775885639022161414341668708
0.38,0.4778498077571537010257293952
0.39,0.4781159212710458528611607879
0.40,0.4783865246343980565818468864
0.41,0.4786617203948863545864392169
0.42,0.4789416021062788612340162029
0.43,0.4792257626195369114206518829
0.44,0.4795144503849721361043343564
0.45,0.4798072495256023858180320281
0.46,0.4801042343624286881068825745
0.47,0.4804054813968145148493055936
0.48,0.4807105700753050680549472457
0.49,0.4810195723774216241966796824
0.50,0.4813325641761323016560627486
0.51,0.4816491316462211145895379049
0.52,0.4819694918671033502250488321
0.53,0.4822932680827706348034522850
0.54,0.4826204944579975902292382865
0.55,0.4829512837841421470977384554
0.56,0.4832852143198522558342443593
0.57,0.4836225339248956345213973278
0.58,0.4839628356255865280738374986
0.59,0.4843062070050140493527297138
0.60,0.4846527376380947487972507160
0.61,0.4859850546727039295382741166
0.62,0.4872849218395882144837854880
0.63,0.4885875721274505957887188169
0.64,0.4898929388023724215566769073
0.65,0.4912009570385241239346017304
0.66,0.4925115638815704312625063229
0.67,0.4938248624023090073990858833
0.68,0.4951404648787432391372632243
0.69,0.4964584779140404948472998671
0.70,0.4977788456153788557183365051
0.71,0.4991015137409009677981736936
0.72,0.5004264296525029026015579559
0.73,0.5017537064623711527364828083
0.74,0.5030829662108600132180041868
0.75,0.5044143249826436464263660603
0.76,0.5057477360857215814683700717
0.77,0.5070831542001261267269175629
0.78,0.5084205353337621838163413384
0.79,0.5097600009730348602433598316
0.80,0.5111011812656423063097800228
0.81,0.5124442001422861408181554608
0.82,0.5137890185017332422074547798
0.83,0.5151355911565348846031588838
0.84,0.5164839028426114629264861890
0.85,0.5178340532429892971872294728
0.86,0.5191857005124913373480161804
0.87,0.5205389678730854596896657287
0.88,0.5218938224241242100494542263
0.89,0.5232502321807941916435544894
0.90,0.5246081660435149911757434800
0.91,0.528175501572611
0.92,0.538877508159899
0.93,0.58623788485446
0.94,0.66490562836265
0.95,0.743573371870841
0.96,0.822241115379032
0.97,0.900908858887223
0.98,0.979576602395414
0.99,1.0582443459036
1.00,1.1369120894118
1.01,1.21557983291999
1.02,1.29424757642818
1.03,1.37291531993637
1.04,1.45158306344456
1.05,1.5302508069527507172029961959
1.06,1.5308144258457964356019898074
1.07,1.5319268420923578531651690731
1.08,1.5335740042268709893928268445
1.09,1.5357433049859515646390496866
1.10,1.5384245372323727995012746326
1.11,1.5416086044472762885351066427
1.12,1.5452874586344829730046374266
1.13,1.5494543939012149639406493734
1.14,1.5541033379769338122608005817
1.15,1.5592289368916509181319762050
1.16,1.5610935640443449990814003952
1.17,1.5519236457370565703121489551
1.18,1.5431483030107811374921840310
1.19,1.5344341427421300202814589634
1.20,1.5252831592727349335086807633
1.21,1.5164189820606999399306320788
1.22,1.5078141805316231493491689186
1.23,1.4994453563030948110670521962
1.24,1.4912923377609433503297255746
1.25,1.4833372037301844137055311599
1.26,1.4755647024926596088177444173
1.27,1.4679612155009634553818755289
1.28,1.4605146467135662308237888975
1.29,1.4532144423153778038170769072
1.30,1.4460507501307220231257918161
1.31,1.4390151505054775545163895639
1.32,1.4320996732777825631484355339
1.33,1.4252976912372009277933862831
1.34,1.4186023965806689804605414504
1.35,1.4120081868810383677165242249
1.36,1.4055096607984233224386277376
1.37,1.3991020686072820004303476430
1.38,1.3927808115478033687486961720
1.39,1.3865419897300378131522837262
1.40,1.3803816020137079531990311812
1.41,1.3742961638778695774191248761
1.42,1.3682825757201614124281049548
1.43,1.3623376993320632065442291560
1.44,1.3564588933501915811491396099
1.45,1.3506434325050426363679060609
1.46,1.3448889516004623707337182840
1.47,1.3391931901140410637997813492
1.48,1.3345878665151499293979620240
1.49,1.3320601882198255853015289199
1.50,1.3295675785071558178463632933
1.51,1.3271080622736227824653356492
1.52,1.3246802569974822727229143630
1.53,1.3222824689047349766582798006
1.54,1.3199134606803960563077041533
1.55,1.3175717879459271385060317839
1.56,1.3152562698023331577491320171
1.57,1.3129657750722576653133563607
1.58,1.3106990629457466482950177703
1.59,1.3084553302470290032225386479
1.60,1.3062333002612859283996759878
1.61,1.3040323816384875553746921771
1.62,1.3018514754440366399303399581
1.63,1.2996898608144852106656645292
1.64,1.2975467452720439131363403574
1.65,1.2954213332285702503973039719
1.66,1.2933132092022735890542365822
1.67,1.2912213559213908715180268689
1.68,1.2891453813437767442126369936
1.69,1.2870847335288579082662152565
1.70,1.2850387931685810046047297415
1.71,1.2830070128125531364505176347
1.72,1.2809890099983522977839604473
1.73,1.2789843206045695081707609393
1.74,1.2769923542583049684740149716
1.75,1.2750127728537737358742959141
1.76,1.2730453671973828412092927216
1.77,1.2710894958054240952028073118
1.78,1.2691449529393943256979382822
1.79,1.2672114631434724494554071372
1.80,1.2652885194043057872778209872
1.81,1.2633759638833788544888147760
1.82,1.2614734316397076223537870287
1.83,1.2595808643544288067885986707
1.84,1.2576977063297191412075931539
1.85,1.2558239513568175642810142588
1.86,1.2539592229196843050094531017
1.87,1.2521033112201384815957331697
1.88,1.2502561054737534252949082654
1.89,1.2484173673842284552750599064
1.90,1.2465869068688686384221197906
1.91,1.2447645042921284612331207741
1.92,1.2429499623086918752309370195
1.93,1.2411432971481934858005672768
1.94,1.2393440680925466087550006327
1.95,1.2375524327135641771544223267
1.96,1.2357680811967330546654808818
1.97,1.2339908162735933186293958712
1.98,1.2322206796213432681359984833
1.99,1.2304573470447736532407952044
2.00,1.2287009821255391738908721410
2.01,1.2272278472346330323418162449
2.02,1.2257528602501858494096340898
2.03,1.2242849535739821071617965079
2.04,1.2228239609891240720865944905
2.05,1.2213698069053051733523359946
2.06,1.2199224715581553920803838339
2.07,1.2184818883139042754847943910
2.08,1.2170478895838661765159715883
2.09,1.2156205241929351658800952499
2.10,1.2141996453273366213824692828
2.11,1.2127851794215374469397482973
2.12,1.2113771942772999610946580231
2.13,1.2099755197040297225219054472
2.14,1.2085801068055512416365766243
2.15,1.2071909951905803968859724300
2.16,1.2058081294797337156974569614
2.17,1.2044312450681185815001398008
2.18,1.2030604933762881791384357413
2.19,1.2016958124449457011061773004
2.20,1.2003371323228826093511810974
2.21,1.1989843130934165462495387499
2.22,1.1976374692784957833554120170
2.23,1.1962964468660565371155020831
2.24,1.1949612974500456489147666574
2.25,1.1936318378231534508378824878
2.26,1.1923082045318487148819953267
2.27,1.1909901441184816561414720385
2.28,1.1896778755344713715825519395
2.29,1.1883711470482611567290712461
2.30,1.1870699607486679831519865975
2.31,1.1857743696032258235015795799
2.32,1.1844841980177581813251851506
2.33,1.1831995757036194062987119732
2.34,1.1819203124189253077808580814
2.35,1.1806465500722428916354756464
2.36,1.1793780059931709837425565231
2.37,1.1781147997599865139775559375
2.38,1.1768568656353242742723870345
2.39,1.1756042086578747698278647772
2.40,1.1743566670316398867960094424
2.41,1.1731143426137433547575967045
2.42,1.1718771560109034878840120081
2.43,1.1706451397917491830635528827
2.44,1.1694179762947662760085406936
2.45,1.1681960038998234317926761597
2.46,1.1669789310457424008955515014
2.47,1.1657667637714061985967964533
2.48,1.1645595208793291758293049391
2.49,1.1633572085018239902800905930
2.50,1.1621596310851413208665272698
2.51,1.1609668997823756524221784702
2.52,1.1597789169307886065822995772
2.53,1.1585957018501924997635315885
2.54,1.1574170420305445364277007927
2.55,1.1562431474887510197979900968
2.56,1.1550737087735423738886715524
2.57,1.1539089535890045199537710114
2.58,1.1527486562014956229167774269
2.59,1.1515927250655954810908480967
2.60,1.1504413588337413519553857911
2.61,1.1492943643368384873811835902
2.62,1.1481518225286295228128767291
2.63,1.1470134298843098295849165970
2.64,1.1458793895954373126936366392
2.65,1.1447495927646933368472174160
2.66,1.1436240224886896602868165366
2.67,1.1425025881956142873420161441
2.68,1.1413852701287676785478205198
2.69,1.1402719527072813494295326371
2.70,1.1391626239682791757169518548
2.71,1.1380572912559826940079863470
2.72,1.1369560279192112279648725919
2.73,1.1358586189899354465225842028
2.74,1.1347649503445538932888773124
2.75,1.1336752075341123019620348696
2.76,1.1325890822995392531925161043
2.77,1.1315067553759562365488371109
2.78,1.1304281086641065898527167668
2.79,1.1293531135295442452454972898
2.80,1.1282816550949245060632486532
2.81,1.1272137276221583197131452455
2.82,1.1261492969617301528402474013
2.83,1.1250883453906000803191275512
2.84,1.1240307468694094056629719078
2.85,1.1229764946418602233949373934
2.86,1.1219255480578301429487991812
2.87,1.1208778836059658504239554255
2.88,1.1198333805417914741933685719
2.89,1.1187920232968498897738395374
2.90,1.1177538844135986998890896772
2.91,1.1167187244599131265450945932
2.92,1.1156865230388739366646633887
2.93,1.1146573591526431923546232783
2.94,1.1136311006457447603951052662
2.95,1.1126077025733422776800901354
2.96,1.1115871660987236694004732208
2.97,1.1105693352557648364562612798
2.98,1.1095541897067315040625990412
2.99,1.1085418017255903867854439387
3.00,1.1075319294753371807795920528
3.01,1.1065243044972613711235422965
3.02,1.1055865794536442480515613494
3.03,1.1046516903424556075472751802
3.04,1.1037196867511287557559100193
3.05,1.1027903565770659096324182603
3.06,1.1018638334570053142427455160
3.07,1.1009401203045256254648275215
3.08,1.1000191300602301987666935281
3.09,1.0991009797533188233081382574
3.10,1.0981855731984167650883875994
3.11,1.0972728468825991336638669135
3.12,1.0963629954774512773507099268
3.13,1.0954558206888897090685362943
3.14,1.0945515607773976513185809163
3.15,1.0936499018254356008590008486
3.16,1.0927509643822652431219306097
3.17,1.0918548675180083120085606631
3.18,1.0909615095052941043914478137
3.19,1.0900707993492183832847045551
3.20,1.0891828555584998635044385866
3.21,1.0882976740157357174053536192
3.22,1.0874151670230910938282071074
3.23,1.0865354550697927512980151370
3.24,1.0856583292380915300494898728
3.25,1.0847840038869446178413407948
3.26,1.0839123891758640996361772674
3.27,1.0830433920718702512118747892
3.28,1.0821770157833418467217348972
3.29,1.0813134690956637299770702544
3.30,1.0804524460946924306843899310
3.31,1.0795942739175732687130492055
3.32,1.0787386358640768728988463054
3.33,1.0778857556491395438460976923
3.34,1.0770353319093911998908853827
3.35,1.0761876641512437291916719051
3.36,1.0753426567512832819387304039
3.37,1.0745003220602536997637637846
3.38,1.0736605454173753283106958938
3.39,1.0728233558664225055151770846
3.40,1.0719887480298153508402114321
3.41,1.0711568220169223851729612361
3.42,1.0703274802104073935067469672
3.43,1.0695007135244919623594597693
3.44,1.0686765539410844466057871729
3.45,1.0678548741178158671841419982
3.46,1.0670358978892632509848192862
3.47,1.0662193149825072679262163868
3.48,1.0654054367688389569909907099
3.49,1.0645939523731961976614095298
3.50,1.0637850644745494369494248233
3.51,1.0629787774410246946447476539
3.52,1.0621750041666285923261176178
3.53,1.0613736258802168378550996565
3.54,1.0605747556870432332533098430
3.55,1.0597784906382666236467646953
3.56,1.0589846288714457752451325438
3.57,1.0581933631999957616174908198
3.58,1.0574044168397540142787660145
3.59,1.0566179621140298981155680230
3.60,1.0558340161811764153656076288
3.61,1.0550524773237635735960286714
3.62,1.0542733373573929627874307704
3.63,1.0534966949820049168611793948
3.64,1.0527224478169775906413723154
3.65,1.0519506154371946710928002271
3.66,1.0511811678760726843657551075
3.67,1.0504141309239996390513985319
3.68,1.0496495735530055354742742719
3.69,1.0488872151559122480936163890
3.70,1.0481272569420426415606439055
3.71,1.0473697739273383550321122045
3.72,1.0466145848982518887818298183
3.73,1.0458616739424251331333490906
3.74,1.0451111553049002701181789874
3.75,1.0443629162921764672051265845
3.76,1.0436170474577425028718068044
3.77,1.0428734474160047619953628351
3.78,1.0421321278667102538521991361
3.79,1.0413930806970830172199612462
3.80,1.0406564010291377285396613647
3.81,1.0399218763906443826149093729
3.82,1.0391897103935611646941916326
3.83,1.0384597095689602835473868153
3.84,1.0377320492582607411775394887
3.85,1.0370065468178420311849369126
3.86,1.0362832926886030738478588868
3.87,1.0355622762405064249485215905
3.88,1.0348433893923214173245769109
3.89,1.0341267438710679681394383879
3.90,1.0334123321751646460824016738
3.91,1.0327000435128040302409415565
3.92,1.0319898822021057008362204920
3.93,1.0312819345715942997221541180
3.94,1.0305761008794195860486917201
3.95,1.0298723762637769099884923854
3.96,1.0291708581301856382835057175
3.97,1.0284714361227385166562806584
3.98,1.0277741226645256519452209492
3.99,1.0270788871555891508955302031
4.00,1.0263857454160914100488785211
4.01,1.0257568330115092543331096668
4.02,1.0251298178386519809745336732
4.03,1.0245047674098142518963313531
4.04,1.0238817051116740983527640354
4.05,1.0232606177439004011380251779
4.06,1.0226414038279745598670134394
4.07,1.0220241412637839314115304412
4.08,1.0214088571013946447321916143
4.09,1.0207955314308115833095686994
4.10,1.0201840461509934970010170433
4.11,1.0195745213962924293345565374
4.12,1.0189668559501987344676528590
4.13,1.0183611183803324809361378820
4.14,1.0177572237353768185964455816
4.15,1.0171551556889118666982393781
4.16,1.0165551301430637706158342037
4.17,1.0159568248551617914256488337
4.18,1.0153603402637686914056319004
4.19,1.0147657808737924183430082869
4.20,1.0141730279744294833104198670
4.21,1.0135820880537511605859105758
4.22,1.0129930509187969724029865185
4.23,1.0124056016247980139649230145
4.24,1.0118201611231072130113060035
4.25,1.0112365063693781583184438343
4.26,1.0106545335387478740971152488
4.27,1.0100744398869646709270904765
4.28,1.0094960245184001615080628058
4.29,1.0089193861139340896594927398
4.30,1.0083445099002495204519611677
4.31,1.0077713913447130844840758641
4.32,1.0072000332409755681995257079
4.33,1.0066303187753936872042336551
4.34,1.0060623581673694217937122636
4.35,1.0054961360382302782762858149
4.36,1.0049316471330448103458620327
4.37,1.0043687960525131530839834512
4.38,1.0038075625040335330524158511
4.39,1.0032481466637828943480540002
4.40,1.0026903537926888715886799693
4.41,1.0021341655595236473107045731
4.42,1.0015796828823435203923708649
4.43,1.0010268038430634314905716857
4.44,1.0004756059485583147700697154
4.45,0.9999260068871057126284811109
4.46,0.9993780919590859657009860821
4.47,0.9988317482455646739138621483
4.48,0.9982868725278065741397873955
4.49,0.9977437718023645304006919244
4.50,0.9972022291438122390038991644
4.51,0.9966622435342371805695604831
4.52,0.9961238113468650197500477165
4.53,0.9955869083313537093596712486
4.54,0.9950515629043314880905602672
4.55,0.9945178384233644074124719920
4.56,0.9939856416254293520550566674
4.57,0.9934549689771951755935489644
4.58,0.9929257183127490016458494527
4.59,0.9923980633182346512745154709
4.60,0.9918719327240876735906130578
4.61,0.9913471798356781946651763649
4.62,0.9908240314497145272991028235
4.63,0.9903022730209269530360150191
4.64,0.9897820929601057484661186021
4.65,0.9892633849684269859471919936
4.66,0.9887460544095396377191645032
4.67,0.9882301792384040719849178484
4.68,0.9877157737877768858447031024
4.69,0.9872028156048214656806863388
4.70,0.9866911986306049037107462038
4.71,0.9861811280898056690792015542
4.72,0.9856722918015219068280099902
4.73,0.9851649831711005865965077012
4.74,0.9846590016341578888594265881
4.75,0.9841544293238750290404700606
4.76,0.9836512715192740306816878169
4.77,0.9831494160344734520388281718
4.78,0.9826489685391557357059448244
4.79,0.9821499040601159449606045692
4.80,0.9816521367154802086790220927
4.81,0.9811556428116153385304670656
4.82,0.9806605282033583022197359027
4.83,0.9801667904548002513385815684
4.84,0.9796743005624255642131796757
4.85,0.9791831873706200567219651830
4.86,0.9786933053339072188452846015
4.87,0.9782046897563381531634795736
4.88,0.9777173968245585476166362244
4.89,0.9772313385446245184707035805
4.90,0.9767466149405674058881056771
4.91,0.9762631210417534674752398774
4.92,0.9757808262663602921270949830
4.93,0.9752998420825785769740770194
4.94,0.9748199629873730634954024113
4.95,0.9743414938119365017516098915
4.96,0.9738642068969500600585737288
4.97,0.9733879993711313282080607099
4.98,0.9729130784321358079582481878
4.99,0.9724393262771783653207806891
5.00,0.9719668404303791210029998150
5.01,0.9715644174983681921790912439
5.02,0.9711128470008327807952387274
5.03,0.9706627603607094107502484547
5.04,0.9702141503288863940049163853
5.05,0.9697670206811663622530163152
5.06,0.9693214632947262143030320904
5.07,0.9688772563664792561400926325
5.08,0.9684344943603365382744839374
5.09,0.9679932758804057036828525395
5.10,0.9675533876100028202270777449
5.11,0.9671150203892176929584747604
5.12,0.9666779701594874951962948299
5.13,0.9662424228119457429197327835
5.14,0.9658082678015689058384181808
5.15,0.9653755007940283018471424918
5.16,0.9649440230507858170636446140
5.17,0.9645139090786416275074713638
5.18,0.9640852658998210701813461068
5.19,0.9636578658907499989703577999
5.20,0.9632319110047951251244983803
5.21,0.9628072024223740686374210127
5.22,0.9623838135569091683787332485
5.23,0.9619617527328518907305231146
5.24,0.9615409087224510490887068824
5.25,0.9611214584933940635207072961
5.26,0.9607033096125938546842951536
5.27,0.9602863429391066857561417530
5.28,0.9598706609005444103338221785
5.29,0.9594562556262697760099713063
5.30,0.9590430022649064128639085989
5.31,0.9586311103305425077898818136
5.32,0.9582202688691677274819040680
5.33,0.9578108622583489049356204174
5.34,0.9574024809383249549065043270
5.35,0.9569953343517751919668077864
5.36,0.9565894966336289280689432535
5.37,0.9561846672136003432338903530
5.38,0.9557811354223347973244526052
5.39,0.9553786881107599778455230235
5.40,0.9549774333764989189322860602
5.41,0.9545772493636738208178364572
5.42,0.9541782330332107312044651848
5.43,0.9537802849436903019714850202
5.44,0.9533835721272769798594037736
5.45,0.9529879214957822715200994740
5.46,0.9525932912728245946908426725
5.47,0.9521998008638935565621418935
5.48,0.9518074186688095399736740989
5.49,0.9514160614571313107837236771
5.50,0.9510257965256558443757076964
5.51,0.9506365356075489639025891314
5.52,0.9502483635901199687136248320
5.53,0.9498611810101827191674044923
5.54,0.9494750638671054896246200375
5.55,0.9490900215061655982203767808
5.56,0.9487058327785272169379255838
5.57,0.9483226942440469168934288760
5.58,0.9479406059761574599645535378
5.59,0.9475595446714877690343214637
5.60,0.9471793217845086075770507617
5.61,0.9468001115582139619629177628
5.62,0.9464219240349743446012741832
5.63,0.9460446485047420413468936470
5.64,0.9456682615137153671191060708
5.65,0.9452928632674636823375578424
5.66,0.9449183607789204284804594026
5.67,0.9445448327214537920187435725
5.68,0.9441721686120152983409860877
5.69,0.9438003772880530987612699383
5.70,0.9434295233264752927486796677
5.71,0.9430595305682099356719433621
5.72,0.9426903834562146351278124709
5.73,0.9423221610004330186886716225
5.74,0.9419547640561573706012387432
5.75,0.9415882876829513980014619714
5.76,0.9412225251898354822023689419
5.77,0.9408576694732709023766535059
5.78,0.9404937036711548939733883406
5.79,0.9401304343549807169549221122
5.80,0.9397680499785465967473757623
5.81,0.9394064407847919615597432369
5.82,0.9390456937260251219361924463
5.83,0.9386856169283294444217952544
5.84,0.9383263910790035905743479239
5.85,0.9379679116802387894424180854
5.86,0.9376102820953207258976697470
5.87,0.9372532775418623633367367813
5.88,0.9368970967562542650358757672
5.89,0.9365416499088813073419178572
5.90,0.9361870044949456676073593705
5.91,0.9358329706673518966620657025
5.92,0.9354796346794798464416035056
5.93,0.9351270989848792989055677376
5.94,0.9347752291960410284626776283
5.95,0.9344240551326449722841817840
5.96,0.9340735468005929010461998748
5.97,0.9337238109936963353371326809
5.98,0.9333747264776046370691476247
5.99,0.9330261943247987992607581078
6.00,0.9326784016988897232743347196
6.01,0.9323422052222876380644793436
6.02,0.9320193014668456803650942559
6.03,0.9316973049831751294566445464
6.04,0.9313763057121275979920279586
6.05,0.9310560982553478200556739834
6.06,0.9307367926309935638485424275
6.07,0.9304183721017205001509211784
6.08,0.9301009393826636931653516578
6.09,0.9297843977080377131645752762
6.10,0.9294687272484260824097314558
6.11,0.9291538425201370254743617558
6.12,0.9288399337688870945663572880
6.13,0.9285268945419855531570129904
6.14,0.9282147170451672767524923795
6.15,0.9279034138601797372675054820
6.16,0.9275929681857193270302491663
6.17,0.9272833807221617973206470087
6.18,0.9269746547318801419953636375
6.19,0.9266667818450093350985763219
6.20,0.9263597462971796882335367846
6.21,0.9260535697012165425820558118
6.22,0.9257482345039733126530947565
6.23,0.9254437323193979330793816239
6.24,0.9251400774771328022643973820
6.25,0.9248372506697379707606637067
6.26,0.9245352553716900880840629203
6.27,0.9242340940797325050845059413
6.28,0.9239337594156687885375069713
6.29,0.9236342438626835734470513630
6.30,0.9233354500998270452731246910
6.31,0.9230375697099568921515665647
6.32,0.9227403972055624841602206634
6.33,0.9224441526170842946397658305
6.34,0.9221487018118871822173897838
6.35,0.9218539648187705704414160365
6.36,0.9215600253664772677754633172
6.37,0.9212668850156086860133016296
6.38,0.9209745384114025021897482144
6.39,0.9206830962345590575471504628
6.40,0.9203922431737630009648008628
6.41,0.9201022699081892865881855183
6.42,0.9198130903135202136610251298
6.43,0.9195245959289388423679950296
6.44,0.9192369715287769959206805070
6.45,0.9189500277892194077389460417
6.46,0.9186638595268478549862521897
6.47,0.9183784674164195624396570836
6.48,0.9180938446366078399703908350
6.49,0.9178099852255936648351737166
6.50,0.9175267900739041762704128824
6.51,0.9172443545073522072769592385
6.52,0.9169627794786419566537230134
6.53,0.9166818650813151277077620529
6.54,0.9164017030356128115990630203
6.55,0.9161221872721449374305799728
6.56,0.9158434242400230453885383851
6.57,0.9155654940325398780326460083
6.58,0.9152882267218323385275412517
6.59,0.9150116871477614906980281316
6.60,0.9147358918181131601747024483
6.61,0.9144607308336588537663328913
6.62,0.9141862942744212932807418003
6.63,0.9139126970586726645455507733
6.64,0.9136397265507681896514326938
6.65,0.9133673804619470001535522386
6.66,0.9130958612768828834264169522
6.67,0.9128249625367555448193295232
6.68,0.9125547829628994268188951599
6.69,0.9122852096479748644998877593
6.70,0.9120164550550085168498710131
6.71,0.9117483134655885705770193787
6.72,0.9114808815571392646893487388
6.73,0.9112141494521648612707944321
6.74,0.9109480264786624869972738678
6.75,0.9106827072506890387686087394
6.76,0.9104179839720183839641862726
6.77,0.9101538605230139701813676377
6.78,0.9098904283313965242875825553
6.79,0.9096276841483746583680394810
6.80,0.9093656339914166330075698230
6.81,0.9091042672381784161715980469
6.82,0.9088434947693890689937271641
6.83,0.9085834006006166308694884041
6.84,0.9083239854872481980417107403
6.85,0.9080651555557108307539266785
6.86,0.9078069923031846965708212342
6.87,0.9075494110889568480838214078
6.88,0.9072925888023433538751708793
6.89,0.9070363455930068981355198414
6.90,0.9067807708537814502279427903
6.91,0.9065257595177505152832603041
6.92,0.9062714137073757983546133055
6.93,0.9060177269232682705690614541
6.94,0.9057647020145476248884186281
6.95,0.9055122252047019831281447755
6.96,0.9052604120254281931952417712
6.97,0.9050090433690949274277306716
6.98,0.9047585293805543152789521791
6.99,0.9045085636987339817957518049
7.00,0.9042645024349045425335529105
7.01,0.9040322279105228278046510576
7.02,0.9038006848309908653088537682
7.03,0.9035697556710258077627735485
7.04,0.9033395524418488817354327335
7.05,0.9031100596817623738317315358
7.06,0.9028811881363182976349561972
7.07,0.9026529229332230580791882927
7.08,0.9024254848605856878605450178
7.09,0.9021986384346349265026236937
7.10,0.9019724950853527135817069568
7.11,0.9017469594118581465825409061
7.12,0.9015221327496910263363250458
7.13,0.9012978891233993275444850206
7.14,0.9010743505185640577098739499
7.15,0.9008515009942546726669102389
7.16,0.9006292425608312064857866951
7.17,0.9004076692500187121325101188
7.18,0.9001866930950599509834361662
7.19,0.8999663968591615107648293661
7.20,0.8997467745281554982723337485
7.21,0.8995277389267044560086188210
7.22,0.8993093820205246271398363373
7.23,0.8990915986587708654771364186
7.24,0.8988744794920698768841438543
7.25,0.8986580400576470373034211163
7.26,0.8984421616563757575470196680
7.27,0.8982268585479520968484316369
7.28,0.8980122126905018249432644060
7.29,0.8977982277051848483384631701
7.30,0.8975848062022939230561625794
7.31,0.8973720325059726372429307864
7.32,0.8971598285574414514639497980
7.33,0.8969483680564567830563913212
7.34,0.8967373542475288081622194673
7.35,0.8965270002082775934084480717
7.36,0.8963172878708835343383545616
7.37,0.8961080123184957843436127401
7.38,0.8958994848065163792207835903
7.39,0.8956915004601784839183135084
7.40,0.8954841511634950452843732937
7.41,0.8952773407969157203588911502
7.42,0.8950711612345320761593082961
7.43,0.8948655176567562481637909758
7.44,0.8946605013221355211073365937
7.45,0.8944560080815579005533062179
7.46,0.8942521472237065205290433594
7.47,0.8940488065945916191506587148
7.48,0.8938460848232536638776684570
7.49,0.8936438891301574395305882995
7.50,0.8934423101051296963439261084
7.51,0.8932412430326199111988012219
7.52,0.8930407891530682963208506279
7.53,0.8928409537799427451119210818
7.54,0.8926416181492220471619847393
7.55,0.8924427976031351689648095474
7.56,0.8922445833732214643903538278
7.57,0.8920467708302104456951275896
7.58,0.8918496618110264970597180800
7.59,0.8916531505403487595592836404
7.60,0.8914570500217443838456302769
7.61,0.8912616345127896985257019874
7.62,0.8910666145298119131636468276
7.63,0.8908721874928236481707712610
7.64,0.8906783526505454107915970875
7.65,0.8904849967953801091703845974
7.66,0.8902921411370274967661097465
7.67,0.8900999699345122338840732054
7.68,0.8899081768343107907963110766
7.69,0.8897169656498209961871978736
7.70,0.8895262373981120039236817577
7.71,0.8893360890139566525809956299
7.72,0.8891465110391147561840905276
7.73,0.8889573184082345275973564781
7.74,0.8887687836241416302605321687
7.75,0.8885806310648801657894258173
7.76,0.8883930437412733221141920663
7.77,0.8882060254760441729574889056
7.78,0.8880194686146148429062103376
7.79,0.8878333783218146928886156527
7.80,0.8876478569328347198406578114
7.81,0.8874627883339357911978448085
7.82,0.8872782861603443862946321586
7.83,0.8870942336745778800528261578
7.84,0.8869107338466660146940077478
7.85,0.8867276919355111665344511383
7.86,0.8865451090244860025547588454
7.87,0.8863630708825248214508733400
7.88,0.8861814793282603200144495947
7.89,0.8860004401553278279012069777
7.90,0.8858198438680849000916084073
7.91,0.8856397869397558867540936434
7.92,0.8854601805257394849761847772
7.93,0.8852810104684313751087877646
7.94,0.8851023773643076027129538557
7.95,0.8849241888461085544962724691
7.96,0.8847464255048682230725228058
7.97,0.8845692020251368713659662923
7.98,0.8843925101037050076411501488
7.99,0.8842161575125476889394149746
8.00,0.8840404229837109125044501734
8.01,0.8838651143139951026462435122
8.02,0.8836901419836739138275801229
8.03,0.8835157926084280402063245454
8.04,0.8833418666645835368047566559
8.05,0.8831683607908449693990935192
8.06,0.8829952747312588860411347095
8.07,0.8828227086425975438998645884
8.08,0.8826505584270453237017811691
8.09,0.8824789248311781982864160386
8.10,0.8823077056432833661981282962
8.11,0.8821369981094682004191656913
8.12,0.8819667042849545856441534005
8.13,0.8817968099591108162701611082
8.14,0.8816274347683311192695475975
8.15,0.8814584583379613170236059300
8.16,0.8812898999540281646647242713
8.17,0.8811217348522901468525894662
8.18,0.8809541742736917668426636577
8.19,0.8807869176254580417868304843
8.20,0.8806201520875312493671258994
8.21,0.8804537956570106555180129935
8.22,0.8802879290093353690624118528
8.23,0.8801223620456433340052131772
8.24,0.8799573811027467989246929308
8.25,0.8797926938469262139936715116
8.26,0.8796285022559059516207053012
8.27,0.8794647032564350332706130171
8.28,0.8793013872285938660328626048
8.29,0.8791384601911527010889024517
8.30,0.8789760217895733649906388400
8.31,0.8788138646359127650140167013
8.32,0.8786522824495804404822427441
8.33,0.8784909956359487691781469931
8.34,0.8783301734858925962667706125
8.35,0.8781697462917317360791432995
8.36,0.8780096904848846249337230537
8.37,0.8778501054774776341721842112
8.38,0.8776909005721444541526046128
8.39,0.8775321647530981720262657497
8.40,0.8773737071026147593472313207
8.41,0.8772158141006173806190204098
8.42,0.8770581960534921053761299773
8.43,0.8769010448954458849884752099
8.44,0.8767442561308206682044515519
8.45,0.8765878366013730612105702488
8.46,0.8764318802043851550672454000
8.47,0.8762762936490400452445231705
8.48,0.8761211550896424152905939270
8.49,0.8759662939988435522498038074
8.50,0.8758119784029704488460113243
8.51,0.8756579299123522890504395774
8.52,0.8755043238619924192443504694
8.53,0.8753510917747094174510245749
8.54,0.8751982012738395224236356366
8.55,0.8750456729145846541674707858
8.56,0.8748936917760456537876555850
8.57,0.8747419619320968483903890975
8.58,0.8745906787732438827405602961
8.59,0.8744396425613132125452902992
8.60,0.8742891612632324017377782138
8.61,0.8741389251440015772110540985
8.62,0.8739891315267693624838240314
8.63,0.8738396722718618347488178355
8.64,0.8736906621821770443868536135
8.65,0.8735419049887518551626250276
8.66,0.8733935743019084994714697064
8.67,0.8732456841224333141545185262
8.68,0.8730980296703939866765012636
8.69,0.8729508130777138566283736490
8.70,0.8728040398616393383367442992
8.71,0.8726574930681894853072623751
8.72,0.8725113777026533105965374343
8.73,0.8723655957577505651804039891
8.74,0.8722202444901133923236884384
8.75,0.8720751240495941246782735566
8.76,0.8719304313214499187213679296
8.77,0.8717860684152927348466824426
8.78,0.8716421324851557804655809295
8.79,0.8714985228405530468160815852
8.80,0.8713552278847187706088971321
8.81,0.8712123684838128755883153518
8.82,0.8710697215795072318255922585
8.83,0.8709274979547777291533732056
8.84,0.8707855954623143474509226253
8.85,0.8706441134201219458909636009
8.86,0.8705029409172824487968528579
8.87,0.8703620978334317844360055845
8.88,0.8702215614928537245516233579
8.89,0.8700814329898769691491339192
8.90,0.8699416290117381768604177894
8.91,0.8698021318533394533717518322
8.92,0.8696629476650114808616196841
8.93,0.8695241766560357603802658538
8.94,0.8693857073001041900240685252
8.95,0.8692475504543123882269704019
8.96,0.8691098034001312694361054565
8.97,0.8689722661268557834075474918
8.98,0.8688352271275144609322336921
8.99,0.8686983857388941488196266149
9.00,0.8685619611186519562586250209
9.01,0.8684257231373332181671335137
9.02,0.8682898989150750499078448260
9.03,0.8681544710193368818366799319
9.04,0.8680193438929646893032980707
9.05,0.8678844104277188689821429858
9.06,0.8677498779718067916964095750
9.07,0.8676157373745124484661375662
9.08,0.8674817951516868975327387555
9.09,0.8673482430004751885839083279
9.10,0.8672150877809407833828384860
9.11,0.8670821213698018645482209197
9.12,0.8669495496173580939566923306
9.13,0.8668172649056223143808649123
9.14,0.8666852739429440533449072613
9.15,0.8665535677561784737271400689
9.16,0.8664221535821603083760538969
9.17,0.8662911221151746708167057322
9.18,0.8661604720901572128482491251
9.19,0.8660300125408652110769681892
9.20,0.8658999327157496939653660735
9.21,0.8657701424722842676830362951
9.22,0.8656406290953814507278741532
9.23,0.8655113942470715551139072943
9.24,0.8653825445729335293166215839
9.25,0.8652538714025215194109194199
9.26,0.8651255728646205623598654992
9.27,0.8649976586571885505854096378
9.28,0.8648699170801342435767059406
9.29,0.8647425492958866227321879779
9.30,0.8646154519966156867987514329
9.31,0.8644886364972530712180002716
9.32,0.8643621909622644081938468254
9.33,0.8642360147686365560998326375
9.34,0.8641100168961854007990333858
9.35,0.8639843767240403743154169601
9.36,0.8638591135676838917631849421
9.37,0.8637340176016450034044287777
9.38,0.8636092962336355702169208712
9.39,0.8634848301043108373573207475
9.40,0.8633607380794644923519283136
9.41,0.8632368092169856524962321464
9.42,0.8631132425287533055676317459
9.43,0.8629899380573601923864859716
9.44,0.8628668938398715204155221802
9.45,0.8627441210282165725965710221
9.46,0.8626216967611561616386708271
9.47,0.8624995427645031911848599852
9.48,0.8623776452919799004363181962
9.49,0.8622560057388549635023235719
9.50,0.8621347126990879236711946154
9.51,0.8620135863380266636025151413
9.52,0.8618928141647668556894111979
9.53,0.8617723966757956140926510997
9.54,0.8616521433664127409743642730
9.55,0.8615321331953739941866943588
9.56,0.8614124741387694711910298531
9.57,0.8612930685381549376771136898
9.58,0.8611739117675131586063912545
9.59,0.8610550072499169954440619080
9.60,0.8609364508072443295070402948
9.61,0.8608181543394392191732009719
9.62,0.8607000947696545697688490150
9.63,0.8605822836657819350379075305
9.64,0.8604647182920369990715414332
9.65,0.8603475006316978346196082687
9.66,0.8602305164659929834629675494
9.67,0.8601137885196021526464594201
9.68,0.8599973039911653269772098899
9.69,0.8598811527113543150979034436
9.70,0.8597652537958223845305384752
9.71,0.8596495884624866876869937386
9.72,0.8595341628784207228816518026
9.73,0.8594189790014210248037747413
9.74,0.8593040345677592373167420058
9.75,0.8591894296501839517952756213
9.76,0.8590749633849964341557368499
9.77,0.8589609259205425739831897130
9.78,0.8588470249404226741429668414
9.79,0.8587333616497145765386304241
9.80,0.8586200334171942173095698757
9.81,0.8585069408998149014179504202
9.82,0.8583940744869923643994717708
9.83,0.8582814416441943882659516769
9.84,0.8581690420782386557975096334
9.85,0.8580569755427556796155928238
9.86,0.8579451408797384995228088280
9.87,0.8578335292136809315988838254
9.88,0.8577221473082346602968745107
9.89,0.8576109858199118230235611315
9.90,0.8575001657812067401542975726
9.91,0.8573895643864414969441937765
9.92,0.8572791910240606736017995387
9.93,0.8571690357816839985731486699
9.94,0.8570591178544469261690737166
9.95,0.8569494065364743790939998943
9.96,0.8568400321501962569035353070
9.97,0.8567308724963940238434769771
9.98,0.8566219387399110421883724688
9.99,0.8565132188728373749895420538
10.00,0.8564047329028349045487345888
10.01,0.8563661779344595587327650753
10.02,0.8563237224569374141866661879
10.03,0.8562813382331302369652140705
10.04,0.8562390267302537781631153817
10.05,0.8561967958345470415451476563
10.06,0.8561546467853274556283627793
10.07,0.8561126786644308889952078215
10.08,0.8560707808854095777062737995
10.09,0.8560289550383904810840455145
10.10,0.8559872083461933895650929300
10.11,0.8559455419026362913833091230
10.12,0.8559040471202004997790418093
10.13,0.8558625315866299592964155996
10.14,0.8558211865288658350916910263
10.15,0.8557799210391236308882496231
10.16,0.8557387245412563102469016947
10.17,0.8556977071135453635371955975
10.18,0.8556566598135226354546833499
10.19,0.8556157905963050281119813212
10.20,0.8555749920029679683261370633
10.21,0.8555342703276813290904067560
10.22,0.8554936184478411245268012965
10.23,0.8554530454526827084593104004
10.24,0.8554126388029662157535055611
10.25,0.8553722008820807646269529805
10.26,0.8553319417510042271080324164
10.27,0.8552917593822447356653320642
10.28,0.8552517462943083033863394978
10.29,0.8552116988196194301774845652
10.30,0.8551718294749699662812431522
10.31,0.8551319272228904426251626078
10.32,0.8550921926065460115042274818
10.33,0.8550525336150107752707961013
10.34,0.8550129524213728345312153028
10.35,0.8549734270176617510215281796
10.36,0.8549340785975493079021225609
10.37,0.8548948058099056977844282795
10.38,0.8548554895178813740875041715
10.39,0.8548163493458665964152275460
10.40,0.8547773848652345987500979448
10.41,0.8547383850506948346437485625
10.42,0.8546994520546333135912899793
10.43,0.8546605838958931537355678664
10.44,0.8546218907912059606714424767
10.45,0.8545832626824585224962281408
10.46,0.8545447101097613194709764214
10.47,0.8545062114151778835785163410
10.48,0.8544678881022531816945626783
10.49,0.8544296291485916094027493185
10.50,0.8543913444631466951752327000
10.51,0.8543532230288065056648478694
10.52,0.8543151672986722821348602769
10.53,0.8542771737150454595023776541
10.54,0.8542392553547626308685108529
10.55,0.8542013999482942703968229038
10.56,0.8541637086600361536460168054
10.57,0.8541260798522960335951252224
10.58,0.8540885150141403204912841417
10.59,0.8540510221843135243411990050
10.60,0.8540135931765616082979716647
10.61,0.8539762260336010794499965329
10.62,0.8539390331822672589696907906
10.63,0.8539017911086009615897198233
10.64,0.8538647228513762165656841487
10.65,0.8538277158452501659279775792
10.66,0.8537907712841143873570988325
10.67,0.8537538884462479008990721471
10.68,0.8537170781939999307305514823
10.69,0.8536804185857879226258729961
10.70,0.8536438314211432762617914313
10.71,0.8536072050899105904295136675
10.72,0.8535707410105662849432869950
10.73,0.8535343370219482069544497776
10.74,0.8534979948684108972131875183
10.75,0.8534617232209699028906047260
10.76,0.8534256029398993121565520112
10.77,0.8533894521553634176486457789
10.78,0.8533534631992307362634132227
10.79,0.8533175338767942122864910784
10.80,0.8532816553184846084559026859
10.81,0.8532458462608228510081285806
10.82,0.8532102081590113166455952712
10.83,0.8531745187706936071415179224
10.84,0.8531388907943985486900156289
10.85,0.8531034211359830703405938833
10.86,0.8530680215096713695946416512
10.87,0.8530326709233994930099013438
10.88,0.8529973905617576600707655774
10.89,0.8529621579356173478260978739
10.90,0.8529270956613250647118382279
10.91,0.8528919815799140267335037696
10.92,0.8528570368052970745589774173
10.93,0.8528220500963630025250869573
10.94,0.8527872125642969949702407263
10.95,0.8527524429716551427783488395
10.96,0.8527178326773721371633416396
10.97,0.8526831692905611076908503803
10.98,0.8526485744960622276995849452
10.99,0.8526141376385524693615145800
11.00,0.8525796489979138662247669646
11.01,0.8525453275135803522724665976
11.02,0.8525110543661907826489064424
11.03,0.8524768480052606920280237292
11.04,0.8524426898560335348298341393
11.05,0.8524086980440589520910767103
11.06,0.8523746543194529005897745427
11.07,0.8523407668113344714802455482
11.08,0.8523068466120542477155676326
11.09,0.8522730728369302205353035571
11.10,0.8522393568115124899783758207
11.11,0.8522056958717182329471402815
11.12,0.8521720928854866093234889509
11.13,0.8521385448687935339152166621
11.14,0.8521051446828580510461229094
11.15,0.8520718095820025974194596018
11.16,0.8520384309755453095321411319
11.17,0.8520051979928655217393086786
11.18,0.8519720310580059632966215381
11.19,0.8519389093038154033098337547
11.20,0.8519058441343690073323650321
11.21,0.8518729333757762906104606958
11.22,0.8518399787570480915440589473
11.23,0.8518070789856221964471250751
11.24,0.8517743246862493274295926387
11.25,0.8517416354466993058441231204
11.26,0.8517089909104247748412941126
11.27,0.8516764013197705390227593342
11.28,0.8516438671925055027648116755
11.29,0.8516113866959776354678175840
11.30,0.8515790515488407804930786938
11.31,0.8515466799218231908103710412
11.32,0.8515144535310089180655156694
11.33,0.8514821805504941830274794188
11.34,0.8514500623662492774272901829
11.35,0.8514179874832715992867301429
11.36,0.8513859778226895827312872936
11.37,0.8513540108164584443355188244
11.38,0.8513221977290154281524694035
11.39,0.8512903385895309729598097563
11.40,0.8512586332569288400968759299
11.41,0.8512269700407588904076796232
11.42,0.8511952617112639940169398713
11.43,0.8511637055976947593316830055
11.44,0.8511322034008798230493905263
11.45,0.8511007433148178645406811006
11.46,0.8510693370378184532756480241
11.47,0.8510380827671478897060126423
11.48,0.8510067818710564866644471050
11.49,0.8509756228776121378783398631
11.50,0.8509444276771657616495622489
11.51,0.8509133634233491340151937435
11.52,0.8508823624762971377541837677
11.53,0.8508514034609746087190546167
11.54,0.8508204973183411798388103367
11.55,0.8507896419223017899637799367
11.56,0.8507588389684560700092331994
11.57,0.8507281785878244423807344374
11.58,0.8506974700252091208539756696
11.59,0.8506669022008607889659910034
11.60,0.8506363860948327335615995513
11.61,0.8506059223569883892166196148
11.62,0.8505754095805623301617284802
11.63,0.8505450376719624559527709197
11.64,0.8505148174659982800588948322
11.65,0.8504845482580765894968292756
11.66,0.8504543204679807335155747227
11.67,0.8504242432047142476132459776
11.68,0.8503941066054951649330001239
11.69,0.8503641311360053115430715901
11.70,0.8503341970675528403763951195
11.71,0.8503043024948317426460169981
11.72,0.8502744578866489117266512765
11.73,0.8502446652249428381897469938
11.74,0.8502149226075349162342978298
11.75,0.8501852192960722376758257053
11.76,0.8501556565897760304134255029
11.77,0.8501260446481929416195258733
11.78,0.8500965823864339750332759353
11.79,0.8500671692434702933393807146
11.80,0.8500377961889026497258336850
11.81,0.8500083737043580685279279443
11.82,0.8499790903875996267300628777
11.83,0.8499499561730651725329541046
11.84,0.8499207610363746906842237050
11.85,0.8498916166052129398618837898
11.86,0.8498626206423200246403144748
11.87,0.8498335644685109948540984052
11.88,0.8498046570001559880818812334
11.89,0.8497756984100995139733931840
11.90,0.8497468692799205424304886011
11.91,0.8497180988821174800502543232
11.92,0.8496893668740454251690281381
11.93,0.8496606840512249579418264800
11.94,0.8496320393389363030832266821
11.95,0.8496035437210507445910421567
11.96,0.8495749862829926146420068047
11.97,0.8495465676910942530026983742
11.98,0.8495181075376437403966361679
11.99,0.8494897844646247113262392986
12.00,0.8494615000692849984959527541
12.01,0.8494331640171780027767865389
12.02,0.8494049655523870309069605573
12.03,0.8493769158231098853044887742
12.04,0.8493488131141463606025981967
12.05,0.8493207487253379352363083446
12.06,0.8492928215994681755817397853
12.07,0.8492648423789819766774355930
12.08,0.8492369000095402134700330601
12.09,0.8492091057863985874070936408
12.10,0.8491813583305278530755015890
12.11,0.8491535394076326899668364208
12.12,0.8491258760401923661465948742
12.13,0.8490982509750696488277679762
12.14,0.8490707623266616878129540786
12.15,0.8490432210969533468670479713
12.16,0.8490157165278750198786804934
12.17,0.8489883589671686852404704851
12.18,0.8489609376564714288068407911
12.19,0.8489336640659737897163483557
12.20,0.8489063261757011601851871099
12.21,0.8488791252673164779202568951
12.22,0.8488518701696388641027365072
12.23,0.8488248621086059744223257050
12.24,0.8487976799150548368822511272
12.25,0.8487707550005361263989743264
12.26,0.8487437550839391935850880158
12.27,0.8487168119028946081094113040
12.28,0.8486899937760917281606712222
12.29,0.8486631230902560450996758871
12.30,0.8486362869207419740650028944
12.31,0.8486095973252629256557421282
12.32,0.8485829530846438938983055364
12.33,0.8485562348807065191297430284
12.34,0.8485296619529096281108431760
12.35,0.8485031351107174105825685798
12.36,0.8484767328851898537000890073
12.37,0.8484502867932278443693286011
12.38,0.8484238653678591459939019891
12.39,0.8483974898708050592555118559
12.40,0.8483712589646563174652224908
12.41,0.8483449535814026210619742735
12.42,0.8483186927138693211258662130
12.43,0.8482925772918686990488579227
12.44,0.8482664963109050355858494433
12.45,0.8482404506986171349832253767
12.46,0.8482144495720009685910621890
12.47,0.8481883832906106268519621244
12.48,0.8481625509748188183272230428
12.49,0.8481366643197133207628718072
12.50,0.8481108111120603653972407895
12.51,0.8480849931607519540958336269
12.52,0.8480592190276808403829744845
12.53,0.8480335795180515360216025928
12.54,0.8480079738689491054983026898
12.55,0.8479824128827278779819503663
12.56,0.8479567851314904943776831162
12.57,0.8479312924091907437588590179
12.58,0.8479058429622816629827266439
12.59,0.8478804280309373157442955013
12.60,0.8478550463041606393039172243
12.61,0.8478297086924533030468003216
12.62,0.8478044049775609424035437193
12.63,0.8477791348695137386598131871
12.64,0.8477540074982281297525211538
12.65,0.8477288147526322468812025577
12.66,0.8477037547791007624125473271
12.67,0.8476786285991842671181261212
12.68,0.8476536450175984776217744092
12.69,0.8476286956942163966742828767
12.70,0.8476036788992652479043011877
12.71,0.8475788055951845251300848539
12.72,0.8475539650172340243828212333
12.73,0.8475292576975641448507978493
12.74,0.8475044930350253182957185059
12.75,0.8474797518247975841587800219
12.76,0.8474551529400717921890031768
12.77,0.8474304874383839420392040320
12.78,0.8474058638678813616922122196
12.79,0.8473813736115856651406683625
12.80,0.8473568152201423414646727825
12.81,0.8473323900745124458870893406
12.82,0.8473080067278278896032831644
12.83,0.8472836463952240075356166516
12.84,0.8472593282162729162405658535
12.85,0.8472350523992550530381984701
12.86,0.8472107982506487463949242360
12.87,0.8471865872359397624807491238
12.88,0.8471624074061319219353387032
12.89,0.8471383604784679169959305004
12.90,0.8471141546727927647697737210
12.91,0.8470901717017107405675293041
12.92,0.8470662298775272841736500535
12.93,0.8470422203184246677452599789
12.94,0.8470183520940200448183666861
12.95,0.8469945061560568073490469257
12.96,0.8469706014023858014382774219
12.97,0.8469469287063816420705567808
12.98,0.8469231869683105485942768328
12.99,0.8468994772233147334284102138
13.00,0.8468757083740689386151906934
13.01,0.8468520708403324516895131210
13.02,0.8468285652035420758123588280
13.03,0.8468049908184778026047146340
13.04,0.8467815470422046514166724493
13.05,0.8467580453105703309041351672
13.06,0.8467346637194062568913417947
13.07,0.8467112237031992746370415885
13.08,0.8466879144152093719653307653
13.09,0.8466646456251187005476302654
13.10,0.8466412987198183684056426223
13.11,0.8466180922514584362350059523
13.12,0.8465949063887548797594674462
13.13,0.8465717617493865313105945430
13.14,0.8465486466877499604442752082
13.15,0.8465256681897460607459438833
13.16,0.8465026187752677132862508395
13.17,0.8464796006931549007382358438
13.18,0.8464566146815240325800370099
13.19,0.8464337631053674824833038938
13.20,0.8464108401681242018691439084
13.21,0.8463880502107871001598479823
13.22,0.8463652916706105384110741875
13.23,0.8463425650504207772151060499
13.24,0.8463197687897763523894661188
13.25,0.8462971047890904945685521619
13.26,0.8462744726854955976955924353
13.27,0.8462518704612633670922025511
13.28,0.8462293008450594246551572136
13.29,0.8462067624363710742886021504
13.30,0.8461842528238949123273153948
13.31,0.8461617753613906586761903920
13.32,0.8461394298347664299604457795
13.33,0.8461170148025479709389225500
13.34,0.8460947294856977125156692252
13.35,0.8460723746064194003458109823
13.36,0.8460500517740560710890503837
13.37,0.8460278583647086507335279000
13.38,0.8460056953698681595503430168
13.39,0.8459835621304288672625102328
13.40,0.8459614608238426355132843560
13.41,0.8459393890726935017133877184
13.42,0.8459173481978873797147046470
13.43,0.8458953348242372730217396121
13.44,0.8458733542707643637589786467
13.45,0.8458514025908346964727647809
13.46,0.8458294794950397705464842620
13.47,0.8458075877645383038926714660
13.48,0.8457858260331977380310972911
13.49,0.8457639926421723840204597901
13.50,0.8457422889572032526093448993
13.51,0.8457205151791458071112925536
13.52,0.8456988696724461175626952178
13.53,0.8456772562009538964403010075
13.54,0.8456555693954751196712094974
13.55,0.8456340125717799687176019672
13.56,0.8456124845331752134908584160
13.57,0.8455909866734278198822507686
13.58,0.8455695169214636270617043503
13.59,0.8455480755447855085363276680
13.60,0.8455266645977904394492431746
13.61,0.8455053813495851420858449506
13.62,0.8454840267749396021953840094
13.63,0.8454627015928876059234458525
13.64,0.8454414038694307645666366575
13.65,0.8454201359041448133648493250
13.66,0.8453989955106689044424789396
13.67,0.8453777830801303849452593182
13.68,0.8453567991655341566826379705
13.69,0.8453356451618065738572914180
13.70,0.8453146176296954478693140192
13.71,0.8452935177948872314040493082
13.72,0.8452726469040176953478685262
13.73,0.8452516037145933674377398794
13.74,0.8452306877225296946858482419
13.75,0.8452098014446705378795769413
13.76,0.8451889407827502166579715130
13.77,0.8451682092562465649010534254
13.78,0.8451473051899529836611928168
13.79,0.8451266296188646356682326537
13.80,0.8451058785821177156293782362
13.81,0.8450852571924976122823374722
13.82,0.8450645625984111383182690755
13.83,0.8450439960291692436285027255
13.84,0.8450233552405324164193045742
13.85,0.8450027432298690239572484670
13.86,0.8449822575900184511434833871
13.87,0.8449617988777677421975334503
13.88,0.8449413680112129371231648001
13.89,0.8449209615005151055466772851
13.90,0.8449005846228327549473161659
13.91,0.8448802340541495588515093005
13.92,0.8448599092336404683344272992
13.93,0.8448396105117792048336313451
13.94,0.8448193414897594680431341998
13.95,0.8447990958757397885340911199
13.96,0.8447788782298040662838074997
13.97,0.8447587869177520889336387984
13.98,0.8447386218821781170341246481
13.99,0.8447185831607994969479262305
14.00,0.8446984703143001542649880687
14.01,0.8446784825466937147481672723
14.02,0.8446584231491833720063365191
14.03,0.8446384884327747170825858337
14.04,0.8446184810385244764005685646
14.05,0.8445985981176794457396543067
14.06,0.8445787416351067692199168994
14.07,0.8445589117680814021922154807
14.08,0.8445391064290171937078503205
14.09,0.8445193273382317724862867356
14.10,0.8444995737508218940595761358
14.11,0.8444798460179865602883429304
14.12,0.8444601425593674322497004660
14.13,0.8444404649314882565474900161
14.14,0.8444208130431154150415597553
14.15,0.8444012874305117268675632926
14.16,0.8443816875121016778360117768
14.17,0.8443622109898834313944454590
14.18,0.8443426599530332028186907988
14.19,0.8443232352692796878743135104
14.20,0.8443037338623289385344740448
14.21,0.8442843581083194698903358770
14.22,0.8442649082434104853064957982
14.23,0.8442455826461664262204629459
14.24,0.8442262822369194922735649414
14.25,0.8442069052299799871465238452
14.26,0.8441876541895561193685801060
14.27,0.8441684270048171246993123861
14.28,0.8441493252596083293667692641
14.29,0.8441300483159938762130915771
14.30,0.8441109946036667031508269084
14.31,0.8440918653247397464697171159
14.32,0.8440727623966603361697563160
14.33,0.8440536810253522783269750238
14.34,0.8440346257971544869842868309
14.35,0.8440156942577857508720937136
14.36,0.8439966871458120622399361487
14.37,0.8439778040177993279312891281
14.38,0.8439588447739631869466242176
14.39,0.8439400089736797958482018653
14.40,0.8439210975178581813575067485
14.41,0.8439023109630944729533494383
14.42,0.8438834468806375435103934141
14.43,0.8438647063249513850852811819
14.44,0.8438459911997713128902594316
14.45,0.8438272985614345309836317842
14.46,0.8438086303120412759013527201
14.47,0.8437899843460196046929171738
14.48,0.8437713640575805628032519097
14.49,0.8437527646826220815132016092
14.50,0.8437341896141877266280945330
14.51,0.8437156377504206573128857569
14.52,0.8436972099885430152092979713
14.53,0.8436787047200067061476923754
14.54,0.8436602223483646470341310455
14.55,0.8436417629398156803816961876
14.56,0.8436234288784576177161225199
14.57,0.8436050155786225524531083966
14.58,0.8435867265849080814547277060
14.59,0.8435684591514985692741531836
14.60,0.8435501154469771577649677783
14.61,0.8435318941745476482030871521
14.62,0.8435135967541667760044193764
14.63,0.8434954211430617982541051063
14.64,0.8434772679060561563625547249
14.65,0.8434590386000717815116135765
14.66,0.8434410307453836992877029078
14.67,0.8434228450435164710447610430
14.68,0.8434048829119931372885943891
14.69,0.8433867433135703189537242062
14.70,0.8433688264586191157346980812
14.71,0.8433508299359554571159642612
14.72,0.8433328569543696018939605960
14.73,0.8433149065957952034501362119
14.74,0.8432969775761204625454968653
14.75,0.8432791699790637788525375149
14.76,0.8432612851530871168982823996
14.77,0.8432435227725816340449821605
14.78,0.8432256832889538991115841268
14.79,0.8432079639915567906516062216
14.80,0.8431901672349161878127637469
14.81,0.8431724924760669943754240266
14.82,0.8431547393774950489016521671
14.83,0.8431370084476365517085799291
14.84,0.8431194994547853201120637099
14.85,0.8431018110625039906472545186
14.86,0.8430842452601537161594148390
14.87,0.8430667001876069914433103859
14.88,0.8430491770272761297204580963
14.89,0.8430316741871768763506376879
14.90,0.8430141939101763624782256424
14.91,0.8429967359175768294808509681
14.92,0.8429792972400639125448086306
14.93,0.8429618800721918791374662125
14.94,0.8429444856575620922857231201
14.95,0.8429272119822085240529821799
14.96,0.8429098582420813817704604631
14.97,0.8428925265590851961884417846
14.98,0.8428753165638349967725169396
14.99,0.8428580261166597080848731326
15.00,0.8428407566992933101376506120
15.01,0.8428236090625984109797908682
15.02,0.8428063815654007173960311850
15.03,0.8427892755452095823602176964
15.04,0.8427721906291744259751680591
15.05,0.8427550251185538165217938220
15.06,0.8427379805147718042540572292
15.07,0.8427209584814775461831017489
15.08,0.8427039548034927560530125832
15.09,0.8426869734973607892744949022
15.10,0.8426700108166774796728423915
15.11,0.8426530701694639643431881875
15.12,0.8426361488114064674409357084
15.13,0.8426191477560507788391223493
15.14,0.8426022670949742107406881055
15.15,0.8425855084002047594411428592
15.16,0.8425685684425722877347574571
15.17,0.8425518498291618741403637108
15.18,0.8425350484557740609188269427
15.19,0.8425183702827632088555015864
15.20,0.8425016119161584670412942832
15.21,0.8424848713928182534323195297
15.22,0.8424681526430156017351274033
15.23,0.8424515533998241455203317049
15.24,0.8424349745494232521122980604
15.25,0.8424183146341672390874668611
15.26,0.8424017741569478674576548854
15.27,0.8423851548790265047838541870
15.28,0.8423686556320975827743480671
15.29,0.8423521746307699694982347819
15.30,0.8423356129252346631069091621
15.31,0.8423191718920238827933594386
15.32,0.8423027510068455225121000298
15.33,0.8422863489107691277878612424
15.34,0.8422698646378431065681440094
15.35,0.8422535022663318750969185052
15.36,0.8422371589794226269601393529
15.37,0.8422209334198917210349340523
15.38,0.8422045289142709110984987787
15.39,0.8421883417876029988570955625
15.40,0.8421720753424646404602547179
15.41,0.8421558282443110332512101326
15.42,0.8421395996335536412445507668
15.43,0.8421233907921795965533471141
15.44,0.8421073001172119785212581320
15.45,0.8420911287258069415391366081
15.46,0.8420750767615783053442962381
15.47,0.8420589430494533339880036741
15.48,0.8420429293604764730180758363
15.49,0.8420268337650283977390583817
15.50,0.8420108568744893501536179311
15.51,0.8419947986248288821040983981
15.52,0.8419788600978990382253222455
15.53,0.8419628398934686042574813319
15.54,0.8419469379564848588758640219
15.55,0.8419310548607537752387462992
15.56,0.8419150903300601213440105213
15.57,0.8418992444469495794917183466
15.58,0.8418834169353040987348157572
15.59,0.8418676083259705958016857009
15.60,0.8418518164895339987325207201
15.61,0.8418360459733410053582451474
15.62,0.8418202923216216784302465530
15.63,0.8418045563925279373433218410
15.64,0.8417888385826851913056988448
15.65,0.8417731405847062444533110943
15.66,0.8417575592760319031256936991
15.67,0.8417418968678913404483590919
15.68,0.8417262524026871620664396657
15.69,0.8417106266898383544356982653
15.70,0.8416951177280161620442753338
15.71,0.8416795274890302168041792405
15.72,0.8416639559730901678100337594
15.73,0.8416485019868446994076435340
15.74,0.8416329648595890274987568854
15.75,0.8416175462328141999309672246
15.76,0.8416020461097983389637337916
15.77,0.8415866627857531368495903279
15.78,0.8415712977741558809225677713
15.79,0.8415559505326203911690695743
15.80,0.8415405205761473560249774937
15.81,0.8415252081972018169286120319
15.82,0.8415099145160719620356036351
15.83,0.8414945381072921989659793225
15.84,0.8414792779292357844241175221
15.85,0.8414640362716411859693259222
15.86,0.8414488122564163673341390811
15.87,0.8414336052943935660865713266
15.88,0.8414184157834637731182098171
15.89,0.8414032434620410460883770942
15.90,0.8413880892909174005680813549
15.91,0.8413729516650729818262873892
15.92,0.8413578300533402153465047747
15.93,0.8413427289583257204413207558
15.94,0.8413276416879527526508183653
15.95,0.8413126737421053068673713807
15.96,0.8412976227591177475825136052
15.97,0.8412826882361596656148107647
15.98,0.8412675707575593171682894658
15.99,0.8412526700056974680453912243
16.00,0.8412376865429230302981863612
16.01,0.8412228202137155726005348922
16.02,0.8412078698770716682109453123
16.03,0.8411930382140562441232854254
16.04,0.8411782220559168727646907142
16.05,0.8411633228439483199602831167
16.06,0.8411485402743995076542649234
16.07,0.8411336755935748698903779111
16.08,0.8411189256648648874929400781
16.09,0.8411041945981330407239942637
16.10,0.8410894784220019835751904111
16.11,0.8410746796029038595821966205
16.12,0.8410599964421430851175907892
16.13,0.8410453326119429540459904767
16.14,0.8410306824583863132419993287
16.15,0.8410160499236097076933421064
16.16,0.8410014332043577555258745055
16.17,0.8409868342414556984879974806
16.18,0.8409722497417641630310725010
16.19,0.8409576819723520162046412234
16.20,0.8409431313320195770991383363
16.21,0.8409285977048686865330990072
16.22,0.8409140786555635897158729976
16.23,0.8408995771210158121353532896
16.24,0.8408851913037077496245643047
16.25,0.8408707208117070158712667065
16.26,0.8408563666851440607988258261
16.27,0.8408419282352172450294296257
16.28,0.8408275067132679959556880624
16.29,0.8408132019927989933920832651
16.30,0.8407988127534151168184154047
16.31,0.8407845387630847703234485687
16.32,0.8407701817489455166638239315
16.33,0.8407559384390775840601000567
16.34,0.8407416125626631107339764353
16.35,0.8407274020488826829442583279
16.36,0.8407131081338148217368857182
16.37,0.8406989285698974478693843130
16.38,0.8406847661675226794177503495
16.39,0.8406706201231305283756831744
16.40,0.8406563875989440633936402535
16.41,0.8406422713630379828848076632
16.42,0.8406281718156777932786913558
16.43,0.8406140862237228833521616301
16.44,0.8406000173946993420791919885
16.45,0.8405859646616997504424369708
16.46,0.8405719268946368170639285662
16.47,0.8405579036883795872970159687
16.48,0.8405438960787648439638591150
16.49,0.8405299050045477594986765030
16.50,0.8405159273416471720514811349
16.51,0.8405019661888618702713110234
16.52,0.8404880205897298727606287351
16.53,0.8404741898475631828794033309
16.54,0.8404602734023769468723247986
16.55,0.8404463749528960714448945033
16.56,0.8404324900145263984411297353
16.57,0.8404187201836120319657497093
16.58,0.8404048648427040304388565796
16.59,0.8403911242859765264596703677
16.60,0.8403773001227764904114616921
16.61,0.8403634905553108405135433239
16.62,0.8403497959363176141057175292
16.63,0.8403360173500701910594211526
16.64,0.8403223521906577719965684916
16.65,0.8403086027454292394466781189
16.66,0.8402949682970458134809381878
16.67,0.8402813490382803045383917604
16.68,0.8402677421656211912232020231
16.69,0.8402540517944388887828268032
16.70,0.8402404768749743875081811824
16.71,0.8402269167693628345327748497
16.72,0.8402132706714041179440817683
16.73,0.8401997389909722410642358942
16.74,0.8401862219649847918927549233
16.75,0.8401727195479385641680744062
16.76,0.8401592320076545269309626019
16.77,0.8401457595463527285211022442
16.78,0.8401323015331775823394280284
16.79,0.8401188569238149192270850493
16.80,0.8401054281439907740917091482
16.81,0.8400919139444419838170010887
16.82,0.8400786120613461889630859981
16.83,0.8400652270283903070204125932
16.84,0.8400518553805464100403081612
16.85,0.8400384970752596849904872788
16.86,0.8400252546933080188201734845
16.87,0.8400119255015405440046500741
16.88,0.8399986115600736902284074091
16.89,0.8399853114046408180762533559
16.90,0.8399720255722492661981554019
16.91,0.8399588535053565589710110501
16.92,0.8399455964814250927821709825
16.93,0.8399324532013152000453325515
16.94,0.8399192232033846778744523172
16.95,0.8399061069289472181062364707
16.96,0.8398929066543281886784633184
16.97,0.8398798194677325719303368476
16.98,0.8398666464233138616737442618
16.99,0.8398535870601783329454111737
17.00,0.8398404417549137001104840958
17.01,0.8398274089471297169339522957
17.02,0.8398143922390043933863000254
17.03,0.8398012875588227130730197118
17.04,0.8397882977934185377448235545
17.05,0.8397753226476735735210661032
17.06,0.8397623605001666121686996332
17.07,0.8397494116250384094483674711
17.08,0.8397364767865574935114719124
17.09,0.8397234559168304095229681656
17.10,0.8397105478991734277697452079
17.11,0.8396976543027397329479894829
17.12,0.8396847750651180230200118899
17.13,0.8396719087572781034753165574
17.14,0.8396590552602054516470667993
17.15,0.8396462159545276949386262854
17.16,0.8396333895496549471601739600
17.17,0.8396206769494055079883609971
17.18,0.8396077786497675030893663839
17.19,0.8395950930583984555808466028
17.20,0.8395823212165811869839297493
17.21,0.8395695635068984847900098353
17.22,0.8395569181066832754226282066
17.23,0.8395440855168988849415829749
17.24,0.8395314674725675474949687225
17.25,0.8395187615439638216730025214
17.26,0.8395061698396822430154406192
17.27,0.8394934907680035604748938567
17.28,0.8394809252018369473857307238
17.29,0.8394682728755584391765979171
17.30,0.8394556345722334340378943744
17.31,0.8394431083041780942773158537
17.32,0.8394304950827746797383909446
17.33,0.8394179945807893940354413938
17.34,0.8394054088208668739761191847
17.35,0.8393929341592985760467623896
17.36,0.8393804740882725356673128314
17.37,0.8393679268514927024138995059
17.38,0.8393554927273387893036900712
17.39,0.8393430704181428191803370690
17.40,0.8393306620394936822575685296
17.41,0.8393181651645579322269407364
17.42,0.8393057829498284397730492070
17.43,0.8392934119287058010007710694
17.44,0.8392810545475633966517282614
17.45,0.8392686100155608692022287922
17.46,0.8392563794309547915618206792
17.47,0.8392439601139101268130154599
17.48,0.8392316545261616075142041128
17.49,0.8392193603529980805045205228
17.50,0.8392070799234728781131859212
17.51,0.8391948112928305331684795534
17.52,0.8391825562221987822020423795
17.53,0.8391704125472243203584549331
17.54,0.8391580825133271077143591105
17.55,0.8391459651433651084641157325
17.56,0.8391337605606413796289888642
17.57,0.8391215676233762872214709857
17.58,0.8391093877390651214219653399
17.59,0.8390973195877799166560853426
17.60,0.8390851639180047734632813421
17.61,0.8390730211287660039273318117
17.62,0.8390608906378639637999179414
17.63,0.8390487732920239156045102388
17.64,0.8390367676637934853561302897
17.65,0.8390246744442183164263922123
17.66,0.8390126943680203148578334565
17.67,0.8390006247964977266795234134
17.68,0.8389886686294214441496811971
17.69,0.8389766245563118663764586524
17.70,0.8389645922628641093501707432
17.71,0.8389526727698267032011987128
17.72,0.8389407654794571839059971972
17.73,0.8389287700856233956030715595
17.74,0.8389168877631709529679226353
17.75,0.8389050158820737986197220190
17.76,0.8388930571659869645864871771
17.77,0.8388812104768758636652290853
17.78,0.8388693756598732854887381755
17.79,0.8388574526895234160177595262
17.80,0.8388456421376492199930951166
17.81,0.8388338436886811822741366033
17.82,0.8388220572404256053019443622
17.83,0.8388101814421863895680356265
17.84,0.8387985194634217266557441680
17.85,0.8387866672821359896265595408
17.86,0.8387749289029410443956881881
17.87,0.8387632007086293033675977978
17.88,0.8387514857321763644706226020
17.89,0.8387397825208097677118616244
17.90,0.8387280899132305006613295854
17.91,0.8387164100546562004176955246
17.92,0.8387047417827249981594103771
17.93,0.8386931854075679462505790969
17.94,0.8386814400162117896647986641
17.95,0.8386699061859293945338714037
17.96,0.8386582864862357798527769854
17.97,0.8386466754877569981068573555
17.98,0.8386350778611832994678276378
17.99,0.8386234910838207286804332162
18.00,0.8386119156615310045712983455
18.01,0.8386003519089720062501489679
18.02,0.8385888996585051627526719814
18.03,0.8385773600621391409417621701
18.04,0.8385659303681305492410322033
18.05,0.8385544131512233651138619827
18.06,0.8385430078200721495356899837
18.07,0.8385315131119789821087605456
18.08,0.8385200296923915508682717870
18.09,0.8385086568804519882956809079
18.10,0.8384971960866804738617593127
18.11,0.8384858475567631111264125366
18.12,0.8384744098684327665021562149
18.13,0.8384630851702295202920712353
18.14,0.8384516692942753167097409583
18.15,0.8384403648163916344437725906
18.16,0.8384290727254260656049699702
18.17,0.8384176910174072805566265881
18.18,0.8384064215163729965076207192
18.19,0.8383951618006865796518445356
18.20,0.8383838146067747714589592663
18.21,0.8383725785957492974626308559
18.22,0.8383613531808525766069269352
18.23,0.8383500382677268381855081723
18.24,0.8383389359287159305330958541
18.25,0.8383276424972388278753175735
18.26,0.8383164617954472124444185630
18.27,0.8383052912288357170990142671
18.28,0.8382941322946941399055283381
18.29,0.8382829841480635386585622196
18.30,0.8382718476182389345240074262
18.31,0.8382607213674485703106078323
18.32,0.8382495065422161738595828906
18.33,0.8382385025694641702547889041
18.34,0.8382274086770409911483822023
18.35,0.8382163263628777064949419876
18.36,0.8382052542102296330979887370
18.37,0.8381941931146665800796500690
18.38,0.8381831449846512594596919111
18.39,0.8381721045846171734912346102
18.40,0.8381610762185791372482640588
18.41,0.8381500593031302241896338824
18.42,0.8381391515891990377419648683
18.43,0.8381281558044405905161810947
18.44,0.8381171704476139760767031714
18.45,0.8381061956800233583425335521
18.46,0.8380953327335307098810203946
18.47,0.8380843784637596372514302302
18.48,0.8380735356776053886383626503
18.49,0.8380626030973057757979364511
18.50,0.8380516816630586271358349189
18.51,0.8380408705225806108479547014
18.52,0.8380299704332013310136564592
18.53,0.8380191805998781067518945173
18.54,0.8380083013156000660903812864
18.55,0.8379974331897510610740887474
18.56,0.8379866750875168185437432199
18.57,0.8379759262349026078700807866
18.58,0.8379650883930165180399366948
18.59,0.8379542616782888662177610108
18.60,0.8379435455558405100974648444
18.61,0.8379328394631281022718104610
18.62,0.8379221428680409431919769858
18.63,0.8379113593691127445616850763
18.64,0.8379006833551047844970106841
18.65,0.8378899193399668811614188551
18.66,0.8378792642820876659236151493
18.67,0.8378686194015544439758659597
18.68,0.8378579856976962854282763284
18.69,0.8378473623343270099151583185
18.70,0.8378366481269373475551772688
18.71,0.8378260460827588141692056013
18.72,0.8378154535819859686659367992
18.73,0.8378048709852371067613161397
18.74,0.8377942970485796509575242328
18.75,0.8377837351166784319497985079
18.76,0.8377730828233215356824082653
18.77,0.8377626408168026978339308487
18.78,0.8377521078280949985328544584
18.79,0.8377414863403303822586064136
18.80,0.8377310741560583758452716210
18.81,0.8377205728498358886595430074
18.82,0.8377100816239223540289848321
18.83,0.8376995986832453060583702728
18.84,0.8376891261998146042444870737
18.85,0.8376786651753940040609379375
18.86,0.8376682127244315794889812852
18.87,0.8376577703307978677039587362
18.88,0.8376473392836462813026466616
18.89,0.8376370168725994529677487335
18.90,0.8376266044070117102676557496
18.91,0.8376162019728646305648676269
18.92,0.8376058085423044511612097348
18.93,0.8375955263519172977910620971
18.94,0.8375851538477405153155051670
18.95,0.8375747905701214176667182186
18.96,0.8375645374181827062894585538
18.97,0.8375541940275679408273316241
18.98,0.8375438605294104849383367098
18.99,0.8375336364403764501430861402
19.00,0.8375233213131868054308211815
19.01,0.8375131160718246926488507662
19.02,0.8375028216853111791170088444
19.03,0.8374925364714750705151369408
19.04,0.8374823607175760963762613275
19.05,0.8374720952868048658193425062
19.06,0.8374619381398645297271593486
19.07,0.8374517923027834381318914470
19.08,0.8374415548191443059391134058
19.09,0.8374314275502675092479510397
19.10,0.8374212082440919622109097552
19.11,0.8374111004365523409185032427
19.12,0.8374010011218376977945894758
19.13,0.8373909118318598738967806162
19.14,0.8373807323320476239301755438
19.15,0.8373706621431346454649699665
19.16,0.8373605006504401732976787049
19.17,0.8373505493202317239652164198
19.18,0.8373404062828944613767700993
19.19,0.8373303743132249250639567038
19.20,0.8373203505425861421679466003
19.21,0.8373102379086294253569683962
19.22,0.8373003325436904501029967897
19.23,0.8372902372207269801004413154
19.24,0.8372802511549337007407703078
19.25,0.8372702750364643342450255518
19.26,0.8372603071633698477239597454
19.27,0.8372503493067782121416311140
19.28,0.8372404006838175439779896071
19.29,0.8372304609828146344651249352
19.30,0.8372205318913180311481761208
19.31,0.8372106100159367557976833537
19.32,0.8372006986565336422432738025
19.33,0.8371907965634778418294685648
19.34,0.8371809032992126425751947806
19.35,0.8371710189192609157323131555
19.36,0.8371611427264863638671222432
19.37,0.8371513770196496022888592316
19.38,0.8371415211784820452897296971
19.39,0.8371315738108625954160665489
19.40,0.8371218345256109464417083658
19.41,0.8371120055358803196746905680
19.42,0.8371021842502632924806988948
19.43,0.8370924727176179396286208639
19.44,0.8370826703265061383877043263
19.45,0.8370728766761321699530908409
19.46,0.8370630931560073281489367347
19.47,0.8370534177286679059746417654
19.48,0.8370436509738479703484785876
19.49,0.8370338940173425139900256474
19.50,0.8370242450867740987509894675
19.51,0.8370145058605523248485579498
19.52,0.8370048750114903706960876045
19.53,0.8369951521097620702727224254
19.54,0.8369854389762451051958426839
19.55,0.8369758362227061907727922795
19.56,0.8369661407408222991077473062
19.57,0.8369565545661053103072840621
19.58,0.8369468763730621491051081896
19.59,0.8369373078365550335067170375
19.60,0.8369277485482888579290712562
19.61,0.8369180966268489050554534883
19.62,0.8369085545833515767876576065
19.63,0.8368989211727842060164210325
19.64,0.8368893959872430477943263064
19.65,0.8368797800646002679475149421
19.66,0.8368702719982471389312779020
19.67,0.8368607739801414426505792715
19.68,0.8368511833684746043919212502
19.69,0.8368417009760615009552025403
19.70,0.8368322285314906272437133336
19.71,0.8368227649384753699086762039
19.72,0.8368132094427595357855891831
19.73,0.8368038622483109053066852532
19.74,0.8367943237855135092895013085
19.75,0.8367848942399485899596897914
19.76,0.8367754730611558281186095029
19.77,0.8367659604342060870889373173
19.78,0.8367566559525697006849301469
19.79,0.8367471601998614805660040582
19.80,0.8367377742521967377437550612
19.81,0.8367283951047165632938666840
19.82,0.8367190250802079506795491966
19.83,0.8367096631398180899695491205
19.84,0.8367003098786744733745916691
19.85,0.8366909650175027728622638181
19.86,0.8366816282246561406465387760
19.87,0.8366723005271150285883046327
19.88,0.8366629818874268452719513220
19.89,0.8366536706243740965060706531
19.90,0.8366443676603393416712649068
19.91,0.8366350734357665590761122762
19.92,0.8366257875825894817490005147
19.93,0.8366166090018933935111009870
19.94,0.8366073394478904523921971025
19.95,0.8365980788636440082467301969
19.96,0.8365888262139044242376564784
19.97,0.8365795819774653803303208869
19.98,0.8365703449203638726210714409
19.99,0.8365611175559404465524453455
20.00,0.8365519974433987679825833746
20.01,0.8365427856403687452056704996
20.02,0.8365336820856454809327033426
20.03,0.8365244866869753389426341030
20.04,0.8365152999521242249451577785
20.05,0.8365061218166931194310816247
20.06,0.8364970515102847602725777284
20.07,0.8364878891643858633276001162
20.08,0.8364787346369548108814516144
20.09,0.8364696879502977276849602423
20.10,0.8364605492091320844685648723
20.11,0.8364515191887955778200716838
20.12,0.8364423975268941645707482873
20.13,0.8364333842623476926396230462
20.14,0.8364242787848650896222779221
20.15,0.8364152802280476281718587215
20.16,0.8364061904479143762148553023
20.17,0.8363971084678706275753806902
20.18,0.8363881352299449421927466711
20.19,0.8363790688351013551080706427
20.20,0.8363701115927812024175946208
20.21,0.8363611617920548453595847411
20.22,0.8363521206552420447510648229
20.23,0.8363431867372151671193296993
20.24,0.8363342601352465656943435423
20.25,0.8363252419567083875426717555
20.26,0.8363163321546273764103111802
20.27,0.8363074298181471030413755018
20.28,0.8362984351751999551035363785
20.29,0.8362895482425041031791075750
20.30,0.8362806703287273016942918947
20.31,0.8362718001450253610853327145
20.32,0.8362628359053027389692632281
20.33,0.8362539807209462545081960349
20.34,0.8362451335351148513524481684
20.35,0.8362362936954769385448931020
20.36,0.8362273618442277497902740926
20.37,0.8362185369153246242074169072
20.38,0.8362097213796080718970063911
20.39,0.8362009134532057416395219073
20.40,0.8361921127679792496216766556
20.41,0.8361833187647512611421964253
20.42,0.8361745333886974991891233591
20.43,0.8361657554895443441680258037
20.44,0.8361569856205276692219160252
20.45,0.8361482229697978990878969229
20.46,0.8361394692573823031071737261
20.47,0.8361307217541651349431611089
20.48,0.8361219818502616759682574015
20.49,0.8361132494759337970155876441
20.50,0.8361044260201698736335952242
20.51,0.8360958086736534021343921610
20.52,0.8360871003177727368725327693
20.53,0.8360783980621636053973007245
20.54,0.8360697047055263469529896424
20.55,0.8360610188823439110408644831
20.56,0.8360523398194942974778830397
20.57,0.8360436676899493536464235713
20.58,0.8360351042761636287199408262
20.59,0.8360264480997195297180094582
20.60,0.8360177997112629671444857904
20.61,0.8360091573875462474768260185
20.62,0.8360005239240815410988483176
20.63,0.8359918975165653108279557441
20.64,0.8359833789597181241354373402
20.65,0.8359747675319536247865958498
20.66,0.8359661627815350132985054382
20.67,0.8359576661514809865071074499
20.68,0.8359490772711535401795492244
20.69,0.8359405945025072387314006256
20.70,0.8359320204741172529648343274
20.71,0.8359234538238675771790475993
20.72,0.8359148931904553788257778400
20.73,0.8359064409265727406837911476
20.74,0.8358978954660043637119783420
20.75,0.8358894579275096339880577733
20.76,0.8358809271829712920388410863
20.77,0.8358724033519667760937636677
20.78,0.8358639869500035431105280805
20.79,0.8358554791642532659051377197
20.80,0.8358470777982591737534506063
20.81,0.8358386833288247894609742370
20.82,0.8358301965436014975109405877
20.83,0.8358218167283897340028549247
20.84,0.8358133435881774094087941344
20.85,0.8358049784095749603918825452
20.86,0.8357965198149094906337265740
20.87,0.8357881691734868582940498611
20.88,0.8357797265053372612586084594
20.89,0.8357713893833185075193531433
20.90,0.8357630599088781166375024569
20.91,0.8357547372891649872844272545
20.92,0.8357463223079612391403367406
20.93,0.8357380142551073324163903989
20.94,0.8357296123974157800278566503
20.95,0.8357213181646982390526451411
20.96,0.8357130323504275896435800750
20.97,0.8357047522154955309106011786
20.98,0.8356963795283035409583608976
20.99,0.8356881137448710512466257606
21.00,0.8356798555640259893830338229
21.01,0.8356716041150346794554483227
21.02,0.8356633592597378360458057803
21.03,0.8356550215221626429301479979
21.04,0.8356467907065714739844188439
21.05,0.8356385673076246026234649135
21.06,0.8356303511342124129492618250
21.07,0.8356221406684617660711951569
21.08,0.8356139390805277303935061875
21.09,0.8356057429632519343807133681
21.10,0.8355974538913507058179869941
21.11,0.8355893713735493055181715452
21.12,0.8355810972837076432901131659
21.13,0.8355730295679139874835593370
21.14,0.8355647683931759331004876929
21.15,0.8355566138942961402629207850
21.16,0.8355484661541756003324660124
21.17,0.8355403258553925482423007241
21.18,0.8355321919984993314327362222
21.19,0.8355240638836449356964443800
21.20,0.8355160440798926756724942447
21.21,0.8355078313977877105309921552
21.22,0.8354998257111487319279215693
21.23,0.8354917248328522001207703709
21.24,0.8354836325129318056928923267
21.25,0.8354755466873952011527364497
21.26,0.8354674668414557378681570098
21.27,0.8354594946221926942282505026
21.28,0.8354513281506089112397097906
21.29,0.8354433693823408740951384694
21.30,0.8354353171453530570486030857
21.31,0.8354272713814317367878800371
21.32,0.8354192328361982433080505174
21.33,0.8354113002823534720084701546
21.34,0.8354032747989845173852692176
21.35,0.8353952558322949257842599912
21.36,0.8353872431895070156519678464
21.37,0.8353793375236817092596331764
21.38,0.8353713387890836209650876041
21.39,0.8353633470214928235026451329
21.40,0.8353554612193061261629775311
21.41,0.8353474822122886699151027527
21.42,0.8353395089016556227247517199
21.43,0.8353316438460133738362694605
21.44,0.8353236849982565418417097045
21.45,0.8353158314110580125930450940
21.46,0.8353078863662547076942840362
21.47,0.8352999455751614627786435455
21.48,0.8352921130186532714778690791
21.49,0.8352841863072599533786053051
21.50,0.8352763665232305766611290405
21.51,0.8352684534945203509270279379
21.52,0.8352606451261602234238592948
21.53,0.8352528451880063255058310329
21.54,0.8352449514798130166362628228
21.55,0.8352370642751281608543721782
21.56,0.8352292835524351853268713376
21.57,0.8352214086434103085288984013
21.58,0.8352136402915695559785434372
21.59,0.8352057784261623150417343178
21.60,0.8351980230286474040649986258
21.61,0.8351902743473727615700380203
21.62,0.8351824312911233189585770821
21.63,0.8351746966224724048938424449
21.64,0.8351669664077231013337588566
21.65,0.8351591439756822318207441291
21.66,0.8351514263297656043201009165
21.67,0.8351437154588920979242312734
21.68,0.8351359110284044911510726981
21.69,0.8351282139603297118313162522
21.70,0.8351205220691821938043531287
21.71,0.8351128375321149987347991629
21.72,0.8351050585031870246962590416
21.73,0.8350973861445941912352132366
21.74,0.8350897192057704453742399026
21.75,0.8350819596044503362902543225
21.76,0.8350743064520590651167959706
21.77,0.8350666579641474379808936352
21.78,0.8350590172096438940094536361
21.79,0.8350513821943694920877318389
21.80,0.8350437541594157322805722352
21.81,0.8350360311840269549065932496
21.82,0.8350284155993176533208517692
21.83,0.8350208052754972860424232679
21.84,0.8350132013376186396964746031
21.85,0.8350056036963385002828852001
21.86,0.8349980124694250474065392963
21.87,0.8349904268715694594695238313
21.88,0.8349828482229867856605516308
21.89,0.8349752756086567904621580013
21.90,0.8349677088543798328360444737
21.91,0.8349601481664158080082566904
21.92,0.8349525935033172204974638007
21.93,0.8349450450227435332452479274
21.94,0.8349375028474844096944293877
21.95,0.8349299662734257431854313577
21.96,0.8349224366999408138149533471
21.97,0.8349149133398049653418137813
21.98,0.8349073956524199024463931975
21.99,0.8348998834575891712642906632
22.00,0.8348923768810445633157834974
22.01,0.8348848779669725275182937788
22.02,0.8348774835346933578756568264
22.03,0.8348699960423978339308176759
22.04,0.8348624147401649236897622423
22.05,0.8348550390867897383839630957
22.06,0.8348475699009551817349144106
22.07,0.8348401066405105070741390398
22.08,0.8348326485569621755883029303
22.09,0.8348252970268727660564114319
22.10,0.8348178510320664170085008588
22.11,0.8348104118662751796421949070
22.12,0.8348029776641854579945994614
22.13,0.8347956505661815705309992598
22.14,0.8347882289557828409605567642
22.15,0.8347808125813752070828071154
22.16,0.8347734026062171191335380169
22.17,0.8347660982396827607036695771
22.18,0.8347587002985769347466678399
22.19,0.8347513081578278716791304745
22.20,0.8347440212369771103789372787
22.21,0.8347366417477654829592486206
22.22,0.8347293667520416338367528071
22.23,0.8347219975425058149703252907
22.24,0.8347146343763293239280701543
22.25,0.8347073780711807540617234531
22.26,0.8347000268849330760943177587
22.27,0.8346926811925819818437694510
22.28,0.8346854408912874928255645904
22.29,0.8346781082732295425968329077
22.30,0.8346708798433458027808784823
22.31,0.8346635580897301267854574560
22.32,0.8346562415180154946424473764
22.33,0.8346490313388956564311347946
22.34,0.8346418255305202814338634718
22.35,0.8346345274664367866381775455
22.36,0.8346273334898950867142349847
22.37,0.8346200461688658159067032034
22.38,0.8346128649291796427871987372
22.39,0.8346055884200235948318690900
22.40,0.8345984177110350179530345354
22.41,0.8345911529190913385802637577
22.42,0.8345839941961607323826956952
22.43,0.8345768411082118138792969931
22.44,0.8345695931650342266846421906
22.45,0.8345624517681569112180452525
22.46,0.8345552155099458694292800361
22.47,0.8345480848731541321107541570
22.48,0.8345409592051694309254623804
22.49,0.8345337412337473686750597585
22.50,0.8345266272250743306751841414
22.51,0.8345195189062427507719644032
22.52,0.8345124162720538833234451960
22.53,0.8345052195933233086071882433
22.54,0.8344981278652911594497145663
22.55,0.8344910427318464679715414864
22.56,0.8344839626249975165587538982
22.57,0.8344767881060874926838769023
22.58,0.8344697196078063831575822569
22.59,0.8344626566089529329172493773
22.60,0.8344555986247827048865768161
22.61,0.8344484462972158369537202389
22.62,0.8344413998146347140336035876
22.63,0.8344343599820807401374414092
22.64,0.8344273230705007207509054158
22.65,0.8344202937205075108192183941
22.66,0.8344131692856095775361478211
22.67,0.8344061494057707936445764996
22.68,0.8343991364351704447116773573
22.69,0.8343921280950129483249617258
22.70,0.8343851255763732285787525463
22.71,0.8343781296816923497029634330
22.72,0.8343711376027184885849504166
22.73,0.8343641511412452543964136299
22.74,0.8343571704896887928824784881
22.75,0.8343501954491972340797195140
22.76,0.8343432252128553869181381657
22.77,0.8343362602615282098109883043
22.78,0.8343293020137625957175242315
22.79,0.8343223486966166386229778369
22.80,0.8343154002540384091763120257
22.81,0.8343084583214680096530105674
22.82,0.8343015201758738154188561256
22.83,0.8342945886158311802108164009
22.84,0.8342876618370826428794555700
22.85,0.8342807405556775518204256281
22.86,0.8342738241317933525342049445
22.87,0.8342669137990558671491659015
22.88,0.8342600089542199994721279592
22.89,0.8342531092761401437105449830
22.90,0.8342462146255374091633343836
22.91,0.8342394251901171345723746254
22.92,0.8342325415953652289575419256
22.93,0.8342256630739672679590268718
22.94,0.8342187900217396548520561604
22.95,0.8342119220366551541057928969
22.96,0.8342050588811069588386270821
22.97,0.8341982024469344898014080992
22.98,0.8341914494931565866002508107
22.99,0.8341846029112048031640148647
23.00,0.8341778611477431625956557794
23.01,0.8341709247499653017998172214
23.02,0.8341641931651829697792346865
23.03,0.8341573676245254884017032276
23.04,0.8341505467821671760500849197
23.05,0.8341438317177023141386125196
23.06,0.8341370213734206087590515981
23.07,0.8341302163765184734236357931
23.08,0.8341234161762560373475266606
23.09,0.8341167212616135381611606892
23.10,0.8341099325081546410292874800
23.11,0.8341031477755007946464902953
23.12,0.8340964686649075976026580472
23.13,0.8340896950473586449210323894
23.14,0.8340830263041568000611693622
23.15,0.8340762623128174386156833752
23.16,0.8340695037236494321664804996
23.17,0.8340628501382534331765832041
23.18,0.8340561022407482962224464545
23.19,0.8340494585982397916408042400
23.20,0.8340427210073413687733533264
23.21,0.8340359884089602240823449265
23.22,0.8340293604878658960049107645
23.23,0.8340226371219401935238623300
23.24,0.8340160201721445893534788830
23.25,0.8340093062858936369885367182
23.26,0.8340026996084326928458371245
23.27,0.8339960971615417553658960927
23.28,0.8339893991211747370715319352
23.29,0.8339827070513694370120590541
23.30,0.8339761205146697037850159916
23.31,0.8339694382954478538441464599
23.32,0.8339628604312750936053168602
23.33,0.8339561885263385390793680228
23.34,0.8339496214387066028281981811
23.35,0.8339429590516718266921943629
23.36,0.8339364009262221487410107988
23.37,0.8339298486096956422970319248
23.38,0.8339232023780629874085027368
23.39,0.8339166600074056660094088466
23.40,0.8339101225192241445782890787
23.41,0.8339034906347372530365813159
23.42,0.8338969629946202971647647652
23.43,0.8338904405378549037514295496
23.44,0.8338838234499036199548611704
23.45,0.8338773102070354514454665258
23.46,0.8338708034478257167815405576
23.47,0.8338642999685972177519107450
23.48,0.8338577027167030249789244200
23.49,0.8338512096307911176294700943
23.50,0.8338447218179564391577948036
23.51,0.8338381378341757981278366335
23.52,0.8338316603158546759447897803
23.53,0.8338251871456301554562486579
23.54,0.8338187183529538520249295744
23.55,0.8338121561292618295007913951
23.56,0.8338056964958002850046926773
23.57,0.8337992430057472119704416184
23.58,0.8337927943027112346542552788
23.59,0.8337863508189980217458915690
23.60,0.8337799105037343894220557025
23.61,0.8337733760730737437758886678
23.62,0.8337669469960631745766374527
23.63,0.8337605222445377842117233038
23.64,0.8337541017588517576599900676
23.65,0.8337476869818829644158710283
23.66,0.8337411768532168908041877372
23.67,0.8337348713469259230785578523
23.68,0.8337283698486646104720182534
23.69,0.8337219741545661034144363507
23.70,0.8337155823808025083873706231
23.71,0.8337091965470874111232367749
23.72,0.8337028150188650679654456769
23.73,0.8336964385073439893076515449
23.74,0.8336900657423728588522382365
23.75,0.8336836987658571685371409727
23.76,0.8336773356946894791813856280
23.77,0.8336709769988465044102788329
23.78,0.8336646246098170404418982363
23.79,0.8336582754290738142061835857
23.80,0.8336519316312642620073330214
23.81,0.8336455932589355875324120295
23.82,0.8336392585750620857543293149
23.83,0.8336329284761200443700554185
23.84,0.8336266035848610721692254812
23.85,0.8336202828889149096009939618
23.86,0.8336139675587195119007166908
23.87,0.8336076563376558487173599045
23.88,0.8336014503947656003200340864
23.89,0.8335951486386183442623537497
23.90,0.8335888521549731470109454970
23.91,0.8335825587719224225160197082
23.92,0.8335762717376100675032966993
23.93,0.8335699880405457732636593344
23.94,0.8335637091229007823550643586
23.95,0.8335574348606580343762739833
23.96,0.8335512663730255890314747000
23.97,0.8335450017549526119060528518
23.98,0.8335387413045723212508602893
23.99,0.8335324858006374623066976319
24.00,0.8335263350617447977562946318
24.01,0.8335199878813639405504298306
24.02,0.8335138467003602374307299983
24.03,0.8335076086766024278134020478
24.04,0.8335013768042856361345100472
24.05,0.8334952490850630004308673199
24.06,0.8334890255936474245463951587
24.07,0.8334828061693013934439231870
24.08,0.8334765919672574804368075159
24.09,0.8334704820658649128563602048
24.10,0.8334642769058820456854394990
24.11,0.8334580753616404260926572385
24.12,0.8334518794722437037424699423
24.13,0.8334457871118191371327368212
24.14,0.8334396007201829495472096202
24.15,0.8334334164611079630689233563
24.16,0.8334273393206126391377618673
24.17,0.8334211644628594498644021119
24.18,0.8334150953279003579954458822
24.19,0.8334089307073739040504546322
24.20,0.8334028698050280282813819482
24.21,0.8333967144123025370591399145
24.22,0.8333905618864258463674524368
24.23,0.8333845154769522524584461517
24.24,0.8333783721645094751223684824
24.25,0.8333722341990380914234616312
24.26,0.8333661998561122375579904637
24.27,0.8333600710084681041085827236
24.28,0.8333540460128080166269598002
24.29,0.8333479251215860198563144184
24.30,0.8333419093114194970423815295
24.31,0.8333357977532585860329954574
24.32,0.8333296898040334985539363407
24.33,0.8333236874177857561254603561
24.34,0.8333176887869204625792379639
24.35,0.8333115942486590588886163561
24.36,0.8333056047756312975906502407
24.37,0.8332995186235560987934840784
24.38,0.8332935382171327766640781726
24.39,0.8332874608954960363118307201
24.40,0.8332814895467448983360358136
24.41,0.8332754205103936342403300675
24.42,0.8332694570606066450303441658
24.43,0.8332633970685808482607416614
24.44,0.8332574428896221976047807286
24.45,0.8332514918507973080743121447
24.46,0.8332454454715811874363534040
24.47,0.8332395035409059947772042162
24.48,0.8332334654137287048953383476
24.49,0.8332275322701534425837292400
24.50,0.8332216031554922610325607392
24.51,0.8332155772502272876111574498
24.52,0.8332096571389551302648880676
24.53,0.8332037410036616729297654678
24.54,0.8331978285122442227266431568
24.55,0.8331918208896169567136342221
24.56,0.8331859176767272554624452895
24.57,0.8331799177426278565352367838
24.58,0.8331740222781863036324114320
24.59,0.8331681322350044036942528202
24.60,0.8331622446748982321318498612
24.61,0.8331562628057367497645721556
24.62,0.8331503842693075672442897615
24.63,0.8331445110632796384709801961
24.64,0.8331386416231007911777328216
24.65,0.8331326753633697023863933412
24.66,0.8331268147829643141608567623
24.67,0.8331209571522881079833399802
24.68,0.8331151045050271326251940233
24.69,0.8331092550300730003344168683
24.70,0.8331034109345006132052183451
24.71,0.8330974705886136212481239505
24.72,0.8330916346994063449840399732
24.73,0.8330858026669926251092439361
24.74,0.8330799746031176387659068052
24.75,0.8330740506175557557145674329
24.76,0.8330682310803551402440091776
24.77,0.8330624162791340692748924894
24.78,0.8330566048398409275831780245
24.79,0.8330507973283002142407950881
24.80,0.8330449947705644893502390053
24.81,0.8330391962791604448524996605
24.82,0.8330334014305285474944824669
24.83,0.8330276107261500985662229704
24.84,0.8330217236600427752845951119
24.85,0.8330160417342359311437484483
24.86,0.8330102630123818662069942801
24.87,0.8330044891454355381033337968
24.88,0.8329986196192632336672094739
24.89,0.8329928532255293327202770562
24.90,0.8329870914566460806671631088
24.91,0.8329813328162905505041754194
24.92,0.8329755795086166820421583068
24.93,0.8329698298191328359766477478
24.94,0.8329640833180386697731783019
24.95,0.8329583420777303350083161765
24.96,0.8329526044489847433901191868
24.97,0.8329468709371110499728249935
24.98,0.8329412410323991265115142113
24.99,0.8329354151588158381233490597
25.00,0.8329297939698937803847224497
0.01,0.4730020739331325618381190668
0.02,0.4418314662719912641065842902
0.03,0.4411088569773755944543288087
0.04,0.4566964059849522064193635189
0.05,0.4652142950090633413991824428
0.06,0.4702145769844335493064473421
0.07,0.4732869045909057402983953316
0.08,0.4752186177314568349047189323
0.09,0.4764358231405754995825559885
0.10,0.4771856637324931209789487275
0.11,0.4776195174187163809832077562
0.12,0.4778342058484312900286792073
0.13,0.4778938786635951690482139167
0.14,0.4778422948000147995088040736
0.15,0.4777100312446756379880955255
0.16,0.4775188918333285012001773173
0.17,0.4772846967591363545991786285
0.18,0.4770190866294929375892233577
0.19,0.4767307394297803005930293364
0.20,0.4764261849089320882922509624
0.21,0.4761103820169110702623588799
0.22,0.4757871222558016663451168275
0.23,0.4754593185923501695920021216
0.24,0.4751292236505045531242693780
0.25,0.4747985741479202239631238726
0.26,0.4750120376746372164205644941
0.27,0.4752271728633095010725809740
0.28,0.4754449469178785540402599253
0.29,0.4756661394512655120974784027
0.30,0.4758908878082246461483193487
0.31,0.4761197077790823231991669184
0.32,0.4763530217882027195289463545
0.33,0.4765906822215886991751129581
0.34,0.4768331405380733890785524745
0.35,0.4770801440840031947578054740
0.36,0.4773318935522492609030754414
0.37,0.4775885639022161414341668708
0.38,0.4778498077571537010257293952
0.39,0.4781159212710458528611607879
0.40,0.4783865246343980565818468864
0.41,0.4786617203948863545864392169
0.42,0.4789416021062788612340162029
0.43,0.4792257626195369114206518829
0.44,0.4795144503849721361043343564
0.45,0.4798072495256023858180320281
0.46,0.4801042343624286881068825745
0.47,0.4804054813968145148493055936
0.48,0.4807105700753050680549472457
0.49,0.4810195723774216241966796824
0.50,0.4813325641761323016560627486
0.51,0.4816491316462211145895379049
0.52,0.4819694918671033502250488321
0.53,0.4822932680827706348034522850
0.54,0.4826204944579975902292382865
0.55,0.4829512837841421470977384554
0.56,0.4832852143198522558342443593
0.57,0.4836225339248956345213973278
0.58,0.4839628356255865280738374986
0.59,0.4843062070050140493527297138
0.60,0.4846527376380947487972507160
0.61,0.4859850546727039295382741166
0.62,0.4872849218395882144837854880
0.63,0.4885875721274505957887188169
0.64,0.4898929388023724215566769073
0.65,0.4912009570385241239346017304
0.66,0.4925115638815704312625063229
0.67,0.4938248624023090073990858833
0.68,0.4951404648787432391372632243
0.69,0.4964584779140404948472998671
0.70,0.4977788456153788557183365051
0.71,0.4991015137409009677981736936
0.72,0.5004264296525029026015579559
0.73,0.5017537064623711527364828083
0.74,0.5030829662108600132180041868
0.75,0.5044143249826436464263660603
0.76,0.5057477360857215814683700717
0.77,0.5070831542001261267269175629
0.78,0.5084205353337621838163413384
0.79,0.5097600009730348602433598316
0.80,0.5111011812656423063097800228
0.81,0.5124442001422861408181554608
0.82,0.5137890185017332422074547798
0.83,0.5151355911565348846031588838
0.84,0.5164839028426114629264861890
0.85,0.5178340532429892971872294728
0.86,0.5191857005124913373480161804
0.87,0.5205389678730854596896657287
0.88,0.5218938224241242100494542263
0.89,0.5232502321807941916435544894
0.90,0.5246081660435149911757434800
0.91,0.528175501572611
0.92,0.538877508159899
0.93,0.58623788485446
0.94,0.66490562836265
0.95,0.743573371870841
0.96,0.822241115379032
0.97,0.900908858887223
0.98,0.979576602395414
0.99,1.0582443459036
1.00,1.1369120894118
1.01,1.21557983291999
1.02,1.29424757642818
1.03,1.37291531993637
1.04,1.45158306344456
1.05,1.5302508069527507172029961959
1.06,1.5308144258457964356019898074
1.07,1.5319268420923578531651690731
1.08,1.5335740042268709893928268445
1.09,1.5357433049859515646390496866
1.10,1.5384245372323727995012746326
1.11,1.5416086044472762885351066427
1.12,1.5452874586344829730046374266
1.13,1.5494543939012149639406493734
1.14,1.5541033379769338122608005817
1.15,1.5592289368916509181319762050
1.16,1.5610935640443449990814003952
1.17,1.5519236457370565703121489551
1.18,1.5431483030107811374921840310
1.19,1.5344341427421300202814589634
1.20,1.5252831592727349335086807633
1.21,1.5164189820606999399306320788
1.22,1.5078141805316231493491689186
1.23,1.4994453563030948110670521962
1.24,1.4912923377609433503297255746
1.25,1.4833372037301844137055311599
1.26,1.4755647024926596088177444173
1.27,1.4679612155009634553818755289
1.28,1.4605146467135662308237888975
1.29,1.4532144423153778038170769072
1.30,1.4460507501307220231257918161
1.31,1.4390151505054775545163895639
1.32,1.4320996732777825631484355339
1.33,1.4252976912372009277933862831
1.34,1.4186023965806689804605414504
1.35,1.4120081868810383677165242249
1.36,1.4055096607984233224386277376
1.37,1.3991020686072820004303476430
1.38,1.3927808115478033687486961720
1.39,1.3865419897300378131522837262
1.40,1.3803816020137079531990311812
1.41,1.3742961638778695774191248761
1.42,1.3682825757201614124281049548
1.43,1.3623376993320632065442291560
1.44,1.3564588933501915811491396099
1.45,1.3506434325050426363679060609
1.46,1.3448889516004623707337182840
1.47,1.3391931901140410637997813492
1.48,1.3345878665151499293979620240
1.49,1.3320601882198255853015289199
1.50,1.3295675785071558178463632933
1.51,1.3271080622736227824653356492
1.52,1.3246802569974822727229143630
1.53,1.3222824689047349766582798006
1.54,1.3199134606803960563077041533
1.55,1.3175717879459271385060317839
1.56,1.3152562698023331577491320171
1.57,1.3129657750722576653133563607
1.58,1.3106990629457466482950177703
1.59,1.3084553302470290032225386479
1.60,1.3062333002612859283996759878
1.61,1.3040323816384875553746921771
1.62,1.3018514754440366399303399581
1.63,1.2996898608144852106656645292
1.64,1.2975467452720439131363403574
1.65,1.2954213332285702503973039719
1.66,1.2933132092022735890542365822
1.67,1.2912213559213908715180268689
1.68,1.2891453813437767442126369936
1.69,1.2870847335288579082662152565
1.70,1.2850387931685810046047297415
1.71,1.2830070128125531364505176347
1.72,1.2809890099983522977839604473
1.73,1.2789843206045695081707609393
1.74,1.2769923542583049684740149716
1.75,1.2750127728537737358742959141
1.76,1.2730453671973828412092927216
1.77,1.2710894958054240952028073118
1.78,1.2691449529393943256979382822
1.79,1.2672114631434724494554071372
1.80,1.2652885194043057872778209872
1.81,1.2633759638833788544888147760
1.82,1.2614734316397076223537870287
1.83,1.2595808643544288067885986707
1.84,1.2576977063297191412075931539
1.85,1.2558239513568175642810142588
1.86,1.2539592229196843050094531017
1.87,1.2521033112201384815957331697
1.88,1.2502561054737534252949082654
1.89,1.2484173673842284552750599064
1.90,1.2465869068688686384221197906
1.91,1.2447645042921284612331207741
1.92,1.2429499623086918752309370195
1.93,1.2411432971481934858005672768
1.94,1.2393440680925466087550006327
1.95,1.2375524327135641771544223267
1.96,1.2357680811967330546654808818
1.97,1.2339908162735933186293958712
1.98,1.2322206796213432681359984833
1.99,1.2304573470447736532407952044
2.00,1.2287009821255391738908721410
2.01,1.2272278472346330323418162449
2.02,1.2257528602501858494096340898
2.03,1.2242849535739821071617965079
2.04,1.2228239609891240720865944905
2.05,1.2213698069053051733523359946
2.06,1.2199224715581553920803838339
2.07,1.2184818883139042754847943910
2.08,1.2170478895838661765159715883
2.09,1.2156205241929351658800952499
2.10,1.2141996453273366213824692828
2.11,1.2127851794215374469397482973
2.12,1.2113771942772999610946580231
2.13,1.2099755197040297225219054472
2.14,1.2085801068055512416365766243
2.15,1.2071909951905803968859724300
2.16,1.2058081294797337156974569614
2.17,1.2044312450681185815001398008
2.18,1.2030604933762881791384357413
2.19,1.2016958124449457011061773004
2.20,1.2003371323228826093511810974
2.21,1.1989843130934165462495387499
2.22,1.1976374692784957833554120170
2.23,1.1962964468660565371155020831
2.24,1.1949612974500456489147666574
2.25,1.1936318378231534508378824878
2.26,1.1923082045318487148819953267
2.27,1.1909901441184816561414720385
2.28,1.1896778755344713715825519395
2.29,1.1883711470482611567290712461
2.30,1.1870699607486679831519865975
2.31,1.1857743696032258235015795799
2.32,1.1844841980177581813251851506
2.33,1.1831995757036194062987119732
2.34,1.1819203124189253077808580814
2.35,1.1806465500722428916354756464
2.36,1.1793780059931709837425565231
2.37,1.1781147997599865139775559375
2.38,1.1768568656353242742723870345
2.39,1.1756042086578747698278647772
2.40,1.1743566670316398867960094424
2.41,1.1731143426137433547575967045
2.42,1.1718771560109034878840120081
2.43,1.1706451397917491830635528827
2.44,1.1694179762947662760085406936
2.45,1.1681960038998234317926761597
2.46,1.1669789310457424008955515014
2.47,1.1657667637714061985967964533
2.48,1.1645595208793291758293049391
2.49,1.1633572085018239902800905930
2.50,1.1621596310851413208665272698
2.51,1.1609668997823756524221784702
2.52,1.1597789169307886065822995772
2.53,1.1585957018501924997635315885
2.54,1.1574170420305445364277007927
2.55,1.1562431474887510197979900968
2.56,1.1550737087735423738886715524
2.57,1.1539089535890045199537710114
2.58,1.1527486562014956229167774269
2.59,1.1515927250655954810908480967
2.60,1.1504413588337413519553857911
2.61,1.1492943643368384873811835902
2.62,1.1481518225286295228128767291
2.63,1.1470134298843098295849165970
2.64,1.1458793895954373126936366392
2.65,1.1447495927646933368472174160
2.66,1.1436240224886896602868165366
2.67,1.1425025881956142873420161441
2.68,1.1413852701287676785478205198
2.69,1.1402719527072813494295326371
2.70,1.1391626239682791757169518548
2.71,1.1380572912559826940079863470
2.72,1.1369560279192112279648725919
2.73,1.1358586189899354465225842028
2.74,1.1347649503445538932888773124
2.75,1.1336752075341123019620348696
2.76,1.1325890822995392531925161043
2.77,1.1315067553759562365488371109
2.78,1.1304281086641065898527167668
2.79,1.1293531135295442452454972898
2.80,1.1282816550949245060632486532
2.81,1.1272137276221583197131452455
2.82,1.1261492969617301528402474013
2.83,1.1250883453906000803191275512
2.84,1.1240307468694094056629719078
2.85,1.1229764946418602233949373934
2.86,1.1219255480578301429487991812
2.87,1.1208778836059658504239554255
2.88,1.1198333805417914741933685719
2.89,1.1187920232968498897738395374
2.90,1.1177538844135986998890896772
2.91,1.1167187244599131265450945932
2.92,1.1156865230388739366646633887
2.93,1.1146573591526431923546232783
2.94,1.1136311006457447603951052662
2.95,1.1126077025733422776800901354
2.96,1.1115871660987236694004732208
2.97,1.1105693352557648364562612798
2.98,1.1095541897067315040625990412
2.99,1.1085418017255903867854439387
3.00,1.1075319294753371807795920528
3.01,1.1065243044972613711235422965
3.02,1.1055865794536442480515613494
3.03,1.1046516903424556075472751802
3.04,1.1037196867511287557559100193
3.05,1.1027903565770659096324182603
3.06,1.1018638334570053142427455160
3.07,1.1009401203045256254648275215
3.08,1.1000191300602301987666935281
3.09,1.0991009797533188233081382574
3.10,1.0981855731984167650883875994
3.11,1.0972728468825991336638669135
3.12,1.0963629954774512773507099268
3.13,1.0954558206888897090685362943
3.14,1.0945515607773976513185809163
3.15,1.0936499018254356008590008486
3.16,1.0927509643822652431219306097
3.17,1.0918548675180083120085606631
3.18,1.0909615095052941043914478137
3.19,1.0900707993492183832847045551
3.20,1.0891828555584998635044385866
3.21,1.0882976740157357174053536192
3.22,1.0874151670230910938282071074
3.23,1.0865354550697927512980151370
3.24,1.0856583292380915300494898728
3.25,1.0847840038869446178413407948
3.26,1.0839123891758640996361772674
3.27,1.0830433920718702512118747892
3.28,1.0821770157833418467217348972
3.29,1.0813134690956637299770702544
3.30,1.0804524460946924306843899310
3.31,1.0795942739175732687130492055
3.32,1.0787386358640768728988463054
3.33,1.0778857556491395438460976923
3.34,1.0770353319093911998908853827
3.35,1.0761876641512437291916719051
3.36,1.0753426567512832819387304039
3.37,1.0745003220602536997637637846
3.38,1.0736605454173753283106958938
3.39,1.0728233558664225055151770846
3.40,1.0719887480298153508402114321
3.41,1.0711568220169223851729612361
3.42,1.0703274802104073935067469672
3.43,1.0695007135244919623594597693
3.44,1.0686765539410844466057871729
3.45,1.0678548741178158671841419982
3.46,1.0670358978892632509848192862
3.47,1.0662193149825072679262163868
3.48,1.0654054367688389569909907099
3.49,1.0645939523731961976614095298
3.50,1.0637850644745494369494248233
3.51,1.0629787774410246946447476539
3.52,1.0621750041666285923261176178
3.53,1.0613736258802168378550996565
3.54,1.0605747556870432332533098430
3.55,1.0597784906382666236467646953
3.56,1.0589846288714457752451325438
3.57,1.0581933631999957616174908198
3.58,1.0574044168397540142787660145
3.59,1.0566179621140298981155680230
3.60,1.0558340161811764153656076288
3.61,1.0550524773237635735960286714
3.62,1.0542733373573929627874307704
3.63,1.0534966949820049168611793948
3.64,1.0527224478169775906413723154
3.65,1.0519506154371946710928002271
3.66,1.0511811678760726843657551075
3.67,1.0504141309239996390513985319
3.68,1.0496495735530055354742742719
3.69,1.0488872151559122480936163890
3.70,1.0481272569420426415606439055
3.71,1.0473697739273383550321122045
3.72,1.0466145848982518887818298183
3.73,1.0458616739424251331333490906
3.74,1.0451111553049002701181789874
3.75,1.0443629162921764672051265845
3.76,1.0436170474577425028718068044
3.77,1.0428734474160047619953628351
3.78,1.0421321278667102538521991361
3.79,1.0413930806970830172199612462
3.80,1.0406564010291377285396613647
3.81,1.0399218763906443826149093729
3.82,1.0391897103935611646941916326
3.83,1.0384597095689602835473868153
3.84,1.0377320492582607411775394887
3.85,1.0370065468178420311849369126
3.86,1.0362832926886030738478588868
3.87,1.0355622762405064249485215905
3.88,1.0348433893923214173245769109
3.89,1.0341267438710679681394383879
3.90,1.0334123321751646460824016738
3.91,1.0327000435128040302409415565
3.92,1.0319898822021057008362204920
3.93,1.0312819345715942997221541180
3.94,1.0305761008794195860486917201
3.95,1.0298723762637769099884923854
3.96,1.0291708581301856382835057175
3.97,1.0284714361227385166562806584
3.98,1.0277741226645256519452209492
3.99,1.0270788871555891508955302031
4.00,1.0263857454160914100488785211
4.01,1.0257568330115092543331096668
4.02,1.0251298178386519809745336732
4.03,1.0245047674098142518963313531
4.04,1.0238817051116740983527640354
4.05,1.0232606177439004011380251779
4.06,1.0226414038279745598670134394
4.07,1.0220241412637839314115304412
4.08,1.0214088571013946447321916143
4.09,1.0207955314308115833095686994
4.10,1.0201840461509934970010170433
4.11,1.0195745213962924293345565374
4.12,1.0189668559501987344676528590
4.13,1.0183611183803324809361378820
4.14,1.0177572237353768185964455816
4.15,1.0171551556889118666982393781
4.16,1.0165551301430637706158342037
4.17,1.0159568248551617914256488337
4.18,1.0153603402637686914056319004
4.19,1.0147657808737924183430082869
4.20,1.0141730279744294833104198670
4.21,1.0135820880537511605859105758
4.22,1.0129930509187969724029865185
4.23,1.0124056016247980139649230145
4.24,1.0118201611231072130113060035
4.25,1.0112365063693781583184438343
4.26,1.0106545335387478740971152488
4.27,1.0100744398869646709270904765
4.28,1.0094960245184001615080628058
4.29,1.0089193861139340896594927398
4.30,1.0083445099002495204519611677
4.31,1.0077713913447130844840758641
4.32,1.0072000332409755681995257079
4.33,1.0066303187753936872042336551
4.34,1.0060623581673694217937122636
4.35,1.0054961360382302782762858149
4.36,1.0049316471330448103458620327
4.37,1.0043687960525131530839834512
4.38,1.0038075625040335330524158511
4.39,1.0032481466637828943480540002
4.40,1.0026903537926888715886799693
4.41,1.0021341655595236473107045731
4.42,1.0015796828823435203923708649
4.43,1.0010268038430634314905716857
4.44,1.0004756059485583147700697154
4.45,0.9999260068871057126284811109
4.46,0.9993780919590859657009860821
4.47,0.9988317482455646739138621483
4.48,0.9982868725278065741397873955
4.49,0.9977437718023645304006919244
4.50,0.9972022291438122390038991644
4.51,0.9966622435342371805695604831
4.52,0.9961238113468650197500477165
4.53,0.9955869083313537093596712486
4.54,0.9950515629043314880905602672
4.55,0.9945178384233644074124719920
4.56,0.9939856416254293520550566674
4.57,0.9934549689771951755935489644
4.58,0.9929257183127490016458494527
4.59,0.9923980633182346512745154709
4.60,0.9918719327240876735906130578
4.61,0.9913471798356781946651763649
4.62,0.9908240314497145272991028235
4.63,0.9903022730209269530360150191
4.64,0.9897820929601057484661186021
4.65,0.9892633849684269859471919936
4.66,0.9887460544095396377191645032
4.67,0.9882301792384040719849178484
4.68,0.9877157737877768858447031024
4.69,0.9872028156048214656806863388
4.70,0.9866911986306049037107462038
4.71,0.9861811280898056690792015542
4.72,0.9856722918015219068280099902
4.73,0.9851649831711005865965077012
4.74,0.9846590016341578888594265881
4.75,0.9841544293238750290404700606
4.76,0.9836512715192740306816878169
4.77,0.9831494160344734520388281718
4.78,0.9826489685391557357059448244
4.79,0.9821499040601159449606045692
4.80,0.9816521367154802086790220927
4.81,0.9811556428116153385304670656
4.82,0.9806605282033583022197359027
4.83,0.9801667904548002513385815684
4.84,0.9796743005624255642131796757
4.85,0.9791831873706200567219651830
4.86,0.9786933053339072188452846015
4.87,0.9782046897563381531634795736
4.88,0.9777173968245585476166362244
4.89,0.9772313385446245184707035805
4.90,0.9767466149405674058881056771
4.91,0.9762631210417534674752398774
4.92,0.9757808262663602921270949830
4.93,0.9752998420825785769740770194
4.94,0.9748199629873730634954024113
4.95,0.9743414938119365017516098915
4.96,0.9738642068969500600585737288
4.97,0.9733879993711313282080607099
4.98,0.9729130784321358079582481878
4.99,0.9724393262771783653207806891
5.00,0.9719668404303791210029998150
5.01,0.9715644174983681921790912439
5.02,0.9711128470008327807952387274
5.03,0.9706627603607094107502484547
5.04,0.9702141503288863940049163853
5.05,0.9697670206811663622530163152
5.06,0.9693214632947262143030320904
5.07,0.9688772563664792561400926325
5.08,0.9684344943603365382744839374
5.09,0.9679932758804057036828525395
5.10,0.9675533876100028202270777449
5.11,0.9671150203892176929584747604
5.12,0.9666779701594874951962948299
5.13,0.9662424228119457429197327835
5.14,0.9658082678015689058384181808
5.15,0.9653755007940283018471424918
5.16,0.9649440230507858170636446140
5.17,0.9645139090786416275074713638
5.18,0.9640852658998210701813461068
5.19,0.9636578658907499989703577999
5.20,0.9632319110047951251244983803
5.21,0.9628072024223740686374210127
5.22,0.9623838135569091683787332485
5.23,0.9619617527328518907305231146
5.24,0.9615409087224510490887068824
5.25,0.9611214584933940635207072961
5.26,0.9607033096125938546842951536
5.27,0.9602863429391066857561417530
5.28,0.9598706609005444103338221785
5.29,0.9594562556262697760099713063
5.30,0.9590430022649064128639085989
5.31,0.9586311103305425077898818136
5.32,0.9582202688691677274819040680
5.33,0.9578108622583489049356204174
5.34,0.9574024809383249549065043270
5.35,0.9569953343517751919668077864
5.36,0.9565894966336289280689432535
5.37,0.9561846672136003432338903530
5.38,0.9557811354223347973244526052
5.39,0.9553786881107599778455230235
5.40,0.9549774333764989189322860602
5.41,0.9545772493636738208178364572
5.42,0.9541782330332107312044651848
5.43,0.9537802849436903019714850202
5.44,0.9533835721272769798594037736
5.45,0.9529879214957822715200994740
5.46,0.9525932912728245946908426725
5.47,0.9521998008638935565621418935
5.48,0.9518074186688095399736740989
5.49,0.9514160614571313107837236771
5.50,0.9510257965256558443757076964
5.51,0.9506365356075489639025891314
5.52,0.9502483635901199687136248320
5.53,0.9498611810101827191674044923
5.54,0.9494750638671054896246200375
5.55,0.9490900215061655982203767808
5.56,0.9487058327785272169379255838
5.57,0.9483226942440469168934288760
5.58,0.9479406059761574599645535378
5.59,0.9475595446714877690343214637
5.60,0.9471793217845086075770507617
5.61,0.9468001115582139619629177628
5.62,0.9464219240349743446012741832
5.63,0.9460446485047420413468936470
5.64,0.9456682615137153671191060708
5.65,0.9452928632674636823375578424
5.66,0.9449183607789204284804594026
5.67,0.9445448327214537920187435725
5.68,0.9441721686120152983409860877
5.69,0.9438003772880530987612699383
5.70,0.9434295233264752927486796677
5.71,0.9430595305682099356719433621
5.72,0.9426903834562146351278124709
5.73,0.9423221610004330186886716225
5.74,0.9419547640561573706012387432
5.75,0.9415882876829513980014619714
5.76,0.9412225251898354822023689419
5.77,0.9408576694732709023766535059
5.78,0.9404937036711548939733883406
5.79,0.9401304343549807169549221122
5.80,0.9397680499785465967473757623
5.81,0.9394064407847919615597432369
5.82,0.9390456937260251219361924463
5.83,0.9386856169283294444217952544
5.84,0.9383263910790035905743479239
5.85,0.9379679116802387894424180854
5.86,0.9376102820953207258976697470
5.87,0.9372532775418623633367367813
5.88,0.9368970967562542650358757672
5.89,0.9365416499088813073419178572
5.90,0.9361870044949456676073593705
5.91,0.9358329706673518966620657025
5.92,0.9354796346794798464416035056
5.93,0.9351270989848792989055677376
5.94,0.9347752291960410284626776283
5.95,0.9344240551326449722841817840
5.96,0.9340735468005929010461998748
5.97,0.9337238109936963353371326809
5.98,0.9333747264776046370691476247
5.99,0.9330261943247987992607581078
6.00,0.9326784016988897232743347196
6.01,0.9323422052222876380644793436
6.02,0.9320193014668456803650942559
6.03,0.9316973049831751294566445464
6.04,0.9313763057121275979920279586
6.05,0.9310560982553478200556739834
6.06,0.9307367926309935638485424275
6.07,0.9304183721017205001509211784
6.08,0.9301009393826636931653516578
6.09,0.9297843977080377131645752762
6.10,0.9294687272484260824097314558
6.11,0.9291538425201370254743617558
6.12,0.9288399337688870945663572880
6.13,0.9285268945419855531570129904
6.14,0.9282147170451672767524923795
6.15,0.9279034138601797372675054820
6.16,0.9275929681857193270302491663
6.17,0.9272833807221617973206470087
6.18,0.9269746547318801419953636375
6.19,0.9266667818450093350985763219
6.20,0.9263597462971796882335367846
6.21,0.9260535697012165425820558118
6.22,0.9257482345039733126530947565
6.23,0.9254437323193979330793816239
6.24,0.9251400774771328022643973820
6.25,0.9248372506697379707606637067
6.26,0.9245352553716900880840629203
6.27,0.9242340940797325050845059413
6.28,0.9239337594156687885375069713
6.29,0.9236342438626835734470513630
6.30,0.9233354500998270452731246910
6.31,0.9230375697099568921515665647
6.32,0.9227403972055624841602206634
6.33,0.9224441526170842946397658305
6.34,0.9221487018118871822173897838
6.35,0.9218539648187705704414160365
6.36,0.9215600253664772677754633172
6.37,0.9212668850156086860133016296
6.38,0.9209745384114025021897482144
6.39,0.9206830962345590575471504628
6.40,0.9203922431737630009648008628
6.41,0.9201022699081892865881855183
6.42,0.9198130903135202136610251298
6.43,0.9195245959289388423679950296
6.44,0.9192369715287769959206805070
6.45,0.9189500277892194077389460417
6.46,0.9186638595268478549862521897
6.47,0.9183784674164195624396570836
6.48,0.9180938446366078399703908350
6.49,0.9178099852255936648351737166
6.50,0.9175267900739041762704128824
6.51,0.9172443545073522072769592385
6.52,0.9169627794786419566537230134
6.53,0.9166818650813151277077620529
6.54,0.9164017030356128115990630203
6.55,0.9161221872721449374305799728
6.56,0.9158434242400230453885383851
6.57,0.9155654940325398780326460083
6.58,0.9152882267218323385275412517
6.59,0.9150116871477614906980281316
6.60,0.9147358918181131601747024483
6.61,0.9144607308336588537663328913
6.62,0.9141862942744212932807418003
6.63,0.9139126970586726645455507733
6.64,0.9136397265507681896514326938
6.65,0.9133673804619470001535522386
6.66,0.9130958612768828834264169522
6.67,0.9128249625367555448193295232
6.68,0.9125547829628994268188951599
6.69,0.9122852096479748644998877593
6.70,0.9120164550550085168498710131
6.71,0.9117483134655885705770193787
6.72,0.9114808815571392646893487388
6.73,0.9112141494521648612707944321
6.74,0.9109480264786624869972738678
6.75,0.9106827072506890387686087394
6.76,0.9104179839720183839641862726
6.77,0.9101538605230139701813676377
6.78,0.9098904283313965242875825553
6.79,0.9096276841483746583680394810
6.80,0.9093656339914166330075698230
6.81,0.9091042672381784161715980469
6.82,0.9088434947693890689937271641
6.83,0.9085834006006166308694884041
6.84,0.9083239854872481980417107403
6.85,0.9080651555557108307539266785
6.86,0.9078069923031846965708212342
6.87,0.9075494110889568480838214078
6.88,0.9072925888023433538751708793
6.89,0.9070363455930068981355198414
6.90,0.9067807708537814502279427903
6.91,0.9065257595177505152832603041
6.92,0.9062714137073757983546133055
6.93,0.9060177269232682705690614541
6.94,0.9057647020145476248884186281
6.95,0.9055122252047019831281447755
6.96,0.9052604120254281931952417712
6.97,0.9050090433690949274277306716
6.98,0.9047585293805543152789521791
6.99,0.9045085636987339817957518049
7.00,0.9042645024349045425335529105
7.01,0.9040322279105228278046510576
7.02,0.9038006848309908653088537682
7.03,0.9035697556710258077627735485
7.04,0.9033395524418488817354327335
7.05,0.9031100596817623738317315358
7.06,0.9028811881363182976349561972
7.07,0.9026529229332230580791882927
7.08,0.9024254848605856878605450178
7.09,0.9021986384346349265026236937
7.10,0.9019724950853527135817069568
7.11,0.9017469594118581465825409061
7.12,0.9015221327496910263363250458
7.13,0.9012978891233993275444850206
7.14,0.9010743505185640577098739499
7.15,0.9008515009942546726669102389
7.16,0.9006292425608312064857866951
7.17,0.9004076692500187121325101188
7.18,0.9001866930950599509834361662
7.19,0.8999663968591615107648293661
7.20,0.8997467745281554982723337485
7.21,0.8995277389267044560086188210
7.22,0.8993093820205246271398363373
7.23,0.8990915986587708654771364186
7.24,0.8988744794920698768841438543
7.25,0.8986580400576470373034211163
7.26,0.8984421616563757575470196680
7.27,0.8982268585479520968484316369
7.28,0.8980122126905018249432644060
7.29,0.8977982277051848483384631701
7.30,0.8975848062022939230561625794
7.31,0.8973720325059726372429307864
7.32,0.8971598285574414514639497980
7.33,0.8969483680564567830563913212
7.34,0.8967373542475288081622194673
7.35,0.8965270002082775934084480717
7.36,0.8963172878708835343383545616
7.37,0.8961080123184957843436127401
7.38,0.8958994848065163792207835903
7.39,0.8956915004601784839183135084
7.40,0.8954841511634950452843732937
7.41,0.8952773407969157203588911502
7.42,0.8950711612345320761593082961
7.43,0.8948655176567562481637909758
7.44,0.8946605013221355211073365937
7.45,0.8944560080815579005533062179
7.46,0.8942521472237065205290433594
7.47,0.8940488065945916191506587148
7.48,0.8938460848232536638776684570
7.49,0.8936438891301574395305882995
7.50,0.8934423101051296963439261084
7.51,0.8932412430326199111988012219
7.52,0.8930407891530682963208506279
7.53,0.8928409537799427451119210818
7.54,0.8926416181492220471619847393
7.55,0.8924427976031351689648095474
7.56,0.8922445833732214643903538278
7.57,0.8920467708302104456951275896
7.58,0.8918496618110264970597180800
7.59,0.8916531505403487595592836404
7.60,0.8914570500217443838456302769
7.61,0.8912616345127896985257019874
7.62,0.8910666145298119131636468276
7.63,0.8908721874928236481707712610
7.64,0.8906783526505454107915970875
7.65,0.8904849967953801091703845974
7.66,0.8902921411370274967661097465
7.67,0.8900999699345122338840732054
7.68,0.8899081768343107907963110766
7.69,0.8897169656498209961871978736
7.70,0.8895262373981120039236817577
7.71,0.8893360890139566525809956299
7.72,0.8891465110391147561840905276
7.73,0.8889573184082345275973564781
7.74,0.8887687836241416302605321687
7.75,0.8885806310648801657894258173
7.76,0.8883930437412733221141920663
7.77,0.8882060254760441729574889056
7.78,0.8880194686146148429062103376
7.79,0.8878333783218146928886156527
7.80,0.8876478569328347198406578114
7.81,0.8874627883339357911978448085
7.82,0.8872782861603443862946321586
7.83,0.8870942336745778800528261578
7.84,0.8869107338466660146940077478
7.85,0.8867276919355111665344511383
7.86,0.8865451090244860025547588454
7.87,0.8863630708825248214508733400
7.88,0.8861814793282603200144495947
7.89,0.8860004401553278279012069777
7.90,0.8858198438680849000916084073
7.91,0.8856397869397558867540936434
7.92,0.8854601805257394849761847772
7.93,0.8852810104684313751087877646
7.94,0.8851023773643076027129538557
7.95,0.8849241888461085544962724691
7.96,0.8847464255048682230725228058
7.97,0.8845692020251368713659662923
7.98,0.8843925101037050076411501488
7.99,0.8842161575125476889394149746
8.00,0.8840404229837109125044501734
8.01,0.8838651143139951026462435122
8.02,0.8836901419836739138275801229
8.03,0.8835157926084280402063245454
8.04,0.8833418666645835368047566559
8.05,0.8831683607908449693990935192
8.06,0.8829952747312588860411347095
8.07,0.8828227086425975438998645884
8.08,0.8826505584270453237017811691
8.09,0.8824789248311781982864160386
8.10,0.8823077056432833661981282962
8.11,0.8821369981094682004191656913
8.12,0.8819667042849545856441534005
8.13,0.8817968099591108162701611082
8.14,0.8816274347683311192695475975
8.15,0.8814584583379613170236059300
8.16,0.8812898999540281646647242713
8.17,0.8811217348522901468525894662
8.18,0.8809541742736917668426636577
8.19,0.8807869176254580417868304843
8.20,0.8806201520875312493671258994
8.21,0.8804537956570106555180129935
8.22,0.8802879290093353690624118528
8.23,0.8801223620456433340052131772
8.24,0.8799573811027467989246929308
8.25,0.8797926938469262139936715116
8.26,0.8796285022559059516207053012
8.27,0.8794647032564350332706130171
8.28,0.8793013872285938660328626048
8.29,0.8791384601911527010889024517
8.30,0.8789760217895733649906388400
8.31,0.8788138646359127650140167013
8.32,0.8786522824495804404822427441
8.33,0.8784909956359487691781469931
8.34,0.8783301734858925962667706125
8.35,0.8781697462917317360791432995
8.36,0.8780096904848846249337230537
8.37,0.8778501054774776341721842112
8.38,0.8776909005721444541526046128
8.39,0.8775321647530981720262657497
8.40,0.8773737071026147593472313207
8.41,0.8772158141006173806190204098
8.42,0.8770581960534921053761299773
8.43,0.8769010448954458849884752099
8.44,0.8767442561308206682044515519
8.45,0.8765878366013730612105702488
8.46,0.8764318802043851550672454000
8.47,0.8762762936490400452445231705
8.48,0.8761211550896424152905939270
8.49,0.8759662939988435522498038074
8.50,0.8758119784029704488460113243
8.51,0.8756579299123522890504395774
8.52,0.8755043238619924192443504694
8.53,0.8753510917747094174510245749
8.54,0.8751982012738395224236356366
8.55,0.8750456729145846541674707858
8.56,0.8748936917760456537876555850
8.57,0.8747419619320968483903890975
8.58,0.8745906787732438827405602961
8.59,0.8744396425613132125452902992
8.60,0.8742891612632324017377782138
8.61,0.8741389251440015772110540985
8.62,0.8739891315267693624838240314
8.63,0.8738396722718618347488178355
8.64,0.8736906621821770443868536135
8.65,0.8735419049887518551626250276
8.66,0.8733935743019084994714697064
8.67,0.8732456841224333141545185262
8.68,0.8730980296703939866765012636
8.69,0.8729508130777138566283736490
8.70,0.8728040398616393383367442992
8.71,0.8726574930681894853072623751
8.72,0.8725113777026533105965374343
8.73,0.8723655957577505651804039891
8.74,0.8722202444901133923236884384
8.75,0.8720751240495941246782735566
8.76,0.8719304313214499187213679296
8.77,0.8717860684152927348466824426
8.78,0.8716421324851557804655809295
8.79,0.8714985228405530468160815852
8.80,0.8713552278847187706088971321
8.81,0.8712123684838128755883153518
8.82,0.8710697215795072318255922585
8.83,0.8709274979547777291533732056
8.84,0.8707855954623143474509226253
8.85,0.8706441134201219458909636009
8.86,0.8705029409172824487968528579
8.87,0.8703620978334317844360055845
8.88,0.8702215614928537245516233579
8.89,0.8700814329898769691491339192
8.90,0.8699416290117381768604177894
8.91,0.8698021318533394533717518322
8.92,0.8696629476650114808616196841
8.93,0.8695241766560357603802658538
8.94,0.8693857073001041900240685252
8.95,0.8692475504543123882269704019
8.96,0.8691098034001312694361054565
8.97,0.8689722661268557834075474918
8.98,0.8688352271275144609322336921
8.99,0.8686983857388941488196266149
9.00,0.8685619611186519562586250209
9.01,0.8684257231373332181671335137
9.02,0.8682898989150750499078448260
9.03,0.8681544710193368818366799319
9.04,0.8680193438929646893032980707
9.05,0.8678844104277188689821429858
9.06,0.8677498779718067916964095750
9.07,0.8676157373745124484661375662
9.08,0.8674817951516868975327387555
9.09,0.8673482430004751885839083279
9.10,0.8672150877809407833828384860
9.11,0.8670821213698018645482209197
9.12,0.8669495496173580939566923306
9.13,0.8668172649056223143808649123
9.14,0.8666852739429440533449072613
9.15,0.8665535677561784737271400689
9.16,0.8664221535821603083760538969
9.17,0.8662911221151746708167057322
9.18,0.8661604720901572128482491251
9.19,0.8660300125408652110769681892
9.20,0.8658999327157496939653660735
9.21,0.8657701424722842676830362951
9.22,0.8656406290953814507278741532
9.23,0.8655113942470715551139072943
9.24,0.8653825445729335293166215839
9.25,0.8652538714025215194109194199
9.26,0.8651255728646205623598654992
9.27,0.8649976586571885505854096378
9.28,0.8648699170801342435767059406
9.29,0.8647425492958866227321879779
9.30,0.8646154519966156867987514329
9.31,0.8644886364972530712180002716
9.32,0.8643621909622644081938468254
9.33,0.8642360147686365560998326375
9.34,0.8641100168961854007990333858
9.35,0.8639843767240403743154169601
9.36,0.8638591135676838917631849421
9.37,0.8637340176016450034044287777
9.38,0.8636092962336355702169208712
9.39,0.8634848301043108373573207475
9.40,0.8633607380794644923519283136
9.41,0.8632368092169856524962321464
9.42,0.8631132425287533055676317459
9.43,0.8629899380573601923864859716
9.44,0.8628668938398715204155221802
9.45,0.8627441210282165725965710221
9.46,0.8626216967611561616386708271
9.47,0.8624995427645031911848599852
9.48,0.8623776452919799004363181962
9.49,0.8622560057388549635023235719
9.50,0.8621347126990879236711946154
9.51,0.8620135863380266636025151413
9.52,0.8618928141647668556894111979
9.53,0.8617723966757956140926510997
9.54,0.8616521433664127409743642730
9.55,0.8615321331953739941866943588
9.56,0.8614124741387694711910298531
9.57,0.8612930685381549376771136898
9.58,0.8611739117675131586063912545
9.59,0.8610550072499169954440619080
9.60,0.8609364508072443295070402948
9.61,0.8608181543394392191732009719
9.62,0.8607000947696545697688490150
9.63,0.8605822836657819350379075305
9.64,0.8604647182920369990715414332
9.65,0.8603475006316978346196082687
9.66,0.8602305164659929834629675494
9.67,0.8601137885196021526464594201
9.68,0.8599973039911653269772098899
9.69,0.8598811527113543150979034436
9.70,0.8597652537958223845305384752
9.71,0.8596495884624866876869937386
9.72,0.8595341628784207228816518026
9.73,0.8594189790014210248037747413
9.74,0.8593040345677592373167420058
9.75,0.8591894296501839517952756213
9.76,0.8590749633849964341557368499
9.77,0.8589609259205425739831897130
9.78,0.8588470249404226741429668414
9.79,0.8587333616497145765386304241
9.80,0.8586200334171942173095698757
9.81,0.8585069408998149014179504202
9.82,0.8583940744869923643994717708
9.83,0.8582814416441943882659516769
9.84,0.8581690420782386557975096334
9.85,0.8580569755427556796155928238
9.86,0.8579451408797384995228088280
9.87,0.8578335292136809315988838254
9.88,0.8577221473082346602968745107
9.89,0.8576109858199118230235611315
9.90,0.8575001657812067401542975726
9.91,0.8573895643864414969441937765
9.92,0.8572791910240606736017995387
9.93,0.8571690357816839985731486699
9.94,0.8570591178544469261690737166
9.95,0.8569494065364743790939998943
9.96,0.8568400321501962569035353070
9.97,0.8567308724963940238434769771
9.98,0.8566219387399110421883724688
9.99,0.8565132188728373749895420538
10.00,0.8564047329028349045487345888
10.01,0.8563661779344595587327650753
10.02,0.8563237224569374141866661879
10.03,0.8562813382331302369652140705
10.04,0.8562390267302537781631153817
10.05,0.8561967958345470415451476563
10.06,0.8561546467853274556283627793
10.07,0.8561126786644308889952078215
10.08,0.8560707808854095777062737995
10.09,0.8560289550383904810840455145
10.10,0.8559872083461933895650929300
10.11,0.8559455419026362913833091230
10.12,0.8559040471202004997790418093
10.13,0.8558625315866299592964155996
10.14,0.8558211865288658350916910263
10.15,0.8557799210391236308882496231
10.16,0.8557387245412563102469016947
10.17,0.8556977071135453635371955975
10.18,0.8556566598135226354546833499
10.19,0.8556157905963050281119813212
10.20,0.8555749920029679683261370633
10.21,0.8555342703276813290904067560
10.22,0.8554936184478411245268012965
10.23,0.8554530454526827084593104004
10.24,0.8554126388029662157535055611
10.25,0.8553722008820807646269529805
10.26,0.8553319417510042271080324164
10.27,0.8552917593822447356653320642
10.28,0.8552517462943083033863394978
10.29,0.8552116988196194301774845652
10.30,0.8551718294749699662812431522
10.31,0.8551319272228904426251626078
10.32,0.8550921926065460115042274818
10.33,0.8550525336150107752707961013
10.34,0.8550129524213728345312153028
10.35,0.8549734270176617510215281796
10.36,0.8549340785975493079021225609
10.37,0.8548948058099056977844282795
10.38,0.8548554895178813740875041715
10.39,0.8548163493458665964152275460
10.40,0.8547773848652345987500979448
10.41,0.8547383850506948346437485625
10.42,0.8546994520546333135912899793
10.43,0.8546605838958931537355678664
10.44,0.8546218907912059606714424767
10.45,0.8545832626824585224962281408
10.46,0.8545447101097613194709764214
10.47,0.8545062114151778835785163410
10.48,0.8544678881022531816945626783
10.49,0.8544296291485916094027493185
10.50,0.8543913444631466951752327000
10.51,0.8543532230288065056648478694
10.52,0.8543151672986722821348602769
10.53,0.8542771737150454595023776541
10.54,0.8542392553547626308685108529
10.55,0.8542013999482942703968229038
10.56,0.8541637086600361536460168054
10.57,0.8541260798522960335951252224
10.58,0.8540885150141403204912841417
10.59,0.8540510221843135243411990050
10.60,0.8540135931765616082979716647
10.61,0.8539762260336010794499965329
10.62,0.8539390331822672589696907906
10.63,0.8539017911086009615897198233
10.64,0.8538647228513762165656841487
10.65,0.8538277158452501659279775792
10.66,0.8537907712841143873570988325
10.67,0.8537538884462479008990721471
10.68,0.8537170781939999307305514823
10.69,0.8536804185857879226258729961
10.70,0.8536438314211432762617914313
10.71,0.8536072050899105904295136675
10.72,0.8535707410105662849432869950
10.73,0.8535343370219482069544497776
10.74,0.8534979948684108972131875183
10.75,0.8534617232209699028906047260
10.76,0.8534256029398993121565520112
10.77,0.8533894521553634176486457789
10.78,0.8533534631992307362634132227
10.79,0.8533175338767942122864910784
10.80,0.8532816553184846084559026859
10.81,0.8532458462608228510081285806
10.82,0.8532102081590113166455952712
10.83,0.8531745187706936071415179224
10.84,0.8531388907943985486900156289
10.85,0.8531034211359830703405938833
10.86,0.8530680215096713695946416512
10.87,0.8530326709233994930099013438
10.88,0.8529973905617576600707655774
10.89,0.8529621579356173478260978739
10.90,0.8529270956613250647118382279
10.91,0.8528919815799140267335037696
10.92,0.8528570368052970745589774173
10.93,0.8528220500963630025250869573
10.94,0.8527872125642969949702407263
10.95,0.8527524429716551427783488395
10.96,0.8527178326773721371633416396
10.97,0.8526831692905611076908503803
10.98,0.8526485744960622276995849452
10.99,0.8526141376385524693615145800
11.00,0.8525796489979138662247669646
11.01,0.8525453275135803522724665976
11.02,0.8525110543661907826489064424
11.03,0.8524768480052606920280237292
11.04,0.8524426898560335348298341393
11.05,0.8524086980440589520910767103
11.06,0.8523746543194529005897745427
11.07,0.8523407668113344714802455482
11.08,0.8523068466120542477155676326
11.09,0.8522730728369302205353035571
11.10,0.8522393568115124899783758207
11.11,0.8522056958717182329471402815
11.12,0.8521720928854866093234889509
11.13,0.8521385448687935339152166621
11.14,0.8521051446828580510461229094
11.15,0.8520718095820025974194596018
11.16,0.8520384309755453095321411319
11.17,0.8520051979928655217393086786
11.18,0.8519720310580059632966215381
11.19,0.8519389093038154033098337547
11.20,0.8519058441343690073323650321
11.21,0.8518729333757762906104606958
11.22,0.8518399787570480915440589473
11.23,0.8518070789856221964471250751
11.24,0.8517743246862493274295926387
11.25,0.8517416354466993058441231204
11.26,0.8517089909104247748412941126
11.27,0.8516764013197705390227593342
11.28,0.8516438671925055027648116755
11.29,0.8516113866959776354678175840
11.30,0.8515790515488407804930786938
11.31,0.8515466799218231908103710412
11.32,0.8515144535310089180655156694
11.33,0.8514821805504941830274794188
11.34,0.8514500623662492774272901829
11.35,0.8514179874832715992867301429
11.36,0.8513859778226895827312872936
11.37,0.8513540108164584443355188244
11.38,0.8513221977290154281524694035
11.39,0.8512903385895309729598097563
11.40,0.8512586332569288400968759299
11.41,0.8512269700407588904076796232
11.42,0.8511952617112639940169398713
11.43,0.8511637055976947593316830055
11.44,0.8511322034008798230493905263
11.45,0.8511007433148178645406811006
11.46,0.8510693370378184532756480241
11.47,0.8510380827671478897060126423
11.48,0.8510067818710564866644471050
11.49,0.8509756228776121378783398631
11.50,0.8509444276771657616495622489
11.51,0.8509133634233491340151937435
11.52,0.8508823624762971377541837677
11.53,0.8508514034609746087190546167
11.54,0.8508204973183411798388103367
11.55,0.8507896419223017899637799367
11.56,0.8507588389684560700092331994
11.57,0.8507281785878244423807344374
11.58,0.8506974700252091208539756696
11.59,0.8506669022008607889659910034
11.60,0.8506363860948327335615995513
11.61,0.8506059223569883892166196148
11.62,0.8505754095805623301617284802
11.63,0.8505450376719624559527709197
11.64,0.8505148174659982800588948322
11.65,0.8504845482580765894968292756
11.66,0.8504543204679807335155747227
11.67,0.8504242432047142476132459776
11.68,0.8503941066054951649330001239
11.69,0.8503641311360053115430715901
11.70,0.8503341970675528403763951195
11.71,0.8503043024948317426460169981
11.72,0.8502744578866489117266512765
11.73,0.8502446652249428381897469938
11.74,0.8502149226075349162342978298
11.75,0.8501852192960722376758257053
11.76,0.8501556565897760304134255029
11.77,0.8501260446481929416195258733
11.78,0.8500965823864339750332759353
11.79,0.8500671692434702933393807146
11.80,0.8500377961889026497258336850
11.81,0.8500083737043580685279279443
11.82,0.8499790903875996267300628777
11.83,0.8499499561730651725329541046
11.84,0.8499207610363746906842237050
11.85,0.8498916166052129398618837898
11.86,0.8498626206423200246403144748
11.87,0.8498335644685109948540984052
11.88,0.8498046570001559880818812334
11.89,0.8497756984100995139733931840
11.90,0.8497468692799205424304886011
11.91,0.8497180988821174800502543232
11.92,0.8496893668740454251690281381
11.93,0.8496606840512249579418264800
11.94,0.8496320393389363030832266821
11.95,0.8496035437210507445910421567
11.96,0.8495749862829926146420068047
11.97,0.8495465676910942530026983742
11.98,0.8495181075376437403966361679
11.99,0.8494897844646247113262392986
12.00,0.8494615000692849984959527541
12.01,0.8494331640171780027767865389
12.02,0.8494049655523870309069605573
12.03,0.8493769158231098853044887742
12.04,0.8493488131141463606025981967
12.05,0.8493207487253379352363083446
12.06,0.8492928215994681755817397853
12.07,0.8492648423789819766774355930
12.08,0.8492369000095402134700330601
12.09,0.8492091057863985874070936408
12.10,0.8491813583305278530755015890
12.11,0.8491535394076326899668364208
12.12,0.8491258760401923661465948742
12.13,0.8490982509750696488277679762
12.14,0.8490707623266616878129540786
12.15,0.8490432210969533468670479713
12.16,0.8490157165278750198786804934
12.17,0.8489883589671686852404704851
12.18,0.8489609376564714288068407911
12.19,0.8489336640659737897163483557
12.20,0.8489063261757011601851871099
12.21,0.8488791252673164779202568951
12.22,0.8488518701696388641027365072
12.23,0.8488248621086059744223257050
12.24,0.8487976799150548368822511272
12.25,0.8487707550005361263989743264
12.26,0.8487437550839391935850880158
12.27,0.8487168119028946081094113040
12.28,0.8486899937760917281606712222
12.29,0.8486631230902560450996758871
12.30,0.8486362869207419740650028944
12.31,0.8486095973252629256557421282
12.32,0.8485829530846438938983055364
12.33,0.8485562348807065191297430284
12.34,0.8485296619529096281108431760
12.35,0.8485031351107174105825685798
12.36,0.8484767328851898537000890073
12.37,0.8484502867932278443693286011
12.38,0.8484238653678591459939019891
12.39,0.8483974898708050592555118559
12.40,0.8483712589646563174652224908
12.41,0.8483449535814026210619742735
12.42,0.8483186927138693211258662130
12.43,0.8482925772918686990488579227
12.44,0.8482664963109050355858494433
12.45,0.8482404506986171349832253767
12.46,0.8482144495720009685910621890
12.47,0.8481883832906106268519621244
12.48,0.8481625509748188183272230428
12.49,0.8481366643197133207628718072
12.50,0.8481108111120603653972407895
12.51,0.8480849931607519540958336269
12.52,0.8480592190276808403829744845
12.53,0.8480335795180515360216025928
12.54,0.8480079738689491054983026898
12.55,0.8479824128827278779819503663
12.56,0.8479567851314904943776831162
12.57,0.8479312924091907437588590179
12.58,0.8479058429622816629827266439
12.59,0.8478804280309373157442955013
12.60,0.8478550463041606393039172243
12.61,0.8478297086924533030468003216
12.62,0.8478044049775609424035437193
12.63,0.8477791348695137386598131871
12.64,0.8477540074982281297525211538
12.65,0.8477288147526322468812025577
12.66,0.8477037547791007624125473271
12.67,0.8476786285991842671181261212
12.68,0.8476536450175984776217744092
12.69,0.8476286956942163966742828767
12.70,0.8476036788992652479043011877
12.71,0.8475788055951845251300848539
12.72,0.8475539650172340243828212333
12.73,0.8475292576975641448507978493
12.74,0.8475044930350253182957185059
12.75,0.8474797518247975841587800219
12.76,0.8474551529400717921890031768
12.77,0.8474304874383839420392040320
12.78,0.8474058638678813616922122196
12.79,0.8473813736115856651406683625
12.80,0.8473568152201423414646727825
12.81,0.8473323900745124458870893406
12.82,0.8473080067278278896032831644
12.83,0.8472836463952240075356166516
12.84,0.8472593282162729162405658535
12.85,0.8472350523992550530381984701
12.86,0.8472107982506487463949242360
12.87,0.8471865872359397624807491238
12.88,0.8471624074061319219353387032
12.89,0.8471383604784679169959305004
12.90,0.8471141546727927647697737210
12.91,0.8470901717017107405675293041
12.92,0.8470662298775272841736500535
12.93,0.8470422203184246677452599789
12.94,0.8470183520940200448183666861
12.95,0.8469945061560568073490469257
12.96,0.8469706014023858014382774219
12.97,0.8469469287063816420705567808
12.98,0.8469231869683105485942768328
12.99,0.8468994772233147334284102138
13.00,0.8468757083740689386151906934
13.01,0.8468520708403324516895131210
13.02,0.8468285652035420758123588280
13.03,0.8468049908184778026047146340
13.04,0.8467815470422046514166724493
13.05,0.8467580453105703309041351672
13.06,0.8467346637194062568913417947
13.07,0.8467112237031992746370415885
13.08,0.8466879144152093719653307653
13.09,0.8466646456251187005476302654
13.10,0.8466412987198183684056426223
13.11,0.8466180922514584362350059523
13.12,0.8465949063887548797594674462
13.13,0.8465717617493865313105945430
13.14,0.8465486466877499604442752082
13.15,0.8465256681897460607459438833
13.16,0.8465026187752677132862508395
13.17,0.8464796006931549007382358438
13.18,0.8464566146815240325800370099
13.19,0.8464337631053674824833038938
13.20,0.8464108401681242018691439084
13.21,0.8463880502107871001598479823
13.22,0.8463652916706105384110741875
13.23,0.8463425650504207772151060499
13.24,0.8463197687897763523894661188
13.25,0.8462971047890904945685521619
13.26,0.8462744726854955976955924353
13.27,0.8462518704612633670922025511
13.28,0.8462293008450594246551572136
13.29,0.8462067624363710742886021504
13.30,0.8461842528238949123273153948
13.31,0.8461617753613906586761903920
13.32,0.8461394298347664299604457795
13.33,0.8461170148025479709389225500
13.34,0.8460947294856977125156692252
13.35,0.8460723746064194003458109823
13.36,0.8460500517740560710890503837
13.37,0.8460278583647086507335279000
13.38,0.8460056953698681595503430168
13.39,0.8459835621304288672625102328
13.40,0.8459614608238426355132843560
13.41,0.8459393890726935017133877184
13.42,0.8459173481978873797147046470
13.43,0.8458953348242372730217396121
13.44,0.8458733542707643637589786467
13.45,0.8458514025908346964727647809
13.46,0.8458294794950397705464842620
13.47,0.8458075877645383038926714660
13.48,0.8457858260331977380310972911
13.49,0.8457639926421723840204597901
13.50,0.8457422889572032526093448993
13.51,0.8457205151791458071112925536
13.52,0.8456988696724461175626952178
13.53,0.8456772562009538964403010075
13.54,0.8456555693954751196712094974
13.55,0.8456340125717799687176019672
13.56,0.8456124845331752134908584160
13.57,0.8455909866734278198822507686
13.58,0.8455695169214636270617043503
13.59,0.8455480755447855085363276680
13.60,0.8455266645977904394492431746
13.61,0.8455053813495851420858449506
13.62,0.8454840267749396021953840094
13.63,0.8454627015928876059234458525
13.64,0.8454414038694307645666366575
13.65,0.8454201359041448133648493250
13.66,0.8453989955106689044424789396
13.67,0.8453777830801303849452593182
13.68,0.8453567991655341566826379705
13.69,0.8453356451618065738572914180
13.70,0.8453146176296954478693140192
13.71,0.8452935177948872314040493082
13.72,0.8452726469040176953478685262
13.73,0.8452516037145933674377398794
13.74,0.8452306877225296946858482419
13.75,0.8452098014446705378795769413
13.76,0.8451889407827502166579715130
13.77,0.8451682092562465649010534254
13.78,0.8451473051899529836611928168
13.79,0.8451266296188646356682326537
13.80,0.8451058785821177156293782362
13.81,0.8450852571924976122823374722
13.82,0.8450645625984111383182690755
13.83,0.8450439960291692436285027255
13.84,0.8450233552405324164193045742
13.85,0.8450027432298690239572484670
13.86,0.8449822575900184511434833871
13.87,0.8449617988777677421975334503
13.88,0.8449413680112129371231648001
13.89,0.8449209615005151055466772851
13.90,0.8449005846228327549473161659
13.91,0.8448802340541495588515093005
13.92,0.8448599092336404683344272992
13.93,0.8448396105117792048336313451
13.94,0.8448193414897594680431341998
13.95,0.8447990958757397885340911199
13.96,0.8447788782298040662838074997
13.97,0.8447587869177520889336387984
13.98,0.8447386218821781170341246481
13.99,0.8447185831607994969479262305
14.00,0.8446984703143001542649880687
14.01,0.8446784825466937147481672723
14.02,0.8446584231491833720063365191
14.03,0.8446384884327747170825858337
14.04,0.8446184810385244764005685646
14.05,0.8445985981176794457396543067
14.06,0.8445787416351067692199168994
14.07,0.8445589117680814021922154807
14.08,0.8445391064290171937078503205
14.09,0.8445193273382317724862867356
14.10,0.8444995737508218940595761358
14.11,0.8444798460179865602883429304
14.12,0.8444601425593674322497004660
14.13,0.8444404649314882565474900161
14.14,0.8444208130431154150415597553
14.15,0.8444012874305117268675632926
14.16,0.8443816875121016778360117768
14.17,0.8443622109898834313944454590
14.18,0.8443426599530332028186907988
14.19,0.8443232352692796878743135104
14.20,0.8443037338623289385344740448
14.21,0.8442843581083194698903358770
14.22,0.8442649082434104853064957982
14.23,0.8442455826461664262204629459
14.24,0.8442262822369194922735649414
14.25,0.8442069052299799871465238452
14.26,0.8441876541895561193685801060
14.27,0.8441684270048171246993123861
14.28,0.8441493252596083293667692641
14.29,0.8441300483159938762130915771
14.30,0.8441109946036667031508269084
14.31,0.8440918653247397464697171159
14.32,0.8440727623966603361697563160
14.33,0.8440536810253522783269750238
14.34,0.8440346257971544869842868309
14.35,0.8440156942577857508720937136
14.36,0.8439966871458120622399361487
14.37,0.8439778040177993279312891281
14.38,0.8439588447739631869466242176
14.39,0.8439400089736797958482018653
14.40,0.8439210975178581813575067485
14.41,0.8439023109630944729533494383
14.42,0.8438834468806375435103934141
14.43,0.8438647063249513850852811819
14.44,0.8438459911997713128902594316
14.45,0.8438272985614345309836317842
14.46,0.8438086303120412759013527201
14.47,0.8437899843460196046929171738
14.48,0.8437713640575805628032519097
14.49,0.8437527646826220815132016092
14.50,0.8437341896141877266280945330
14.51,0.8437156377504206573128857569
14.52,0.8436972099885430152092979713
14.53,0.8436787047200067061476923754
14.54,0.8436602223483646470341310455
14.55,0.8436417629398156803816961876
14.56,0.8436234288784576177161225199
14.57,0.8436050155786225524531083966
14.58,0.8435867265849080814547277060
14.59,0.8435684591514985692741531836
14.60,0.8435501154469771577649677783
14.61,0.8435318941745476482030871521
14.62,0.8435135967541667760044193764
14.63,0.8434954211430617982541051063
14.64,0.8434772679060561563625547249
14.65,0.8434590386000717815116135765
14.66,0.8434410307453836992877029078
14.67,0.8434228450435164710447610430
14.68,0.8434048829119931372885943891
14.69,0.8433867433135703189537242062
14.70,0.8433688264586191157346980812
14.71,0.8433508299359554571159642612
14.72,0.8433328569543696018939605960
14.73,0.8433149065957952034501362119
14.74,0.8432969775761204625454968653
14.75,0.8432791699790637788525375149
14.76,0.8432612851530871168982823996
14.77,0.8432435227725816340449821605
14.78,0.8432256832889538991115841268
14.79,0.8432079639915567906516062216
14.80,0.8431901672349161878127637469
14.81,0.8431724924760669943754240266
14.82,0.8431547393774950489016521671
14.83,0.8431370084476365517085799291
14.84,0.8431194994547853201120637099
14.85,0.8431018110625039906472545186
14.86,0.8430842452601537161594148390
14.87,0.8430667001876069914433103859
14.88,0.8430491770272761297204580963
14.89,0.8430316741871768763506376879
14.90,0.8430141939101763624782256424
14.91,0.8429967359175768294808509681
14.92,0.8429792972400639125448086306
14.93,0.8429618800721918791374662125
14.94,0.8429444856575620922857231201
14.95,0.8429272119822085240529821799
14.96,0.8429098582420813817704604631
14.97,0.8428925265590851961884417846
14.98,0.8428753165638349967725169396
14.99,0.8428580261166597080848731326
15.00,0.8428407566992933101376506120
15.01,0.8428236090625984109797908682
15.02,0.8428063815654007173960311850
15.03,0.8427892755452095823602176964
15.04,0.8427721906291744259751680591
15.05,0.8427550251185538165217938220
15.06,0.8427379805147718042540572292
15.07,0.8427209584814775461831017489
15.08,0.8427039548034927560530125832
15.09,0.8426869734973607892744949022
15.10,0.8426700108166774796728423915
15.11,0.8426530701694639643431881875
15.12,0.8426361488114064674409357084
15.13,0.8426191477560507788391223493
15.14,0.8426022670949742107406881055
15.15,0.8425855084002047594411428592
15.16,0.8425685684425722877347574571
15.17,0.8425518498291618741403637108
15.18,0.8425350484557740609188269427
15.19,0.8425183702827632088555015864
15.20,0.8425016119161584670412942832
15.21,0.8424848713928182534323195297
15.22,0.8424681526430156017351274033
15.23,0.8424515533998241455203317049
15.24,0.8424349745494232521122980604
15.25,0.8424183146341672390874668611
15.26,0.8424017741569478674576548854
15.27,0.8423851548790265047838541870
15.28,0.8423686556320975827743480671
15.29,0.8423521746307699694982347819
15.30,0.8423356129252346631069091621
15.31,0.8423191718920238827933594386
15.32,0.8423027510068455225121000298
15.33,0.8422863489107691277878612424
15.34,0.8422698646378431065681440094
15.35,0.8422535022663318750969185052
15.36,0.8422371589794226269601393529
15.37,0.8422209334198917210349340523
15.38,0.8422045289142709110984987787
15.39,0.8421883417876029988570955625
15.40,0.8421720753424646404602547179
15.41,0.8421558282443110332512101326
15.42,0.8421395996335536412445507668
15.43,0.8421233907921795965533471141
15.44,0.8421073001172119785212581320
15.45,0.8420911287258069415391366081
15.46,0.8420750767615783053442962381
15.47,0.8420589430494533339880036741
15.48,0.8420429293604764730180758363
15.49,0.8420268337650283977390583817
15.50,0.8420108568744893501536179311
15.51,0.8419947986248288821040983981
15.52,0.8419788600978990382253222455
15.53,0.8419628398934686042574813319
15.54,0.8419469379564848588758640219
15.55,0.8419310548607537752387462992
15.56,0.8419150903300601213440105213
15.57,0.8418992444469495794917183466
15.58,0.8418834169353040987348157572
15.59,0.8418676083259705958016857009
15.60,0.8418518164895339987325207201
15.61,0.8418360459733410053582451474
15.62,0.8418202923216216784302465530
15.63,0.8418045563925279373433218410
15.64,0.8417888385826851913056988448
15.65,0.8417731405847062444533110943
15.66,0.8417575592760319031256936991
15.67,0.8417418968678913404483590919
15.68,0.8417262524026871620664396657
15.69,0.8417106266898383544356982653
15.70,0.8416951177280161620442753338
15.71,0.8416795274890302168041792405
15.72,0.8416639559730901678100337594
15.73,0.8416485019868446994076435340
15.74,0.8416329648595890274987568854
15.75,0.8416175462328141999309672246
15.76,0.8416020461097983389637337916
15.77,0.8415866627857531368495903279
15.78,0.8415712977741558809225677713
15.79,0.8415559505326203911690695743
15.80,0.8415405205761473560249774937
15.81,0.8415252081972018169286120319
15.82,0.8415099145160719620356036351
15.83,0.8414945381072921989659793225
15.84,0.8414792779292357844241175221
15.85,0.8414640362716411859693259222
15.86,0.8414488122564163673341390811
15.87,0.8414336052943935660865713266
15.88,0.8414184157834637731182098171
15.89,0.8414032434620410460883770942
15.90,0.8413880892909174005680813549
15.91,0.8413729516650729818262873892
15.92,0.8413578300533402153465047747
15.93,0.8413427289583257204413207558
15.94,0.8413276416879527526508183653
15.95,0.8413126737421053068673713807
15.96,0.8412976227591177475825136052
15.97,0.8412826882361596656148107647
15.98,0.8412675707575593171682894658
15.99,0.8412526700056974680453912243
16.00,0.8412376865429230302981863612
16.01,0.8412228202137155726005348922
16.02,0.8412078698770716682109453123
16.03,0.8411930382140562441232854254
16.04,0.8411782220559168727646907142
16.05,0.8411633228439483199602831167
16.06,0.8411485402743995076542649234
16.07,0.8411336755935748698903779111
16.08,0.8411189256648648874929400781
16.09,0.8411041945981330407239942637
16.10,0.8410894784220019835751904111
16.11,0.8410746796029038595821966205
16.12,0.8410599964421430851175907892
16.13,0.8410453326119429540459904767
16.14,0.8410306824583863132419993287
16.15,0.8410160499236097076933421064
16.16,0.8410014332043577555258745055
16.17,0.8409868342414556984879974806
16.18,0.8409722497417641630310725010
16.19,0.8409576819723520162046412234
16.20,0.8409431313320195770991383363
16.21,0.8409285977048686865330990072
16.22,0.8409140786555635897158729976
16.23,0.8408995771210158121353532896
16.24,0.8408851913037077496245643047
16.25,0.8408707208117070158712667065
16.26,0.8408563666851440607988258261
16.27,0.8408419282352172450294296257
16.28,0.8408275067132679959556880624
16.29,0.8408132019927989933920832651
16.30,0.8407988127534151168184154047
16.31,0.8407845387630847703234485687
16.32,0.8407701817489455166638239315
16.33,0.8407559384390775840601000567
16.34,0.8407416125626631107339764353
16.35,0.8407274020488826829442583279
16.36,0.8407131081338148217368857182
16.37,0.8406989285698974478693843130
16.38,0.8406847661675226794177503495
16.39,0.8406706201231305283756831744
16.40,0.8406563875989440633936402535
16.41,0.8406422713630379828848076632
16.42,0.8406281718156777932786913558
16.43,0.8406140862237228833521616301
16.44,0.8406000173946993420791919885
16.45,0.8405859646616997504424369708
16.46,0.8405719268946368170639285662
16.47,0.8405579036883795872970159687
16.48,0.8405438960787648439638591150
16.49,0.8405299050045477594986765030
16.50,0.8405159273416471720514811349
16.51,0.8405019661888618702713110234
16.52,0.8404880205897298727606287351
16.53,0.8404741898475631828794033309
16.54,0.8404602734023769468723247986
16.55,0.8404463749528960714448945033
16.56,0.8404324900145263984411297353
16.57,0.8404187201836120319657497093
16.58,0.8404048648427040304388565796
16.59,0.8403911242859765264596703677
16.60,0.8403773001227764904114616921
16.61,0.8403634905553108405135433239
16.62,0.8403497959363176141057175292
16.63,0.8403360173500701910594211526
16.64,0.8403223521906577719965684916
16.65,0.8403086027454292394466781189
16.66,0.8402949682970458134809381878
16.67,0.8402813490382803045383917604
16.68,0.8402677421656211912232020231
16.69,0.8402540517944388887828268032
16.70,0.8402404768749743875081811824
16.71,0.8402269167693628345327748497
16.72,0.8402132706714041179440817683
16.73,0.8401997389909722410642358942
16.74,0.8401862219649847918927549233
16.75,0.8401727195479385641680744062
16.76,0.8401592320076545269309626019
16.77,0.8401457595463527285211022442
16.78,0.8401323015331775823394280284
16.79,0.8401188569238149192270850493
16.80,0.8401054281439907740917091482
16.81,0.8400919139444419838170010887
16.82,0.8400786120613461889630859981
16.83,0.8400652270283903070204125932
16.84,0.8400518553805464100403081612
16.85,0.8400384970752596849904872788
16.86,0.8400252546933080188201734845
16.87,0.8400119255015405440046500741
16.88,0.8399986115600736902284074091
16.89,0.8399853114046408180762533559
16.90,0.8399720255722492661981554019
16.91,0.8399588535053565589710110501
16.92,0.8399455964814250927821709825
16.93,0.8399324532013152000453325515
16.94,0.8399192232033846778744523172
16.95,0.8399061069289472181062364707
16.96,0.8398929066543281886784633184
16.97,0.8398798194677325719303368476
16.98,0.8398666464233138616737442618
16.99,0.8398535870601783329454111737
17.00,0.8398404417549137001104840958
17.01,0.8398274089471297169339522957
17.02,0.8398143922390043933863000254
17.03,0.8398012875588227130730197118
17.04,0.8397882977934185377448235545
17.05,0.8397753226476735735210661032
17.06,0.8397623605001666121686996332
17.07,0.8397494116250384094483674711
17.08,0.8397364767865574935114719124
17.09,0.8397234559168304095229681656
17.10,0.8397105478991734277697452079
17.11,0.8396976543027397329479894829
17.12,0.8396847750651180230200118899
17.13,0.8396719087572781034753165574
17.14,0.8396590552602054516470667993
17.15,0.8396462159545276949386262854
17.16,0.8396333895496549471601739600
17.17,0.8396206769494055079883609971
17.18,0.8396077786497675030893663839
17.19,0.8395950930583984555808466028
17.20,0.8395823212165811869839297493
17.21,0.8395695635068984847900098353
17.22,0.8395569181066832754226282066
17.23,0.8395440855168988849415829749
17.24,0.8395314674725675474949687225
17.25,0.8395187615439638216730025214
17.26,0.8395061698396822430154406192
17.27,0.8394934907680035604748938567
17.28,0.8394809252018369473857307238
17.29,0.8394682728755584391765979171
17.30,0.8394556345722334340378943744
17.31,0.8394431083041780942773158537
17.32,0.8394304950827746797383909446
17.33,0.8394179945807893940354413938
17.34,0.8394054088208668739761191847
17.35,0.8393929341592985760467623896
17.36,0.8393804740882725356673128314
17.37,0.8393679268514927024138995059
17.38,0.8393554927273387893036900712
17.39,0.8393430704181428191803370690
17.40,0.8393306620394936822575685296
17.41,0.8393181651645579322269407364
17.42,0.8393057829498284397730492070
17.43,0.8392934119287058010007710694
17.44,0.8392810545475633966517282614
17.45,0.8392686100155608692022287922
17.46,0.8392563794309547915618206792
17.47,0.8392439601139101268130154599
17.48,0.8392316545261616075142041128
17.49,0.8392193603529980805045205228
17.50,0.8392070799234728781131859212
17.51,0.8391948112928305331684795534
17.52,0.8391825562221987822020423795
17.53,0.8391704125472243203584549331
17.54,0.8391580825133271077143591105
17.55,0.8391459651433651084641157325
17.56,0.8391337605606413796289888642
17.57,0.8391215676233762872214709857
17.58,0.8391093877390651214219653399
17.59,0.8390973195877799166560853426
17.60,0.8390851639180047734632813421
17.61,0.8390730211287660039273318117
17.62,0.8390608906378639637999179414
17.63,0.8390487732920239156045102388
17.64,0.8390367676637934853561302897
17.65,0.8390246744442183164263922123
17.66,0.8390126943680203148578334565
17.67,0.8390006247964977266795234134
17.68,0.8389886686294214441496811971
17.69,0.8389766245563118663764586524
17.70,0.8389645922628641093501707432
17.71,0.8389526727698267032011987128
17.72,0.8389407654794571839059971972
17.73,0.8389287700856233956030715595
17.74,0.8389168877631709529679226353
17.75,0.8389050158820737986197220190
17.76,0.8388930571659869645864871771
17.77,0.8388812104768758636652290853
17.78,0.8388693756598732854887381755
17.79,0.8388574526895234160177595262
17.80,0.8388456421376492199930951166
17.81,0.8388338436886811822741366033
17.82,0.8388220572404256053019443622
17.83,0.8388101814421863895680356265
17.84,0.8387985194634217266557441680
17.85,0.8387866672821359896265595408
17.86,0.8387749289029410443956881881
17.87,0.8387632007086293033675977978
17.88,0.8387514857321763644706226020
17.89,0.8387397825208097677118616244
17.90,0.8387280899132305006613295854
17.91,0.8387164100546562004176955246
17.92,0.8387047417827249981594103771
17.93,0.8386931854075679462505790969
17.94,0.8386814400162117896647986641
17.95,0.8386699061859293945338714037
17.96,0.8386582864862357798527769854
17.97,0.8386466754877569981068573555
17.98,0.8386350778611832994678276378
17.99,0.8386234910838207286804332162
18.00,0.8386119156615310045712983455
18.01,0.8386003519089720062501489679
18.02,0.8385888996585051627526719814
18.03,0.8385773600621391409417621701
18.04,0.8385659303681305492410322033
18.05,0.8385544131512233651138619827
18.06,0.8385430078200721495356899837
18.07,0.8385315131119789821087605456
18.08,0.8385200296923915508682717870
18.09,0.8385086568804519882956809079
18.10,0.8384971960866804738617593127
18.11,0.8384858475567631111264125366
18.12,0.8384744098684327665021562149
18.13,0.8384630851702295202920712353
18.14,0.8384516692942753167097409583
18.15,0.8384403648163916344437725906
18.16,0.8384290727254260656049699702
18.17,0.8384176910174072805566265881
18.18,0.8384064215163729965076207192
18.19,0.8383951618006865796518445356
18.20,0.8383838146067747714589592663
18.21,0.8383725785957492974626308559
18.22,0.8383613531808525766069269352
18.23,0.8383500382677268381855081723
18.24,0.8383389359287159305330958541
18.25,0.8383276424972388278753175735
18.26,0.8383164617954472124444185630
18.27,0.8383052912288357170990142671
18.28,0.8382941322946941399055283381
18.29,0.8382829841480635386585622196
18.30,0.8382718476182389345240074262
18.31,0.8382607213674485703106078323
18.32,0.8382495065422161738595828906
18.33,0.8382385025694641702547889041
18.34,0.8382274086770409911483822023
18.35,0.8382163263628777064949419876
18.36,0.8382052542102296330979887370
18.37,0.8381941931146665800796500690
18.38,0.8381831449846512594596919111
18.39,0.8381721045846171734912346102
18.40,0.8381610762185791372482640588
18.41,0.8381500593031302241896338824
18.42,0.8381391515891990377419648683
18.43,0.8381281558044405905161810947
18.44,0.8381171704476139760767031714
18.45,0.8381061956800233583425335521
18.46,0.8380953327335307098810203946
18.47,0.8380843784637596372514302302
18.48,0.8380735356776053886383626503
18.49,0.8380626030973057757979364511
18.50,0.8380516816630586271358349189
18.51,0.8380408705225806108479547014
18.52,0.8380299704332013310136564592
18.53,0.8380191805998781067518945173
18.54,0.8380083013156000660903812864
18.55,0.8379974331897510610740887474
18.56,0.8379866750875168185437432199
18.57,0.8379759262349026078700807866
18.58,0.8379650883930165180399366948
18.59,0.8379542616782888662177610108
18.60,0.8379435455558405100974648444
18.61,0.8379328394631281022718104610
18.62,0.8379221428680409431919769858
18.63,0.8379113593691127445616850763
18.64,0.8379006833551047844970106841
18.65,0.8378899193399668811614188551
18.66,0.8378792642820876659236151493
18.67,0.8378686194015544439758659597
18.68,0.8378579856976962854282763284
18.69,0.8378473623343270099151583185
18.70,0.8378366481269373475551772688
18.71,0.8378260460827588141692056013
18.72,0.8378154535819859686659367992
18.73,0.8378048709852371067613161397
18.74,0.8377942970485796509575242328
18.75,0.8377837351166784319497985079
18.76,0.8377730828233215356824082653
18.77,0.8377626408168026978339308487
18.78,0.8377521078280949985328544584
18.79,0.8377414863403303822586064136
18.80,0.8377310741560583758452716210
18.81,0.8377205728498358886595430074
18.82,0.8377100816239223540289848321
18.83,0.8376995986832453060583702728
18.84,0.8376891261998146042444870737
18.85,0.8376786651753940040609379375
18.86,0.8376682127244315794889812852
18.87,0.8376577703307978677039587362
18.88,0.8376473392836462813026466616
18.89,0.8376370168725994529677487335
18.90,0.8376266044070117102676557496
18.91,0.8376162019728646305648676269
18.92,0.8376058085423044511612097348
18.93,0.8375955263519172977910620971
18.94,0.8375851538477405153155051670
18.95,0.8375747905701214176667182186
18.96,0.8375645374181827062894585538
18.97,0.8375541940275679408273316241
18.98,0.8375438605294104849383367098
18.99,0.8375336364403764501430861402
19.00,0.8375233213131868054308211815
19.01,0.8375131160718246926488507662
19.02,0.8375028216853111791170088444
19.03,0.8374925364714750705151369408
19.04,0.8374823607175760963762613275
19.05,0.8374720952868048658193425062
19.06,0.8374619381398645297271593486
19.07,0.8374517923027834381318914470
19.08,0.8374415548191443059391134058
19.09,0.8374314275502675092479510397
19.10,0.8374212082440919622109097552
19.11,0.8374111004365523409185032427
19.12,0.8374010011218376977945894758
19.13,0.8373909118318598738967806162
19.14,0.8373807323320476239301755438
19.15,0.8373706621431346454649699665
19.16,0.8373605006504401732976787049
19.17,0.8373505493202317239652164198
19.18,0.8373404062828944613767700993
19.19,0.8373303743132249250639567038
19.20,0.8373203505425861421679466003
19.21,0.8373102379086294253569683962
19.22,0.8373003325436904501029967897
19.23,0.8372902372207269801004413154
19.24,0.8372802511549337007407703078
19.25,0.8372702750364643342450255518
19.26,0.8372603071633698477239597454
19.27,0.8372503493067782121416311140
19.28,0.8372404006838175439779896071
19.29,0.8372304609828146344651249352
19.30,0.8372205318913180311481761208
19.31,0.8372106100159367557976833537
19.32,0.8372006986565336422432738025
19.33,0.8371907965634778418294685648
19.34,0.8371809032992126425751947806
19.35,0.8371710189192609157323131555
19.36,0.8371611427264863638671222432
19.37,0.8371513770196496022888592316
19.38,0.8371415211784820452897296971
19.39,0.8371315738108625954160665489
19.40,0.8371218345256109464417083658
19.41,0.8371120055358803196746905680
19.42,0.8371021842502632924806988948
19.43,0.8370924727176179396286208639
19.44,0.8370826703265061383877043263
19.45,0.8370728766761321699530908409
19.46,0.8370630931560073281489367347
19.47,0.8370534177286679059746417654
19.48,0.8370436509738479703484785876
19.49,0.8370338940173425139900256474
19.50,0.8370242450867740987509894675
19.51,0.8370145058605523248485579498
19.52,0.8370048750114903706960876045
19.53,0.8369951521097620702727224254
19.54,0.8369854389762451051958426839
19.55,0.8369758362227061907727922795
19.56,0.8369661407408222991077473062
19.57,0.8369565545661053103072840621
19.58,0.8369468763730621491051081896
19.59,0.8369373078365550335067170375
19.60,0.8369277485482888579290712562
19.61,0.8369180966268489050554534883
19.62,0.8369085545833515767876576065
19.63,0.8368989211727842060164210325
19.64,0.8368893959872430477943263064
19.65,0.8368797800646002679475149421
19.66,0.8368702719982471389312779020
19.67,0.8368607739801414426505792715
19.68,0.8368511833684746043919212502
19.69,0.8368417009760615009552025403
19.70,0.8368322285314906272437133336
19.71,0.8368227649384753699086762039
19.72,0.8368132094427595357855891831
19.73,0.8368038622483109053066852532
19.74,0.8367943237855135092895013085
19.75,0.8367848942399485899596897914
19.76,0.8367754730611558281186095029
19.77,0.8367659604342060870889373173
19.78,0.8367566559525697006849301469
19.79,0.8367471601998614805660040582
19.80,0.8367377742521967377437550612
19.81,0.8367283951047165632938666840
19.82,0.8367190250802079506795491966
19.83,0.8367096631398180899695491205
19.84,0.8367003098786744733745916691
19.85,0.8366909650175027728622638181
19.86,0.8366816282246561406465387760
19.87,0.8366723005271150285883046327
19.88,0.8366629818874268452719513220
19.89,0.8366536706243740965060706531
19.90,0.8366443676603393416712649068
19.91,0.8366350734357665590761122762
19.92,0.8366257875825894817490005147
19.93,0.8366166090018933935111009870
19.94,0.8366073394478904523921971025
19.95,0.8365980788636440082467301969
19.96,0.8365888262139044242376564784
19.97,0.8365795819774653803303208869
19.98,0.8365703449203638726210714409
19.99,0.8365611175559404465524453455
20.00,0.8365519974433987679825833746
20.01,0.8365427856403687452056704996
20.02,0.8365336820856454809327033426
20.03,0.8365244866869753389426341030
20.04,0.8365152999521242249451577785
20.05,0.8365061218166931194310816247
20.06,0.8364970515102847602725777284
20.07,0.8364878891643858633276001162
20.08,0.8364787346369548108814516144
20.09,0.8364696879502977276849602423
20.10,0.8364605492091320844685648723
20.11,0.8364515191887955778200716838
20.12,0.8364423975268941645707482873
20.13,0.8364333842623476926396230462
20.14,0.8364242787848650896222779221
20.15,0.8364152802280476281718587215
20.16,0.8364061904479143762148553023
20.17,0.8363971084678706275753806902
20.18,0.8363881352299449421927466711
20.19,0.8363790688351013551080706427
20.20,0.8363701115927812024175946208
20.21,0.8363611617920548453595847411
20.22,0.8363521206552420447510648229
20.23,0.8363431867372151671193296993
20.24,0.8363342601352465656943435423
20.25,0.8363252419567083875426717555
20.26,0.8363163321546273764103111802
20.27,0.8363074298181471030413755018
20.28,0.8362984351751999551035363785
20.29,0.8362895482425041031791075750
20.30,0.8362806703287273016942918947
20.31,0.8362718001450253610853327145
20.32,0.8362628359053027389692632281
20.33,0.8362539807209462545081960349
20.34,0.8362451335351148513524481684
20.35,0.8362362936954769385448931020
20.36,0.8362273618442277497902740926
20.37,0.8362185369153246242074169072
20.38,0.8362097213796080718970063911
20.39,0.8362009134532057416395219073
20.40,0.8361921127679792496216766556
20.41,0.8361833187647512611421964253
20.42,0.8361745333886974991891233591
20.43,0.8361657554895443441680258037
20.44,0.8361569856205276692219160252
20.45,0.8361482229697978990878969229
20.46,0.8361394692573823031071737261
20.47,0.8361307217541651349431611089
20.48,0.8361219818502616759682574015
20.49,0.8361132494759337970155876441
20.50,0.8361044260201698736335952242
20.51,0.8360958086736534021343921610
20.52,0.8360871003177727368725327693
20.53,0.8360783980621636053973007245
20.54,0.8360697047055263469529896424
20.55,0.8360610188823439110408644831
20.56,0.8360523398194942974778830397
20.57,0.8360436676899493536464235713
20.58,0.8360351042761636287199408262
20.59,0.8360264480997195297180094582
20.60,0.8360177997112629671444857904
20.61,0.8360091573875462474768260185
20.62,0.8360005239240815410988483176
20.63,0.8359918975165653108279557441
20.64,0.8359833789597181241354373402
20.65,0.8359747675319536247865958498
20.66,0.8359661627815350132985054382
20.67,0.8359576661514809865071074499
20.68,0.8359490772711535401795492244
20.69,0.8359405945025072387314006256
20.70,0.8359320204741172529648343274
20.71,0.8359234538238675771790475993
20.72,0.8359148931904553788257778400
20.73,0.8359064409265727406837911476
20.74,0.8358978954660043637119783420
20.75,0.8358894579275096339880577733
20.76,0.8358809271829712920388410863
20.77,0.8358724033519667760937636677
20.78,0.8358639869500035431105280805
20.79,0.8358554791642532659051377197
20.80,0.8358470777982591737534506063
20.81,0.8358386833288247894609742370
20.82,0.8358301965436014975109405877
20.83,0.8358218167283897340028549247
20.84,0.8358133435881774094087941344
20.85,0.8358049784095749603918825452
20.86,0.8357965198149094906337265740
20.87,0.8357881691734868582940498611
20.88,0.8357797265053372612586084594
20.89,0.8357713893833185075193531433
20.90,0.8357630599088781166375024569
20.91,0.8357547372891649872844272545
20.92,0.8357463223079612391403367406
20.93,0.8357380142551073324163903989
20.94,0.8357296123974157800278566503
20.95,0.8357213181646982390526451411
20.96,0.8357130323504275896435800750
20.97,0.8357047522154955309106011786
20.98,0.8356963795283035409583608976
20.99,0.8356881137448710512466257606
21.00,0.8356798555640259893830338229
21.01,0.8356716041150346794554483227
21.02,0.8356633592597378360458057803
21.03,0.8356550215221626429301479979
21.04,0.8356467907065714739844188439
21.05,0.8356385673076246026234649135
21.06,0.8356303511342124129492618250
21.07,0.8356221406684617660711951569
21.08,0.8356139390805277303935061875
21.09,0.8356057429632519343807133681
21.10,0.8355974538913507058179869941
21.11,0.8355893713735493055181715452
21.12,0.8355810972837076432901131659
21.13,0.8355730295679139874835593370
21.14,0.8355647683931759331004876929
21.15,0.8355566138942961402629207850
21.16,0.8355484661541756003324660124
21.17,0.8355403258553925482423007241
21.18,0.8355321919984993314327362222
21.19,0.8355240638836449356964443800
21.20,0.8355160440798926756724942447
21.21,0.8355078313977877105309921552
21.22,0.8354998257111487319279215693
21.23,0.8354917248328522001207703709
21.24,0.8354836325129318056928923267
21.25,0.8354755466873952011527364497
21.26,0.8354674668414557378681570098
21.27,0.8354594946221926942282505026
21.28,0.8354513281506089112397097906
21.29,0.8354433693823408740951384694
21.30,0.8354353171453530570486030857
21.31,0.8354272713814317367878800371
21.32,0.8354192328361982433080505174
21.33,0.8354113002823534720084701546
21.34,0.8354032747989845173852692176
21.35,0.8353952558322949257842599912
21.36,0.8353872431895070156519678464
21.37,0.8353793375236817092596331764
21.38,0.8353713387890836209650876041
21.39,0.8353633470214928235026451329
21.40,0.8353554612193061261629775311
21.41,0.8353474822122886699151027527
21.42,0.8353395089016556227247517199
21.43,0.8353316438460133738362694605
21.44,0.8353236849982565418417097045
21.45,0.8353158314110580125930450940
21.46,0.8353078863662547076942840362
21.47,0.8352999455751614627786435455
21.48,0.8352921130186532714778690791
21.49,0.8352841863072599533786053051
21.50,0.8352763665232305766611290405
21.51,0.8352684534945203509270279379
21.52,0.8352606451261602234238592948
21.53,0.8352528451880063255058310329
21.54,0.8352449514798130166362628228
21.55,0.8352370642751281608543721782
21.56,0.8352292835524351853268713376
21.57,0.8352214086434103085288984013
21.58,0.8352136402915695559785434372
21.59,0.8352057784261623150417343178
21.60,0.8351980230286474040649986258
21.61,0.8351902743473727615700380203
21.62,0.8351824312911233189585770821
21.63,0.8351746966224724048938424449
21.64,0.8351669664077231013337588566
21.65,0.8351591439756822318207441291
21.66,0.8351514263297656043201009165
21.67,0.8351437154588920979242312734
21.68,0.8351359110284044911510726981
21.69,0.8351282139603297118313162522
21.70,0.8351205220691821938043531287
21.71,0.8351128375321149987347991629
21.72,0.8351050585031870246962590416
21.73,0.8350973861445941912352132366
21.74,0.8350897192057704453742399026
21.75,0.8350819596044503362902543225
21.76,0.8350743064520590651167959706
21.77,0.8350666579641474379808936352
21.78,0.8350590172096438940094536361
21.79,0.8350513821943694920877318389
21.80,0.8350437541594157322805722352
21.81,0.8350360311840269549065932496
21.82,0.8350284155993176533208517692
21.83,0.8350208052754972860424232679
21.84,0.8350132013376186396964746031
21.85,0.8350056036963385002828852001
21.86,0.8349980124694250474065392963
21.87,0.8349904268715694594695238313
21.88,0.8349828482229867856605516308
21.89,0.8349752756086567904621580013
21.90,0.8349677088543798328360444737
21.91,0.8349601481664158080082566904
21.92,0.8349525935033172204974638007
21.93,0.8349450450227435332452479274
21.94,0.8349375028474844096944293877
21.95,0.8349299662734257431854313577
21.96,0.8349224366999408138149533471
21.97,0.8349149133398049653418137813
21.98,0.8349073956524199024463931975
21.99,0.8348998834575891712642906632
22.00,0.8348923768810445633157834974
22.01,0.8348848779669725275182937788
22.02,0.8348774835346933578756568264
22.03,0.8348699960423978339308176759
22.04,0.8348624147401649236897622423
22.05,0.8348550390867897383839630957
22.06,0.8348475699009551817349144106
22.07,0.8348401066405105070741390398
22.08,0.8348326485569621755883029303
22.09,0.8348252970268727660564114319
22.10,0.8348178510320664170085008588
22.11,0.8348104118662751796421949070
22.12,0.8348029776641854579945994614
22.13,0.8347956505661815705309992598
22.14,0.8347882289557828409605567642
22.15,0.8347808125813752070828071154
22.16,0.8347734026062171191335380169
22.17,0.8347660982396827607036695771
22.18,0.8347587002985769347466678399
22.19,0.8347513081578278716791304745
22.20,0.8347440212369771103789372787
22.21,0.8347366417477654829592486206
22.22,0.8347293667520416338367528071
22.23,0.8347219975425058149703252907
22.24,0.8347146343763293239280701543
22.25,0.8347073780711807540617234531
22.26,0.8347000268849330760943177587
22.27,0.8346926811925819818437694510
22.28,0.8346854408912874928255645904
22.29,0.8346781082732295425968329077
22.30,0.8346708798433458027808784823
22.31,0.8346635580897301267854574560
22.32,0.8346562415180154946424473764
22.33,0.8346490313388956564311347946
22.34,0.8346418255305202814338634718
22.35,0.8346345274664367866381775455
22.36,0.8346273334898950867142349847
22.37,0.8346200461688658159067032034
22.38,0.8346128649291796427871987372
22.39,0.8346055884200235948318690900
22.40,0.8345984177110350179530345354
22.41,0.8345911529190913385802637577
22.42,0.8345839941961607323826956952
22.43,0.8345768411082118138792969931
22.44,0.8345695931650342266846421906
22.45,0.8345624517681569112180452525
22.46,0.8345552155099458694292800361
22.47,0.8345480848731541321107541570
22.48,0.8345409592051694309254623804
22.49,0.8345337412337473686750597585
22.50,0.8345266272250743306751841414
22.51,0.8345195189062427507719644032
22.52,0.8345124162720538833234451960
22.53,0.8345052195933233086071882433
22.54,0.8344981278652911594497145663
22.55,0.8344910427318464679715414864
22.56,0.8344839626249975165587538982
22.57,0.8344767881060874926838769023
22.58,0.8344697196078063831575822569
22.59,0.8344626566089529329172493773
22.60,0.8344555986247827048865768161
22.61,0.8344484462972158369537202389
22.62,0.8344413998146347140336035876
22.63,0.8344343599820807401374414092
22.64,0.8344273230705007207509054158
22.65,0.8344202937205075108192183941
22.66,0.8344131692856095775361478211
22.67,0.8344061494057707936445764996
22.68,0.8343991364351704447116773573
22.69,0.8343921280950129483249617258
22.70,0.8343851255763732285787525463
22.71,0.8343781296816923497029634330
22.72,0.8343711376027184885849504166
22.73,0.8343641511412452543964136299
22.74,0.8343571704896887928824784881
22.75,0.8343501954491972340797195140
22.76,0.8343432252128553869181381657
22.77,0.8343362602615282098109883043
22.78,0.8343293020137625957175242315
22.79,0.8343223486966166386229778369
22.80,0.8343154002540384091763120257
22.81,0.8343084583214680096530105674
22.82,0.8343015201758738154188561256
22.83,0.8342945886158311802108164009
22.84,0.8342876618370826428794555700
22.85,0.8342807405556775518204256281
22.86,0.8342738241317933525342049445
22.87,0.8342669137990558671491659015
22.88,0.8342600089542199994721279592
22.89,0.8342531092761401437105449830
22.90,0.8342462146255374091633343836
22.91,0.8342394251901171345723746254
22.92,0.8342325415953652289575419256
22.93,0.8342256630739672679590268718
22.94,0.8342187900217396548520561604
22.95,0.8342119220366551541057928969
22.96,0.8342050588811069588386270821
22.97,0.8341982024469344898014080992
22.98,0.8341914494931565866002508107
22.99,0.8341846029112048031640148647
23.00,0.8341778611477431625956557794
23.01,0.8341709247499653017998172214
23.02,0.8341641931651829697792346865
23.03,0.8341573676245254884017032276
23.04,0.8341505467821671760500849197
23.05,0.8341438317177023141386125196
23.06,0.8341370213734206087590515981
23.07,0.8341302163765184734236357931
23.08,0.8341234161762560373475266606
23.09,0.8341167212616135381611606892
23.10,0.8341099325081546410292874800
23.11,0.8341031477755007946464902953
23.12,0.8340964686649075976026580472
23.13,0.8340896950473586449210323894
23.14,0.8340830263041568000611693622
23.15,0.8340762623128174386156833752
23.16,0.8340695037236494321664804996
23.17,0.8340628501382534331765832041
23.18,0.8340561022407482962224464545
23.19,0.8340494585982397916408042400
23.20,0.8340427210073413687733533264
23.21,0.8340359884089602240823449265
23.22,0.8340293604878658960049107645
23.23,0.8340226371219401935238623300
23.24,0.8340160201721445893534788830
23.25,0.8340093062858936369885367182
23.26,0.8340026996084326928458371245
23.27,0.8339960971615417553658960927
23.28,0.8339893991211747370715319352
23.29,0.8339827070513694370120590541
23.30,0.8339761205146697037850159916
23.31,0.8339694382954478538441464599
23.32,0.8339628604312750936053168602
23.33,0.8339561885263385390793680228
23.34,0.8339496214387066028281981811
23.35,0.8339429590516718266921943629
23.36,0.8339364009262221487410107988
23.37,0.8339298486096956422970319248
23.38,0.8339232023780629874085027368
23.39,0.8339166600074056660094088466
23.40,0.8339101225192241445782890787
23.41,0.8339034906347372530365813159
23.42,0.8338969629946202971647647652
23.43,0.8338904405378549037514295496
23.44,0.8338838234499036199548611704
23.45,0.8338773102070354514454665258
23.46,0.8338708034478257167815405576
23.47,0.8338642999685972177519107450
23.48,0.8338577027167030249789244200
23.49,0.8338512096307911176294700943
23.50,0.8338447218179564391577948036
23.51,0.8338381378341757981278366335
23.52,0.8338316603158546759447897803
23.53,0.8338251871456301554562486579
23.54,0.8338187183529538520249295744
23.55,0.8338121561292618295007913951
23.56,0.8338056964958002850046926773
23.57,0.8337992430057472119704416184
23.58,0.8337927943027112346542552788
23.59,0.8337863508189980217458915690
23.60,0.8337799105037343894220557025
23.61,0.8337733760730737437758886678
23.62,0.8337669469960631745766374527
23.63,0.8337605222445377842117233038
23.64,0.8337541017588517576599900676
23.65,0.8337476869818829644158710283
23.66,0.8337411768532168908041877372
23.67,0.8337348713469259230785578523
23.68,0.8337283698486646104720182534
23.69,0.8337219741545661034144363507
23.70,0.8337155823808025083873706231
23.71,0.8337091965470874111232367749
23.72,0.8337028150188650679654456769
23.73,0.8336964385073439893076515449
23.74,0.8336900657423728588522382365
23.75,0.8336836987658571685371409727
23.76,0.8336773356946894791813856280
23.77,0.8336709769988465044102788329
23.78,0.8336646246098170404418982363
23.79,0.8336582754290738142061835857
23.80,0.8336519316312642620073330214
23.81,0.8336455932589355875324120295
23.82,0.8336392585750620857543293149
23.83,0.8336329284761200443700554185
23.84,0.8336266035848610721692254812
23.85,0.8336202828889149096009939618
23.86,0.8336139675587195119007166908
23.87,0.8336076563376558487173599045
23.88,0.8336014503947656003200340864
23.89,0.8335951486386183442623537497
23.90,0.8335888521549731470109454970
23.91,0.8335825587719224225160197082
23.92,0.8335762717376100675032966993
23.93,0.8335699880405457732636593344
23.94,0.8335637091229007823550643586
23.95,0.8335574348606580343762739833
23.96,0.8335512663730255890314747000
23.97,0.8335450017549526119060528518
23.98,0.8335387413045723212508602893
23.99,0.8335324858006374623066976319
24.00,0.8335263350617447977562946318
24.01,0.8335199878813639405504298306
24.02,0.8335138467003602374307299983
24.03,0.8335076086766024278134020478
24.04,0.8335013768042856361345100472
24.05,0.8334952490850630004308673199
24.06,0.8334890255936474245463951587
24.07,0.8334828061693013934439231870
24.08,0.8334765919672574804368075159
24.09,0.8334704820658649128563602048
24.10,0.8334642769058820456854394990
24.11,0.8334580753616404260926572385
24.12,0.8334518794722437037424699423
24.13,0.8334457871118191371327368212
24.14,0.8334396007201829495472096202
24.15,0.8334334164611079630689233563
24.16,0.8334273393206126391377618673
24.17,0.8334211644628594498644021119
24.18,0.8334150953279003579954458822
24.19,0.8334089307073739040504546322
24.20,0.8334028698050280282813819482
24.21,0.8333967144123025370591399145
24.22,0.8333905618864258463674524368
24.23,0.8333845154769522524584461517
24.24,0.8333783721645094751223684824
24.25,0.8333722341990380914234616312
24.26,0.8333661998561122375579904637
24.27,0.8333600710084681041085827236
24.28,0.8333540460128080166269598002
24.29,0.8333479251215860198563144184
24.30,0.8333419093114194970423815295
24.31,0.8333357977532585860329954574
24.32,0.8333296898040334985539363407
24.33,0.8333236874177857561254603561
24.34,0.8333176887869204625792379639
24.35,0.8333115942486590588886163561
24.36,0.8333056047756312975906502407
24.37,0.8332995186235560987934840784
24.38,0.8332935382171327766640781726
24.39,0.8332874608954960363118307201
24.40,0.8332814895467448983360358136
24.41,0.8332754205103936342403300675
24.42,0.8332694570606066450303441658
24.43,0.8332633970685808482607416614
24.44,0.8332574428896221976047807286
24.45,0.8332514918507973080743121447
24.46,0.8332454454715811874363534040
24.47,0.8332395035409059947772042162
24.48,0.8332334654137287048953383476
24.49,0.8332275322701534425837292400
24.50,0.8332216031554922610325607392
24.51,0.8332155772502272876111574498
24.52,0.8332096571389551302648880676
24.53,0.8332037410036616729297654678
24.54,0.8331978285122442227266431568
24.55,0.8331918208896169567136342221
24.56,0.8331859176767272554624452895
24.57,0.8331799177426278565352367838
24.58,0.8331740222781863036324114320
24.59,0.8331681322350044036942528202
24.60,0.8331622446748982321318498612
24.61,0.8331562628057367497645721556
24.62,0.8331503842693075672442897615
24.63,0.8331445110632796384709801961
24.64,0.8331386416231007911777328216
24.65,0.8331326753633697023863933412
24.66,0.8331268147829643141608567623
24.67,0.8331209571522881079833399802
24.68,0.8331151045050271326251940233
24.69,0.8331092550300730003344168683
24.70,0.8331034109345006132052183451
24.71,0.8330974705886136212481239505
24.72,0.8330916346994063449840399732
24.73,0.8330858026669926251092439361
24.74,0.8330799746031176387659068052
24.75,0.8330740506175557557145674329
24.76,0.8330682310803551402440091776
24.77,0.8330624162791340692748924894
24.78,0.8330566048398409275831780245
24.79,0.8330507973283002142407950881
24.80,0.8330449947705644893502390053
24.81,0.8330391962791604448524996605
24.82,0.8330334014305285474944824669
24.83,0.8330276107261500985662229704
24.84,0.8330217236600427752845951119
24.85,0.8330160417342359311437484483
24.86,0.8330102630123818662069942801
24.87,0.8330044891454355381033337968
24.88,0.8329986196192632336672094739
24.89,0.8329928532255293327202770562
24.90,0.8329870914566460806671631088
24.91,0.8329813328162905505041754194
24.92,0.8329755795086166820421583068
24.93,0.8329698298191328359766477478
24.94,0.8329640833180386697731783019
24.95,0.8329583420777303350083161765
24.96,0.8329526044489847433901191868
24.97,0.8329468709371110499728249935
24.98,0.8329412410323991265115142113
24.99,0.8329354151588158381233490597
25.00,0.8329297939698937803847224497
0.01,0.4730020739331325618381190668
0.02,0.4418314662719912641065842902
0.03,0.4411088569773755944543288087
0.04,0.4566964059849522064193635189
0.05,0.4652142950090633413991824428
0.06,0.4702145769844335493064473421
0.07,0.4732869045909057402983953316
0.08,0.4752186177314568349047189323
0.09,0.4764358231405754995825559885
0.10,0.4771856637324931209789487275
0.11,0.4776195174187163809832077562
0.12,0.4778342058484312900286792073
0.13,0.4778938786635951690482139167
0.14,0.4778422948000147995088040736
0.15,0.4777100312446756379880955255
0.16,0.4775188918333285012001773173
0.17,0.4772846967591363545991786285
0.18,0.4770190866294929375892233577
0.19,0.4767307394297803005930293364
0.20,0.4764261849089320882922509624
0.21,0.4761103820169110702623588799
0.22,0.4757871222558016663451168275
0.23,0.4754593185923501695920021216
0.24,0.4751292236505045531242693780
0.25,0.4747985741479202239631238726
0.26,0.4750120376746372164205644941
0.27,0.4752271728633095010725809740
0.28,0.4754449469178785540402599253
0.29,0.4756661394512655120974784027
0.30,0.4758908878082246461483193487
0.31,0.4761197077790823231991669184
0.32,0.4763530217882027195289463545
0.33,0.4765906822215886991751129581
0.34,0.4768331405380733890785524745
0.35,0.4770801440840031947578054740
0.36,0.4773318935522492609030754414
0.37,0.4775885639022161414341668708
0.38,0.4778498077571537010257293952
0.39,0.4781159212710458528611607879
0.40,0.4783865246343980565818468864
0.41,0.4786617203948863545864392169
0.42,0.4789416021062788612340162029
0.43,0.4792257626195369114206518829
0.44,0.4795144503849721361043343564
0.45,0.4798072495256023858180320281
0.46,0.4801042343624286881068825745
0.47,0.4804054813968145148493055936
0.48,0.4807105700753050680549472457
0.49,0.4810195723774216241966796824
0.50,0.4813325641761323016560627486
0.51,0.4816491316462211145895379049
0.52,0.4819694918671033502250488321
0.53,0.4822932680827706348034522850
0.54,0.4826204944579975902292382865
0.55,0.4829512837841421470977384554
0.56,0.4832852143198522558342443593
0.57,0.4836225339248956345213973278
0.58,0.4839628356255865280738374986
0.59,0.4843062070050140493527297138
0.60,0.4846527376380947487972507160
0.61,0.4859850546727039295382741166
0.62,0.4872849218395882144837854880
0.63,0.4885875721274505957887188169
0.64,0.4898929388023724215566769073
0.65,0.4912009570385241239346017304
0.66,0.4925115638815704312625063229
0.67,0.4938248624023090073990858833
0.68,0.4951404648787432391372632243
0.69,0.4964584779140404948472998671
0.70,0.4977788456153788557183365051
0.71,0.4991015137409009677981736936
0.72,0.5004264296525029026015579559
0.73,0.5017537064623711527364828083
0.74,0.5030829662108600132180041868
0.75,0.5044143249826436464263660603
0.76,0.5057477360857215814683700717
0.77,0.5070831542001261267269175629
0.78,0.5084205353337621838163413384
0.79,0.5097600009730348602433598316
0.80,0.5111011812656423063097800228
0.81,0.5124442001422861408181554608
0.82,0.5137890185017332422074547798
0.83,0.5151355911565348846031588838
0.84,0.5164839028426114629264861890
0.85,0.5178340532429892971872294728
0.86,0.5191857005124913373480161804
0.87,0.5205389678730854596896657287
0.88,0.5218938224241242100494542263
0.89,0.5232502321807941916435544894
0.90,0.5246081660435149911757434800
0.91,0.528175501572611
0.92,0.538877508159899
0.93,0.58623788485446
0.94,0.66490562836265
0.95,0.743573371870841
0.96,0.822241115379032
0.97,0.900908858887223
0.98,0.979576602395414
0.99,1.0582443459036
1.00,1.1369120894118
1.01,1.21557983291999
1.02,1.29424757642818
1.03,1.37291531993637
1.04,1.45158306344456
1.05,1.5302508069527507172029961959
1.06,1.5308144258457964356019898074
1.07,1.5319268420923578531651690731
1.08,1.5335740042268709893928268445
1.09,1.5357433049859515646390496866
1.10,1.5384245372323727995012746326
1.11,1.5416086044472762885351066427
1.12,1.5452874586344829730046374266
1.13,1.5494543939012149639406493734
1.14,1.5541033379769338122608005817
1.15,1.5592289368916509181319762050
1.16,1.5610935640443449990814003952
1.17,1.5519236457370565703121489551
1.18,1.5431483030107811374921840310
1.19,1.5344341427421300202814589634
1.20,1.5252831592727349335086807633
1.21,1.5164189820606999399306320788
1.22,1.5078141805316231493491689186
1.23,1.4994453563030948110670521962
1.24,1.4912923377609433503297255746
1.25,1.4833372037301844137055311599
1.26,1.4755647024926596088177444173
1.27,1.4679612155009634553818755289
1.28,1.4605146467135662308237888975
1.29,1.4532144423153778038170769072
1.30,1.4460507501307220231257918161
1.31,1.4390151505054775545163895639
1.32,1.4320996732777825631484355339
1.33,1.4252976912372009277933862831
1.34,1.4186023965806689804605414504
1.35,1.4120081868810383677165242249
1.36,1.4055096607984233224386277376
1.37,1.3991020686072820004303476430
1.38,1.3927808115478033687486961720
1.39,1.3865419897300378131522837262
1.40,1.3803816020137079531990311812
1.41,1.3742961638778695774191248761
1.42,1.3682825757201614124281049548
1.43,1.3623376993320632065442291560
1.44,1.3564588933501915811491396099
1.45,1.3506434325050426363679060609
1.46,1.3448889516004623707337182840
1.47,1.3391931901140410637997813492
1.48,1.3345878665151499293979620240
1.49,1.3320601882198255853015289199
1.50,1.3295675785071558178463632933
1.51,1.3271080622736227824653356492
1.52,1.3246802569974822727229143630
1.53,1.3222824689047349766582798006
1.54,1.3199134606803960563077041533
1.55,1.3175717879459271385060317839
1.56,1.3152562698023331577491320171
1.57,1.3129657750722576653133563607
1.58,1.3106990629457466482950177703
1.59,1.3084553302470290032225386479
1.60,1.3062333002612859283996759878
1.61,1.3040323816384875553746921771
1.62,1.3018514754440366399303399581
1.63,1.2996898608144852106656645292
1.64,1.2975467452720439131363403574
1.65,1.2954213332285702503973039719
1.66,1.2933132092022735890542365822
1.67,1.2912213559213908715180268689
1.68,1.2891453813437767442126369936
1.69,1.2870847335288579082662152565
1.70,1.2850387931685810046047297415
1.71,1.2830070128125531364505176347
1.72,1.2809890099983522977839604473
1.73,1.2789843206045695081707609393
1.74,1.2769923542583049684740149716
1.75,1.2750127728537737358742959141
1.76,1.2730453671973828412092927216
1.77,1.2710894958054240952028073118
1.78,1.2691449529393943256979382822
1.79,1.2672114631434724494554071372
1.80,1.2652885194043057872778209872
1.81,1.2633759638833788544888147760
1.82,1.2614734316397076223537870287
1.83,1.2595808643544288067885986707
1.84,1.2576977063297191412075931539
1.85,1.2558239513568175642810142588
1.86,1.2539592229196843050094531017
1.87,1.2521033112201384815957331697
1.88,1.2502561054737534252949082654
1.89,1.2484173673842284552750599064
1.90,1.2465869068688686384221197906
1.91,1.2447645042921284612331207741
1.92,1.2429499623086918752309370195
1.93,1.2411432971481934858005672768
1.94,1.2393440680925466087550006327
1.95,1.2375524327135641771544223267
1.96,1.2357680811967330546654808818
1.97,1.2339908162735933186293958712
1.98,1.2322206796213432681359984833
1.99,1.2304573470447736532407952044
2.00,1.2287009821255391738908721410
2.01,1.2272278472346330323418162449
2.02,1.2257528602501858494096340898
2.03,1.2242849535739821071617965079
2.04,1.2228239609891240720865944905
2.05,1.2213698069053051733523359946
2.06,1.2199224715581553920803838339
2.07,1.2184818883139042754847943910
2.08,1.2170478895838661765159715883
2.09,1.2156205241929351658800952499
2.10,1.2141996453273366213824692828
2.11,1.2127851794215374469397482973
2.12,1.2113771942772999610946580231
2.13,1.2099755197040297225219054472
2.14,1.2085801068055512416365766243
2.15,1.2071909951905803968859724300
2.16,1.2058081294797337156974569614
2.17,1.2044312450681185815001398008
2.18,1.2030604933762881791384357413
2.19,1.2016958124449457011061773004
2.20,1.2003371323228826093511810974
2.21,1.1989843130934165462495387499
2.22,1.1976374692784957833554120170
2.23,1.1962964468660565371155020831
2.24,1.1949612974500456489147666574
2.25,1.1936318378231534508378824878
2.26,1.1923082045318487148819953267
2.27,1.1909901441184816561414720385
2.28,1.1896778755344713715825519395
2.29,1.1883711470482611567290712461
2.30,1.1870699607486679831519865975
2.31,1.1857743696032258235015795799
2.32,1.1844841980177581813251851506
2.33,1.1831995757036194062987119732
2.34,1.1819203124189253077808580814
2.35,1.1806465500722428916354756464
2.36,1.1793780059931709837425565231
2.37,1.1781147997599865139775559375
2.38,1.1768568656353242742723870345
2.39,1.1756042086578747698278647772
2.40,1.1743566670316398867960094424
2.41,1.1731143426137433547575967045
2.42,1.1718771560109034878840120081
2.43,1.1706451397917491830635528827
2.44,1.1694179762947662760085406936
2.45,1.1681960038998234317926761597
2.46,1.1669789310457424008955515014
2.47,1.1657667637714061985967964533
2.48,1.1645595208793291758293049391
2.49,1.1633572085018239902800905930
2.50,1.1621596310851413208665272698
2.51,1.1609668997823756524221784702
2.52,1.1597789169307886065822995772
2.53,1.1585957018501924997635315885
2.54,1.1574170420305445364277007927
2.55,1.1562431474887510197979900968
2.56,1.1550737087735423738886715524
2.57,1.1539089535890045199537710114
2.58,1.1527486562014956229167774269
2.59,1.1515927250655954810908480967
2.60,1.1504413588337413519553857911
2.61,1.1492943643368384873811835902
2.62,1.1481518225286295228128767291
2.63,1.1470134298843098295849165970
2.64,1.1458793895954373126936366392
2.65,1.1447495927646933368472174160
2.66,1.1436240224886896602868165366
2.67,1.1425025881956142873420161441
2.68,1.1413852701287676785478205198
2.69,1.1402719527072813494295326371
2.70,1.1391626239682791757169518548
2.71,1.1380572912559826940079863470
2.72,1.1369560279192112279648725919
2.73,1.1358586189899354465225842028
2.74,1.1347649503445538932888773124
2.75,1.1336752075341123019620348696
2.76,1.1325890822995392531925161043
2.77,1.1315067553759562365488371109
2.78,1.1304281086641065898527167668
2.79,1.1293531135295442452454972898
2.80,1.1282816550949245060632486532
2.81,1.1272137276221583197131452455
2.82,1.1261492969617301528402474013
2.83,1.1250883453906000803191275512
2.84,1.1240307468694094056629719078
2.85,1.1229764946418602233949373934
2.86,1.1219255480578301429487991812
2.87,1.1208778836059658504239554255
2.88,1.1198333805417914741933685719
2.89,1.1187920232968498897738395374
2.90,1.1177538844135986998890896772
2.91,1.1167187244599131265450945932
2.92,1.1156865230388739366646633887
2.93,1.1146573591526431923546232783
2.94,1.1136311006457447603951052662
2.95,1.1126077025733422776800901354
2.96,1.1115871660987236694004732208
2.97,1.1105693352557648364562612798
2.98,1.1095541897067315040625990412
2.99,1.1085418017255903867854439387
3.00,1.1075319294753371807795920528
3.01,1.1065243044972613711235422965
3.02,1.1055865794536442480515613494
3.03,1.1046516903424556075472751802
3.04,1.1037196867511287557559100193
3.05,1.1027903565770659096324182603
3.06,1.1018638334570053142427455160
3.07,1.1009401203045256254648275215
3.08,1.1000191300602301987666935281
3.09,1.0991009797533188233081382574
3.10,1.0981855731984167650883875994
3.11,1.0972728468825991336638669135
3.12,1.0963629954774512773507099268
3.13,1.0954558206888897090685362943
3.14,1.0945515607773976513185809163
3.15,1.0936499018254356008590008486
3.16,1.0927509643822652431219306097
3.17,1.0918548675180083120085606631
3.18,1.0909615095052941043914478137
3.19,1.0900707993492183832847045551
3.20,1.0891828555584998635044385866
3.21,1.0882976740157357174053536192
3.22,1.0874151670230910938282071074
3.23,1.0865354550697927512980151370
3.24,1.0856583292380915300494898728
3.25,1.0847840038869446178413407948
3.26,1.0839123891758640996361772674
3.27,1.0830433920718702512118747892
3.28,1.0821770157833418467217348972
3.29,1.0813134690956637299770702544
3.30,1.0804524460946924306843899310
3.31,1.0795942739175732687130492055
3.32,1.0787386358640768728988463054
3.33,1.0778857556491395438460976923
3.34,1.0770353319093911998908853827
3.35,1.0761876641512437291916719051
3.36,1.0753426567512832819387304039
3.37,1.0745003220602536997637637846
3.38,1.0736605454173753283106958938
3.39,1.0728233558664225055151770846
3.40,1.0719887480298153508402114321
3.41,1.0711568220169223851729612361
3.42,1.0703274802104073935067469672
3.43,1.0695007135244919623594597693
3.44,1.0686765539410844466057871729
3.45,1.0678548741178158671841419982
3.46,1.0670358978892632509848192862
3.47,1.0662193149825072679262163868
3.48,1.0654054367688389569909907099
3.49,1.0645939523731961976614095298
3.50,1.0637850644745494369494248233
3.51,1.0629787774410246946447476539
3.52,1.0621750041666285923261176178
3.53,1.0613736258802168378550996565
3.54,1.0605747556870432332533098430
3.55,1.0597784906382666236467646953
3.56,1.0589846288714457752451325438
3.57,1.0581933631999957616174908198
3.58,1.0574044168397540142787660145
3.59,1.0566179621140298981155680230
3.60,1.0558340161811764153656076288
3.61,1.0550524773237635735960286714
3.62,1.0542733373573929627874307704
3.63,1.0534966949820049168611793948
3.64,1.0527224478169775906413723154
3.65,1.0519506154371946710928002271
3.66,1.0511811678760726843657551075
3.67,1.0504141309239996390513985319
3.68,1.0496495735530055354742742719
3.69,1.0488872151559122480936163890
3.70,1.0481272569420426415606439055
3.71,1.0473697739273383550321122045
3.72,1.0466145848982518887818298183
3.73,1.0458616739424251331333490906
3.74,1.0451111553049002701181789874
3.75,1.0443629162921764672051265845
3.76,1.0436170474577425028718068044
3.77,1.0428734474160047619953628351
3.78,1.0421321278667102538521991361
3.79,1.0413930806970830172199612462
3.80,1.0406564010291377285396613647
3.81,1.0399218763906443826149093729
3.82,1.0391897103935611646941916326
3.83,1.0384597095689602835473868153
3.84,1.0377320492582607411775394887
3.85,1.0370065468178420311849369126
3.86,1.0362832926886030738478588868
3.87,1.0355622762405064249485215905
3.88,1.0348433893923214173245769109
3.89,1.0341267438710679681394383879
3.90,1.0334123321751646460824016738
3.91,1.0327000435128040302409415565
3.92,1.0319898822021057008362204920
3.93,1.0312819345715942997221541180
3.94,1.0305761008794195860486917201
3.95,1.0298723762637769099884923854
3.96,1.0291708581301856382835057175
3.97,1.0284714361227385166562806584
3.98,1.0277741226645256519452209492
3.99,1.0270788871555891508955302031
4.00,1.0263857454160914100488785211
4.01,1.0257568330115092543331096668
4.02,1.0251298178386519809745336732
4.03,1.0245047674098142518963313531
4.04,1.0238817051116740983527640354
4.05,1.0232606177439004011380251779
4.06,1.0226414038279745598670134394
4.07,1.0220241412637839314115304412
4.08,1.0214088571013946447321916143
4.09,1.0207955314308115833095686994
4.10,1.0201840461509934970010170433
4.11,1.0195745213962924293345565374
4.12,1.0189668559501987344676528590
4.13,1.0183611183803324809361378820
4.14,1.0177572237353768185964455816
4.15,1.0171551556889118666982393781
4.16,1.0165551301430637706158342037
4.17,1.0159568248551617914256488337
4.18,1.0153603402637686914056319004
4.19,1.0147657808737924183430082869
4.20,1.0141730279744294833104198670
4.21,1.0135820880537511605859105758
4.22,1.0129930509187969724029865185
4.23,1.0124056016247980139649230145
4.24,1.0118201611231072130113060035
4.25,1.0112365063693781583184438343
4.26,1.0106545335387478740971152488
4.27,1.0100744398869646709270904765
4.28,1.0094960245184001615080628058
4.29,1.0089193861139340896594927398
4.30,1.0083445099002495204519611677
4.31,1.0077713913447130844840758641
4.32,1.0072000332409755681995257079
4.33,1.0066303187753936872042336551
4.34,1.0060623581673694217937122636
4.35,1.0054961360382302782762858149
4.36,1.0049316471330448103458620327
4.37,1.0043687960525131530839834512
4.38,1.0038075625040335330524158511
4.39,1.0032481466637828943480540002
4.40,1.0026903537926888715886799693
4.41,1.0021341655595236473107045731
4.42,1.0015796828823435203923708649
4.43,1.0010268038430634314905716857
4.44,1.0004756059485583147700697154
4.45,0.9999260068871057126284811109
4.46,0.9993780919590859657009860821
4.47,0.9988317482455646739138621483
4.48,0.9982868725278065741397873955
4.49,0.9977437718023645304006919244
4.50,0.9972022291438122390038991644
4.51,0.9966622435342371805695604831
4.52,0.9961238113468650197500477165
4.53,0.9955869083313537093596712486
4.54,0.9950515629043314880905602672
4.55,0.9945178384233644074124719920
4.56,0.9939856416254293520550566674
4.57,0.9934549689771951755935489644
4.58,0.9929257183127490016458494527
4.59,0.9923980633182346512745154709
4.60,0.9918719327240876735906130578
4.61,0.9913471798356781946651763649
4.62,0.9908240314497145272991028235
4.63,0.9903022730209269530360150191
4.64,0.9897820929601057484661186021
4.65,0.9892633849684269859471919936
4.66,0.9887460544095396377191645032
4.67,0.9882301792384040719849178484
4.68,0.9877157737877768858447031024
4.69,0.9872028156048214656806863388
4.70,0.9866911986306049037107462038
4.71,0.9861811280898056690792015542
4.72,0.9856722918015219068280099902
4.73,0.9851649831711005865965077012
4.74,0.9846590016341578888594265881
4.75,0.9841544293238750290404700606
4.76,0.9836512715192740306816878169
4.77,0.9831494160344734520388281718
4.78,0.9826489685391557357059448244
4.79,0.9821499040601159449606045692
4.80,0.9816521367154802086790220927
4.81,0.9811556428116153385304670656
4.82,0.9806605282033583022197359027
4.83,0.9801667904548002513385815684
4.84,0.9796743005624255642131796757
4.85,0.9791831873706200567219651830
4.86,0.9786933053339072188452846015
4.87,0.9782046897563381531634795736
4.88,0.9777173968245585476166362244
4.89,0.9772313385446245184707035805
4.90,0.9767466149405674058881056771
4.91,0.9762631210417534674752398774
4.92,0.9757808262663602921270949830
4.93,0.9752998420825785769740770194
4.94,0.9748199629873730634954024113
4.95,0.9743414938119365017516098915
4.96,0.9738642068969500600585737288
4.97,0.9733879993711313282080607099
4.98,0.9729130784321358079582481878
4.99,0.9724393262771783653207806891
5.00,0.9719668404303791210029998150
5.01,0.9715644174983681921790912439
5.02,0.9711128470008327807952387274
5.03,0.9706627603607094107502484547
5.04,0.9702141503288863940049163853
5.05,0.9697670206811663622530163152
5.06,0.9693214632947262143030320904
5.07,0.9688772563664792561400926325
5.08,0.9684344943603365382744839374
5.09,0.9679932758804057036828525395
5.10,0.9675533876100028202270777449
5.11,0.9671150203892176929584747604
5.12,0.9666779701594874951962948299
5.13,0.9662424228119457429197327835
5.14,0.9658082678015689058384181808
5.15,0.9653755007940283018471424918
5.16,0.9649440230507858170636446140
5.17,0.9645139090786416275074713638
5.18,0.9640852658998210701813461068
5.19,0.9636578658907499989703577999
5.20,0.9632319110047951251244983803
5.21,0.9628072024223740686374210127
5.22,0.9623838135569091683787332485
5.23,0.9619617527328518907305231146
5.24,0.9615409087224510490887068824
5.25,0.9611214584933940635207072961
5.26,0.9607033096125938546842951536
5.27,0.9602863429391066857561417530
5.28,0.9598706609005444103338221785
5.29,0.9594562556262697760099713063
5.30,0.9590430022649064128639085989
5.31,0.9586311103305425077898818136
5.32,0.9582202688691677274819040680
5.33,0.9578108622583489049356204174
5.34,0.9574024809383249549065043270
5.35,0.9569953343517751919668077864
5.36,0.9565894966336289280689432535
5.37,0.9561846672136003432338903530
5.38,0.9557811354223347973244526052
5.39,0.9553786881107599778455230235
5.40,0.9549774333764989189322860602
5.41,0.9545772493636738208178364572
5.42,0.9541782330332107312044651848
5.43,0.9537802849436903019714850202
5.44,0.9533835721272769798594037736
5.45,0.9529879214957822715200994740
5.46,0.9525932912728245946908426725
5.47,0.9521998008638935565621418935
5.48,0.9518074186688095399736740989
5.49,0.9514160614571313107837236771
5.50,0.9510257965256558443757076964
5.51,0.9506365356075489639025891314
5.52,0.9502483635901199687136248320
5.53,0.9498611810101827191674044923
5.54,0.9494750638671054896246200375
5.55,0.9490900215061655982203767808
5.56,0.9487058327785272169379255838
5.57,0.9483226942440469168934288760
5.58,0.9479406059761574599645535378
5.59,0.9475595446714877690343214637
5.60,0.9471793217845086075770507617
5.61,0.9468001115582139619629177628
5.62,0.9464219240349743446012741832
5.63,0.9460446485047420413468936470
5.64,0.9456682615137153671191060708
5.65,0.9452928632674636823375578424
5.66,0.9449183607789204284804594026
5.67,0.9445448327214537920187435725
5.68,0.9441721686120152983409860877
5.69,0.9438003772880530987612699383
5.70,0.9434295233264752927486796677
5.71,0.9430595305682099356719433621
5.72,0.9426903834562146351278124709
5.73,0.9423221610004330186886716225
5.74,0.9419547640561573706012387432
5.75,0.9415882876829513980014619714
5.76,0.9412225251898354822023689419
5.77,0.9408576694732709023766535059
5.78,0.9404937036711548939733883406
5.79,0.9401304343549807169549221122
5.80,0.9397680499785465967473757623
5.81,0.9394064407847919615597432369
5.82,0.9390456937260251219361924463
5.83,0.9386856169283294444217952544
5.84,0.9383263910790035905743479239
5.85,0.9379679116802387894424180854
5.86,0.9376102820953207258976697470
5.87,0.9372532775418623633367367813
5.88,0.9368970967562542650358757672
5.89,0.9365416499088813073419178572
5.90,0.9361870044949456676073593705
5.91,0.9358329706673518966620657025
5.92,0.9354796346794798464416035056
5.93,0.9351270989848792989055677376
5.94,0.9347752291960410284626776283
5.95,0.9344240551326449722841817840
5.96,0.9340735468005929010461998748
5.97,0.9337238109936963353371326809
5.98,0.9333747264776046370691476247
5.99,0.9330261943247987992607581078
6.00,0.9326784016988897232743347196
6.01,0.9323422052222876380644793436
6.02,0.9320193014668456803650942559
6.03,0.9316973049831751294566445464
6.04,0.9313763057121275979920279586
6.05,0.9310560982553478200556739834
6.06,0.9307367926309935638485424275
6.07,0.9304183721017205001509211784
6.08,0.9301009393826636931653516578
6.09,0.9297843977080377131645752762
6.10,0.9294687272484260824097314558
6.11,0.9291538425201370254743617558
6.12,0.9288399337688870945663572880
6.13,0.9285268945419855531570129904
6.14,0.9282147170451672767524923795
6.15,0.9279034138601797372675054820
6.16,0.9275929681857193270302491663
6.17,0.9272833807221617973206470087
6.18,0.9269746547318801419953636375
6.19,0.9266667818450093350985763219
6.20,0.9263597462971796882335367846
6.21,0.9260535697012165425820558118
6.22,0.9257482345039733126530947565
6.23,0.9254437323193979330793816239
6.24,0.9251400774771328022643973820
6.25,0.9248372506697379707606637067
6.26,0.9245352553716900880840629203
6.27,0.9242340940797325050845059413
6.28,0.9239337594156687885375069713
6.29,0.9236342438626835734470513630
6.30,0.9233354500998270452731246910
6.31,0.9230375697099568921515665647
6.32,0.9227403972055624841602206634
6.33,0.9224441526170842946397658305
6.34,0.9221487018118871822173897838
6.35,0.9218539648187705704414160365
6.36,0.9215600253664772677754633172
6.37,0.9212668850156086860133016296
6.38,0.9209745384114025021897482144
6.39,0.9206830962345590575471504628
6.40,0.9203922431737630009648008628
6.41,0.9201022699081892865881855183
6.42,0.9198130903135202136610251298
6.43,0.9195245959289388423679950296
6.44,0.9192369715287769959206805070
6.45,0.9189500277892194077389460417
6.46,0.9186638595268478549862521897
6.47,0.9183784674164195624396570836
6.48,0.9180938446366078399703908350
6.49,0.9178099852255936648351737166
6.50,0.9175267900739041762704128824
6.51,0.9172443545073522072769592385
6.52,0.9169627794786419566537230134
6.53,0.9166818650813151277077620529
6.54,0.9164017030356128115990630203
6.55,0.9161221872721449374305799728
6.56,0.9158434242400230453885383851
6.57,0.9155654940325398780326460083
6.58,0.9152882267218323385275412517
6.59,0.9150116871477614906980281316
6.60,0.9147358918181131601747024483
6.61,0.9144607308336588537663328913
6.62,0.9141862942744212932807418003
6.63,0.9139126970586726645455507733
6.64,0.9136397265507681896514326938
6.65,0.9133673804619470001535522386
6.66,0.9130958612768828834264169522
6.67,0.9128249625367555448193295232
6.68,0.9125547829628994268188951599
6.69,0.9122852096479748644998877593
6.70,0.9120164550550085168498710131
6.71,0.9117483134655885705770193787
6.72,0.9114808815571392646893487388
6.73,0.9112141494521648612707944321
6.74,0.9109480264786624869972738678
6.75,0.9106827072506890387686087394
6.76,0.9104179839720183839641862726
6.77,0.9101538605230139701813676377
6.78,0.9098904283313965242875825553
6.79,0.9096276841483746583680394810
6.80,0.9093656339914166330075698230
6.81,0.9091042672381784161715980469
6.82,0.9088434947693890689937271641
6.83,0.9085834006006166308694884041
6.84,0.9083239854872481980417107403
6.85,0.9080651555557108307539266785
6.86,0.9078069923031846965708212342
6.87,0.9075494110889568480838214078
6.88,0.9072925888023433538751708793
6.89,0.9070363455930068981355198414
6.90,0.9067807708537814502279427903
6.91,0.9065257595177505152832603041
6.92,0.9062714137073757983546133055
6.93,0.9060177269232682705690614541
6.94,0.9057647020145476248884186281
6.95,0.9055122252047019831281447755
6.96,0.9052604120254281931952417712
6.97,0.9050090433690949274277306716
6.98,0.9047585293805543152789521791
6.99,0.9045085636987339817957518049
7.00,0.9042645024349045425335529105
7.01,0.9040322279105228278046510576
7.02,0.9038006848309908653088537682
7.03,0.9035697556710258077627735485
7.04,0.9033395524418488817354327335
7.05,0.9031100596817623738317315358
7.06,0.9028811881363182976349561972
7.07,0.9026529229332230580791882927
7.08,0.9024254848605856878605450178
7.09,0.9021986384346349265026236937
7.10,0.9019724950853527135817069568
7.11,0.9017469594118581465825409061
7.12,0.9015221327496910263363250458
7.13,0.9012978891233993275444850206
7.14,0.9010743505185640577098739499
7.15,0.9008515009942546726669102389
7.16,0.9006292425608312064857866951
7.17,0.9004076692500187121325101188
7.18,0.9001866930950599509834361662
7.19,0.8999663968591615107648293661
7.20,0.8997467745281554982723337485
7.21,0.8995277389267044560086188210
7.22,0.8993093820205246271398363373
7.23,0.8990915986587708654771364186
7.24,0.8988744794920698768841438543
7.25,0.8986580400576470373034211163
7.26,0.8984421616563757575470196680
7.27,0.8982268585479520968484316369
7.28,0.8980122126905018249432644060
7.29,0.8977982277051848483384631701
7.30,0.8975848062022939230561625794
7.31,0.8973720325059726372429307864
7.32,0.8971598285574414514639497980
7.33,0.8969483680564567830563913212
7.34,0.8967373542475288081622194673
7.35,0.8965270002082775934084480717
7.36,0.8963172878708835343383545616
7.37,0.8961080123184957843436127401
7.38,0.8958994848065163792207835903
7.39,0.8956915004601784839183135084
7.40,0.8954841511634950452843732937
7.41,0.8952773407969157203588911502
7.42,0.8950711612345320761593082961
7.43,0.8948655176567562481637909758
7.44,0.8946605013221355211073365937
7.45,0.8944560080815579005533062179
7.46,0.8942521472237065205290433594
7.47,0.8940488065945916191506587148
7.48,0.8938460848232536638776684570
7.49,0.8936438891301574395305882995
7.50,0.8934423101051296963439261084
7.51,0.8932412430326199111988012219
7.52,0.8930407891530682963208506279
7.53,0.8928409537799427451119210818
7.54,0.8926416181492220471619847393
7.55,0.8924427976031351689648095474
7.56,0.8922445833732214643903538278
7.57,0.8920467708302104456951275896
7.58,0.8918496618110264970597180800
7.59,0.8916531505403487595592836404
7.60,0.8914570500217443838456302769
7.61,0.8912616345127896985257019874
7.62,0.8910666145298119131636468276
7.63,0.8908721874928236481707712610
7.64,0.8906783526505454107915970875
7.65,0.8904849967953801091703845974
7.66,0.8902921411370274967661097465
7.67,0.8900999699345122338840732054
7.68,0.8899081768343107907963110766
7.69,0.8897169656498209961871978736
7.70,0.8895262373981120039236817577
7.71,0.8893360890139566525809956299
7.72,0.8891465110391147561840905276
7.73,0.8889573184082345275973564781
7.74,0.8887687836241416302605321687
7.75,0.8885806310648801657894258173
7.76,0.8883930437412733221141920663
7.77,0.8882060254760441729574889056
7.78,0.8880194686146148429062103376
7.79,0.8878333783218146928886156527
7.80,0.8876478569328347198406578114
7.81,0.8874627883339357911978448085
7.82,0.8872782861603443862946321586
7.83,0.8870942336745778800528261578
7.84,0.8869107338466660146940077478
7.85,0.8867276919355111665344511383
7.86,0.8865451090244860025547588454
7.87,0.8863630708825248214508733400
7.88,0.8861814793282603200144495947
7.89,0.8860004401553278279012069777
7.90,0.8858198438680849000916084073
7.91,0.8856397869397558867540936434
7.92,0.8854601805257394849761847772
7.93,0.8852810104684313751087877646
7.94,0.8851023773643076027129538557
7.95,0.8849241888461085544962724691
7.96,0.8847464255048682230725228058
7.97,0.8845692020251368713659662923
7.98,0.8843925101037050076411501488
7.99,0.8842161575125476889394149746
8.00,0.8840404229837109125044501734
8.01,0.8838651143139951026462435122
8.02,0.8836901419836739138275801229
8.03,0.8835157926084280402063245454
8.04,0.8833418666645835368047566559
8.05,0.8831683607908449693990935192
8.06,0.8829952747312588860411347095
8.07,0.8828227086425975438998645884
8.08,0.8826505584270453237017811691
8.09,0.8824789248311781982864160386
8.10,0.8823077056432833661981282962
8.11,0.8821369981094682004191656913
8.12,0.8819667042849545856441534005
8.13,0.8817968099591108162701611082
8.14,0.8816274347683311192695475975
8.15,0.8814584583379613170236059300
8.16,0.8812898999540281646647242713
8.17,0.8811217348522901468525894662
8.18,0.8809541742736917668426636577
8.19,0.8807869176254580417868304843
8.20,0.8806201520875312493671258994
8.21,0.8804537956570106555180129935
8.22,0.8802879290093353690624118528
8.23,0.8801223620456433340052131772
8.24,0.8799573811027467989246929308
8.25,0.8797926938469262139936715116
8.26,0.8796285022559059516207053012
8.27,0.8794647032564350332706130171
8.28,0.8793013872285938660328626048
8.29,0.8791384601911527010889024517
8.30,0.8789760217895733649906388400
8.31,0.8788138646359127650140167013
8.32,0.8786522824495804404822427441
8.33,0.8784909956359487691781469931
8.34,0.8783301734858925962667706125
8.35,0.8781697462917317360791432995
8.36,0.8780096904848846249337230537
8.37,0.8778501054774776341721842112
8.38,0.8776909005721444541526046128
8.39,0.8775321647530981720262657497
8.40,0.8773737071026147593472313207
8.41,0.8772158141006173806190204098
8.42,0.8770581960534921053761299773
8.43,0.8769010448954458849884752099
8.44,0.8767442561308206682044515519
8.45,0.8765878366013730612105702488
8.46,0.8764318802043851550672454000
8.47,0.8762762936490400452445231705
8.48,0.8761211550896424152905939270
8.49,0.8759662939988435522498038074
8.50,0.8758119784029704488460113243
8.51,0.8756579299123522890504395774
8.52,0.8755043238619924192443504694
8.53,0.8753510917747094174510245749
8.54,0.8751982012738395224236356366
8.55,0.8750456729145846541674707858
8.56,0.8748936917760456537876555850
8.57,0.8747419619320968483903890975
8.58,0.8745906787732438827405602961
8.59,0.8744396425613132125452902992
8.60,0.8742891612632324017377782138
8.61,0.8741389251440015772110540985
8.62,0.8739891315267693624838240314
8.63,0.8738396722718618347488178355
8.64,0.8736906621821770443868536135
8.65,0.8735419049887518551626250276
8.66,0.8733935743019084994714697064
8.67,0.8732456841224333141545185262
8.68,0.8730980296703939866765012636
8.69,0.8729508130777138566283736490
8.70,0.8728040398616393383367442992
8.71,0.8726574930681894853072623751
8.72,0.8725113777026533105965374343
8.73,0.8723655957577505651804039891
8.74,0.8722202444901133923236884384
8.75,0.8720751240495941246782735566
8.76,0.8719304313214499187213679296
8.77,0.8717860684152927348466824426
8.78,0.8716421324851557804655809295
8.79,0.8714985228405530468160815852
8.80,0.8713552278847187706088971321
8.81,0.8712123684838128755883153518
8.82,0.8710697215795072318255922585
8.83,0.8709274979547777291533732056
8.84,0.8707855954623143474509226253
8.85,0.8706441134201219458909636009
8.86,0.8705029409172824487968528579
8.87,0.8703620978334317844360055845
8.88,0.8702215614928537245516233579
8.89,0.8700814329898769691491339192
8.90,0.8699416290117381768604177894
8.91,0.8698021318533394533717518322
8.92,0.8696629476650114808616196841
8.93,0.8695241766560357603802658538
8.94,0.8693857073001041900240685252
8.95,0.8692475504543123882269704019
8.96,0.8691098034001312694361054565
8.97,0.8689722661268557834075474918
8.98,0.8688352271275144609322336921
8.99,0.8686983857388941488196266149
9.00,0.8685619611186519562586250209
9.01,0.8684257231373332181671335137
9.02,0.8682898989150750499078448260
9.03,0.8681544710193368818366799319
9.04,0.8680193438929646893032980707
9.05,0.8678844104277188689821429858
9.06,0.8677498779718067916964095750
9.07,0.8676157373745124484661375662
9.08,0.8674817951516868975327387555
9.09,0.8673482430004751885839083279
9.10,0.8672150877809407833828384860
9.11,0.8670821213698018645482209197
9.12,0.8669495496173580939566923306
9.13,0.8668172649056223143808649123
9.14,0.8666852739429440533449072613
9.15,0.8665535677561784737271400689
9.16,0.8664221535821603083760538969
9.17,0.8662911221151746708167057322
9.18,0.8661604720901572128482491251
9.19,0.8660300125408652110769681892
9.20,0.8658999327157496939653660735
9.21,0.8657701424722842676830362951
9.22,0.8656406290953814507278741532
9.23,0.8655113942470715551139072943
9.24,0.8653825445729335293166215839
9.25,0.8652538714025215194109194199
9.26,0.8651255728646205623598654992
9.27,0.8649976586571885505854096378
9.28,0.8648699170801342435767059406
9.29,0.8647425492958866227321879779
9.30,0.8646154519966156867987514329
9.31,0.8644886364972530712180002716
9.32,0.8643621909622644081938468254
9.33,0.8642360147686365560998326375
9.34,0.8641100168961854007990333858
9.35,0.8639843767240403743154169601
9.36,0.8638591135676838917631849421
9.37,0.8637340176016450034044287777
9.38,0.8636092962336355702169208712
9.39,0.8634848301043108373573207475
9.40,0.8633607380794644923519283136
9.41,0.8632368092169856524962321464
9.42,0.8631132425287533055676317459
9.43,0.8629899380573601923864859716
9.44,0.8628668938398715204155221802
9.45,0.8627441210282165725965710221
9.46,0.8626216967611561616386708271
9.47,0.8624995427645031911848599852
9.48,0.8623776452919799004363181962
9.49,0.8622560057388549635023235719
9.50,0.8621347126990879236711946154
9.51,0.8620135863380266636025151413
9.52,0.8618928141647668556894111979
9.53,0.8617723966757956140926510997
9.54,0.8616521433664127409743642730
9.55,0.8615321331953739941866943588
9.56,0.8614124741387694711910298531
9.57,0.8612930685381549376771136898
9.58,0.8611739117675131586063912545
9.59,0.8610550072499169954440619080
9.60,0.8609364508072443295070402948
9.61,0.8608181543394392191732009719
9.62,0.8607000947696545697688490150
9.63,0.8605822836657819350379075305
9.64,0.8604647182920369990715414332
9.65,0.8603475006316978346196082687
9.66,0.8602305164659929834629675494
9.67,0.8601137885196021526464594201
9.68,0.8599973039911653269772098899
9.69,0.8598811527113543150979034436
9.70,0.8597652537958223845305384752
9.71,0.8596495884624866876869937386
9.72,0.8595341628784207228816518026
9.73,0.8594189790014210248037747413
9.74,0.8593040345677592373167420058
9.75,0.8591894296501839517952756213
9.76,0.8590749633849964341557368499
9.77,0.8589609259205425739831897130
9.78,0.8588470249404226741429668414
9.79,0.8587333616497145765386304241
9.80,0.8586200334171942173095698757
9.81,0.8585069408998149014179504202
9.82,0.8583940744869923643994717708
9.83,0.8582814416441943882659516769
9.84,0.8581690420782386557975096334
9.85,0.8580569755427556796155928238
9.86,0.8579451408797384995228088280
9.87,0.8578335292136809315988838254
9.88,0.8577221473082346602968745107
9.89,0.8576109858199118230235611315
9.90,0.8575001657812067401542975726
9.91,0.8573895643864414969441937765
9.92,0.8572791910240606736017995387
9.93,0.8571690357816839985731486699
9.94,0.8570591178544469261690737166
9.95,0.8569494065364743790939998943
9.96,0.8568400321501962569035353070
9.97,0.8567308724963940238434769771
9.98,0.8566219387399110421883724688
9.99,0.8565132188728373749895420538
10.00,0.8564047329028349045487345888
10.01,0.8563661779344595587327650753
10.02,0.8563237224569374141866661879
10.03,0.8562813382331302369652140705
10.04,0.8562390267302537781631153817
10.05,0.8561967958345470415451476563
10.06,0.8561546467853274556283627793
10.07,0.8561126786644308889952078215
10.08,0.8560707808854095777062737995
10.09,0.8560289550383904810840455145
10.10,0.8559872083461933895650929300
10.11,0.8559455419026362913833091230
10.12,0.8559040471202004997790418093
10.13,0.8558625315866299592964155996
10.14,0.8558211865288658350916910263
10.15,0.8557799210391236308882496231
10.16,0.8557387245412563102469016947
10.17,0.8556977071135453635371955975
10.18,0.8556566598135226354546833499
10.19,0.8556157905963050281119813212
10.20,0.8555749920029679683261370633
10.21,0.8555342703276813290904067560
10.22,0.8554936184478411245268012965
10.23,0.8554530454526827084593104004
10.24,0.8554126388029662157535055611
10.25,0.8553722008820807646269529805
10.26,0.8553319417510042271080324164
10.27,0.8552917593822447356653320642
10.28,0.8552517462943083033863394978
10.29,0.8552116988196194301774845652
10.30,0.8551718294749699662812431522
10.31,0.8551319272228904426251626078
10.32,0.8550921926065460115042274818
10.33,0.8550525336150107752707961013
10.34,0.8550129524213728345312153028
10.35,0.8549734270176617510215281796
10.36,0.8549340785975493079021225609
10.37,0.8548948058099056977844282795
10.38,0.8548554895178813740875041715
10.39,0.8548163493458665964152275460
10.40,0.8547773848652345987500979448
10.41,0.8547383850506948346437485625
10.42,0.8546994520546333135912899793
10.43,0.8546605838958931537355678664
10.44,0.8546218907912059606714424767
10.45,0.8545832626824585224962281408
10.46,0.8545447101097613194709764214
10.47,0.8545062114151778835785163410
10.48,0.8544678881022531816945626783
10.49,0.8544296291485916094027493185
10.50,0.8543913444631466951752327000
10.51,0.8543532230288065056648478694
10.52,0.8543151672986722821348602769
10.53,0.8542771737150454595023776541
10.54,0.8542392553547626308685108529
10.55,0.8542013999482942703968229038
10.56,0.8541637086600361536460168054
10.57,0.8541260798522960335951252224
10.58,0.8540885150141403204912841417
10.59,0.8540510221843135243411990050
10.60,0.8540135931765616082979716647
10.61,0.8539762260336010794499965329
10.62,0.8539390331822672589696907906
10.63,0.8539017911086009615897198233
10.64,0.8538647228513762165656841487
10.65,0.8538277158452501659279775792
10.66,0.8537907712841143873570988325
10.67,0.8537538884462479008990721471
10.68,0.8537170781939999307305514823
10.69,0.8536804185857879226258729961
10.70,0.8536438314211432762617914313
10.71,0.8536072050899105904295136675
10.72,0.8535707410105662849432869950
10.73,0.8535343370219482069544497776
10.74,0.8534979948684108972131875183
10.75,0.8534617232209699028906047260
10.76,0.8534256029398993121565520112
10.77,0.8533894521553634176486457789
10.78,0.8533534631992307362634132227
10.79,0.8533175338767942122864910784
10.80,0.8532816553184846084559026859
10.81,0.8532458462608228510081285806
10.82,0.8532102081590113166455952712
10.83,0.8531745187706936071415179224
10.84,0.8531388907943985486900156289
10.85,0.8531034211359830703405938833
10.86,0.8530680215096713695946416512
10.87,0.8530326709233994930099013438
10.88,0.8529973905617576600707655774
10.89,0.8529621579356173478260978739
10.90,0.8529270956613250647118382279
10.91,0.8528919815799140267335037696
10.92,0.8528570368052970745589774173
10.93,0.8528220500963630025250869573
10.94,0.8527872125642969949702407263
10.95,0.8527524429716551427783488395
10.96,0.8527178326773721371633416396
10.97,0.8526831692905611076908503803
10.98,0.8526485744960622276995849452
10.99,0.8526141376385524693615145800
11.00,0.8525796489979138662247669646
11.01,0.8525453275135803522724665976
11.02,0.8525110543661907826489064424
11.03,0.8524768480052606920280237292
11.04,0.8524426898560335348298341393
11.05,0.8524086980440589520910767103
11.06,0.8523746543194529005897745427
11.07,0.8523407668113344714802455482
11.08,0.8523068466120542477155676326
11.09,0.8522730728369302205353035571
11.10,0.8522393568115124899783758207
11.11,0.8522056958717182329471402815
11.12,0.8521720928854866093234889509
11.13,0.8521385448687935339152166621
11.14,0.8521051446828580510461229094
11.15,0.8520718095820025974194596018
11.16,0.8520384309755453095321411319
11.17,0.8520051979928655217393086786
11.18,0.8519720310580059632966215381
11.19,0.8519389093038154033098337547
11.20,0.8519058441343690073323650321
11.21,0.8518729333757762906104606958
11.22,0.8518399787570480915440589473
11.23,0.8518070789856221964471250751
11.24,0.8517743246862493274295926387
11.25,0.8517416354466993058441231204
11.26,0.8517089909104247748412941126
11.27,0.8516764013197705390227593342
11.28,0.8516438671925055027648116755
11.29,0.8516113866959776354678175840
11.30,0.8515790515488407804930786938
11.31,0.8515466799218231908103710412
11.32,0.8515144535310089180655156694
11.33,0.8514821805504941830274794188
11.34,0.8514500623662492774272901829
11.35,0.8514179874832715992867301429
11.36,0.8513859778226895827312872936
11.37,0.8513540108164584443355188244
11.38,0.8513221977290154281524694035
11.39,0.8512903385895309729598097563
11.40,0.8512586332569288400968759299
11.41,0.8512269700407588904076796232
11.42,0.8511952617112639940169398713
11.43,0.8511637055976947593316830055
11.44,0.8511322034008798230493905263
11.45,0.8511007433148178645406811006
11.46,0.8510693370378184532756480241
11.47,0.8510380827671478897060126423
11.48,0.8510067818710564866644471050
11.49,0.8509756228776121378783398631
11.50,0.8509444276771657616495622489
11.51,0.8509133634233491340151937435
11.52,0.8508823624762971377541837677
11.53,0.8508514034609746087190546167
11.54,0.8508204973183411798388103367
11.55,0.8507896419223017899637799367
11.56,0.8507588389684560700092331994
11.57,0.8507281785878244423807344374
11.58,0.8506974700252091208539756696
11.59,0.8506669022008607889659910034
11.60,0.8506363860948327335615995513
11.61,0.8506059223569883892166196148
11.62,0.8505754095805623301617284802
11.63,0.8505450376719624559527709197
11.64,0.8505148174659982800588948322
11.65,0.8504845482580765894968292756
11.66,0.8504543204679807335155747227
11.67,0.8504242432047142476132459776
11.68,0.8503941066054951649330001239
11.69,0.8503641311360053115430715901
11.70,0.8503341970675528403763951195
11.71,0.8503043024948317426460169981
11.72,0.8502744578866489117266512765
11.73,0.8502446652249428381897469938
11.74,0.8502149226075349162342978298
11.75,0.8501852192960722376758257053
11.76,0.8501556565897760304134255029
11.77,0.8501260446481929416195258733
11.78,0.8500965823864339750332759353
11.79,0.8500671692434702933393807146
11.80,0.8500377961889026497258336850
11.81,0.8500083737043580685279279443
11.82,0.8499790903875996267300628777
11.83,0.8499499561730651725329541046
11.84,0.8499207610363746906842237050
11.85,0.8498916166052129398618837898
11.86,0.8498626206423200246403144748
11.87,0.8498335644685109948540984052
11.88,0.8498046570001559880818812334
11.89,0.8497756984100995139733931840
11.90,0.8497468692799205424304886011
11.91,0.8497180988821174800502543232
11.92,0.8496893668740454251690281381
11.93,0.8496606840512249579418264800
11.94,0.8496320393389363030832266821
11.95,0.8496035437210507445910421567
11.96,0.8495749862829926146420068047
11.97,0.8495465676910942530026983742
11.98,0.8495181075376437403966361679
11.99,0.8494897844646247113262392986
12.00,0.8494615000692849984959527541
12.01,0.8494331640171780027767865389
12.02,0.8494049655523870309069605573
12.03,0.8493769158231098853044887742
12.04,0.8493488131141463606025981967
12.05,0.8493207487253379352363083446
12.06,0.8492928215994681755817397853
12.07,0.8492648423789819766774355930
12.08,0.8492369000095402134700330601
12.09,0.8492091057863985874070936408
12.10,0.8491813583305278530755015890
12.11,0.8491535394076326899668364208
12.12,0.8491258760401923661465948742
12.13,0.8490982509750696488277679762
12.14,0.8490707623266616878129540786
12.15,0.8490432210969533468670479713
12.16,0.8490157165278750198786804934
12.17,0.8489883589671686852404704851
12.18,0.8489609376564714288068407911
12.19,0.8489336640659737897163483557
12.20,0.8489063261757011601851871099
12.21,0.8488791252673164779202568951
12.22,0.8488518701696388641027365072
12.23,0.8488248621086059744223257050
12.24,0.8487976799150548368822511272
12.25,0.8487707550005361263989743264
12.26,0.8487437550839391935850880158
12.27,0.8487168119028946081094113040
12.28,0.8486899937760917281606712222
12.29,0.8486631230902560450996758871
12.30,0.8486362869207419740650028944
12.31,0.8486095973252629256557421282
12.32,0.8485829530846438938983055364
12.33,0.8485562348807065191297430284
12.34,0.8485296619529096281108431760
12.35,0.8485031351107174105825685798
12.36,0.8484767328851898537000890073
12.37,0.8484502867932278443693286011
12.38,0.8484238653678591459939019891
12.39,0.8483974898708050592555118559
12.40,0.8483712589646563174652224908
12.41,0.8483449535814026210619742735
12.42,0.8483186927138693211258662130
12.43,0.8482925772918686990488579227
12.44,0.8482664963109050355858494433
12.45,0.8482404506986171349832253767
12.46,0.8482144495720009685910621890
12.47,0.8481883832906106268519621244
12.48,0.8481625509748188183272230428
12.49,0.8481366643197133207628718072
12.50,0.8481108111120603653972407895
12.51,0.8480849931607519540958336269
12.52,0.8480592190276808403829744845
12.53,0.8480335795180515360216025928
12.54,0.8480079738689491054983026898
12.55,0.8479824128827278779819503663
12.56,0.8479567851314904943776831162
12.57,0.8479312924091907437588590179
12.58,0.8479058429622816629827266439
12.59,0.8478804280309373157442955013
12.60,0.8478550463041606393039172243
12.61,0.8478297086924533030468003216
12.62,0.8478044049775609424035437193
12.63,0.8477791348695137386598131871
12.64,0.8477540074982281297525211538
12.65,0.8477288147526322468812025577
12.66,0.8477037547791007624125473271
12.67,0.8476786285991842671181261212
12.68,0.8476536450175984776217744092
12.69,0.8476286956942163966742828767
12.70,0.8476036788992652479043011877
12.71,0.8475788055951845251300848539
12.72,0.8475539650172340243828212333
12.73,0.8475292576975641448507978493
12.74,0.8475044930350253182957185059
12.75,0.8474797518247975841587800219
12.76,0.8474551529400717921890031768
12.77,0.8474304874383839420392040320
12.78,0.8474058638678813616922122196
12.79,0.8473813736115856651406683625
12.80,0.8473568152201423414646727825
12.81,0.8473323900745124458870893406
12.82,0.8473080067278278896032831644
12.83,0.8472836463952240075356166516
12.84,0.8472593282162729162405658535
12.85,0.8472350523992550530381984701
12.86,0.8472107982506487463949242360
12.87,0.8471865872359397624807491238
12.88,0.8471624074061319219353387032
12.89,0.8471383604784679169959305004
12.90,0.8471141546727927647697737210
12.91,0.8470901717017107405675293041
12.92,0.8470662298775272841736500535
12.93,0.8470422203184246677452599789
12.94,0.8470183520940200448183666861
12.95,0.8469945061560568073490469257
12.96,0.8469706014023858014382774219
12.97,0.8469469287063816420705567808
12.98,0.8469231869683105485942768328
12.99,0.8468994772233147334284102138
13.00,0.8468757083740689386151906934
13.01,0.8468520708403324516895131210
13.02,0.8468285652035420758123588280
13.03,0.8468049908184778026047146340
13.04,0.8467815470422046514166724493
13.05,0.8467580453105703309041351672
13.06,0.8467346637194062568913417947
13.07,0.8467112237031992746370415885
13.08,0.8466879144152093719653307653
13.09,0.8466646456251187005476302654
13.10,0.8466412987198183684056426223
13.11,0.8466180922514584362350059523
13.12,0.8465949063887548797594674462
13.13,0.8465717617493865313105945430
13.14,0.8465486466877499604442752082
13.15,0.8465256681897460607459438833
13.16,0.8465026187752677132862508395
13.17,0.8464796006931549007382358438
13.18,0.8464566146815240325800370099
13.19,0.8464337631053674824833038938
13.20,0.8464108401681242018691439084
13.21,0.8463880502107871001598479823
13.22,0.8463652916706105384110741875
13.23,0.8463425650504207772151060499
13.24,0.8463197687897763523894661188
13.25,0.8462971047890904945685521619
13.26,0.8462744726854955976955924353
13.27,0.8462518704612633670922025511
13.28,0.8462293008450594246551572136
13.29,0.8462067624363710742886021504
13.30,0.8461842528238949123273153948
13.31,0.8461617753613906586761903920
13.32,0.8461394298347664299604457795
13.33,0.8461170148025479709389225500
13.34,0.8460947294856977125156692252
13.35,0.8460723746064194003458109823
13.36,0.8460500517740560710890503837
13.37,0.8460278583647086507335279000
13.38,0.8460056953698681595503430168
13.39,0.8459835621304288672625102328
13.40,0.8459614608238426355132843560
13.41,0.8459393890726935017133877184
13.42,0.8459173481978873797147046470
13.43,0.8458953348242372730217396121
13.44,0.8458733542707643637589786467
13.45,0.8458514025908346964727647809
13.46,0.8458294794950397705464842620
13.47,0.8458075877645383038926714660
13.48,0.8457858260331977380310972911
13.49,0.8457639926421723840204597901
13.50,0.8457422889572032526093448993
13.51,0.8457205151791458071112925536
13.52,0.8456988696724461175626952178
13.53,0.8456772562009538964403010075
13.54,0.8456555693954751196712094974
13.55,0.8456340125717799687176019672
13.56,0.8456124845331752134908584160
13.57,0.8455909866734278198822507686
13.58,0.8455695169214636270617043503
13.59,0.8455480755447855085363276680
13.60,0.8455266645977904394492431746
13.61,0.8455053813495851420858449506
13.62,0.8454840267749396021953840094
13.63,0.8454627015928876059234458525
13.64,0.8454414038694307645666366575
13.65,0.8454201359041448133648493250
13.66,0.8453989955106689044424789396
13.67,0.8453777830801303849452593182
13.68,0.8453567991655341566826379705
13.69,0.8453356451618065738572914180
13.70,0.8453146176296954478693140192
13.71,0.8452935177948872314040493082
13.72,0.8452726469040176953478685262
13.73,0.8452516037145933674377398794
13.74,0.8452306877225296946858482419
13.75,0.8452098014446705378795769413
13.76,0.8451889407827502166579715130
13.77,0.8451682092562465649010534254
13.78,0.8451473051899529836611928168
13.79,0.8451266296188646356682326537
13.80,0.8451058785821177156293782362
13.81,0.8450852571924976122823374722
13.82,0.8450645625984111383182690755
13.83,0.8450439960291692436285027255
13.84,0.8450233552405324164193045742
13.85,0.8450027432298690239572484670
13.86,0.8449822575900184511434833871
13.87,0.8449617988777677421975334503
13.88,0.8449413680112129371231648001
13.89,0.8449209615005151055466772851
13.90,0.8449005846228327549473161659
13.91,0.8448802340541495588515093005
13.92,0.8448599092336404683344272992
13.93,0.8448396105117792048336313451
13.94,0.8448193414897594680431341998
13.95,0.8447990958757397885340911199
13.96,0.8447788782298040662838074997
13.97,0.8447587869177520889336387984
13.98,0.8447386218821781170341246481
13.99,0.8447185831607994969479262305
14.00,0.8446984703143001542649880687
14.01,0.8446784825466937147481672723
14.02,0.8446584231491833720063365191
14.03,0.8446384884327747170825858337
14.04,0.8446184810385244764005685646
14.05,0.8445985981176794457396543067
14.06,0.8445787416351067692199168994
14.07,0.8445589117680814021922154807
14.08,0.8445391064290171937078503205
14.09,0.8445193273382317724862867356
14.10,0.8444995737508218940595761358
14.11,0.8444798460179865602883429304
14.12,0.8444601425593674322497004660
14.13,0.8444404649314882565474900161
14.14,0.8444208130431154150415597553
14.15,0.8444012874305117268675632926
14.16,0.8443816875121016778360117768
14.17,0.8443622109898834313944454590
14.18,0.8443426599530332028186907988
14.19,0.8443232352692796878743135104
14.20,0.8443037338623289385344740448
14.21,0.8442843581083194698903358770
14.22,0.8442649082434104853064957982
14.23,0.8442455826461664262204629459
14.24,0.8442262822369194922735649414
14.25,0.8442069052299799871465238452
14.26,0.8441876541895561193685801060
14.27,0.8441684270048171246993123861
14.28,0.8441493252596083293667692641
14.29,0.8441300483159938762130915771
14.30,0.8441109946036667031508269084
14.31,0.8440918653247397464697171159
14.32,0.8440727623966603361697563160
14.33,0.8440536810253522783269750238
14.34,0.8440346257971544869842868309
14.35,0.8440156942577857508720937136
14.36,0.8439966871458120622399361487
14.37,0.8439778040177993279312891281
14.38,0.8439588447739631869466242176
14.39,0.8439400089736797958482018653
14.40,0.8439210975178581813575067485
14.41,0.8439023109630944729533494383
14.42,0.8438834468806375435103934141
14.43,0.8438647063249513850852811819
14.44,0.8438459911997713128902594316
14.45,0.8438272985614345309836317842
14.46,0.8438086303120412759013527201
14.47,0.8437899843460196046929171738
14.48,0.8437713640575805628032519097
14.49,0.8437527646826220815132016092
14.50,0.8437341896141877266280945330
14.51,0.8437156377504206573128857569
14.52,0.8436972099885430152092979713
14.53,0.8436787047200067061476923754
14.54,0.8436602223483646470341310455
14.55,0.8436417629398156803816961876
14.56,0.8436234288784576177161225199
14.57,0.8436050155786225524531083966
14.58,0.8435867265849080814547277060
14.59,0.8435684591514985692741531836
14.60,0.8435501154469771577649677783
14.61,0.8435318941745476482030871521
14.62,0.8435135967541667760044193764
14.63,0.8434954211430617982541051063
14.64,0.8434772679060561563625547249
14.65,0.8434590386000717815116135765
14.66,0.8434410307453836992877029078
14.67,0.8434228450435164710447610430
14.68,0.8434048829119931372885943891
14.69,0.8433867433135703189537242062
14.70,0.8433688264586191157346980812
14.71,0.8433508299359554571159642612
14.72,0.8433328569543696018939605960
14.73,0.8433149065957952034501362119
14.74,0.8432969775761204625454968653
14.75,0.8432791699790637788525375149
14.76,0.8432612851530871168982823996
14.77,0.8432435227725816340449821605
14.78,0.8432256832889538991115841268
14.79,0.8432079639915567906516062216
14.80,0.8431901672349161878127637469
14.81,0.8431724924760669943754240266
14.82,0.8431547393774950489016521671
14.83,0.8431370084476365517085799291
14.84,0.8431194994547853201120637099
14.85,0.8431018110625039906472545186
14.86,0.8430842452601537161594148390
14.87,0.8430667001876069914433103859
14.88,0.8430491770272761297204580963
14.89,0.8430316741871768763506376879
14.90,0.8430141939101763624782256424
14.91,0.8429967359175768294808509681
14.92,0.8429792972400639125448086306
14.93,0.8429618800721918791374662125
14.94,0.8429444856575620922857231201
14.95,0.8429272119822085240529821799
14.96,0.8429098582420813817704604631
14.97,0.8428925265590851961884417846
14.98,0.8428753165638349967725169396
14.99,0.8428580261166597080848731326
15.00,0.8428407566992933101376506120
15.01,0.8428236090625984109797908682
15.02,0.8428063815654007173960311850
15.03,0.8427892755452095823602176964
15.04,0.8427721906291744259751680591
15.05,0.8427550251185538165217938220
15.06,0.8427379805147718042540572292
15.07,0.8427209584814775461831017489
15.08,0.8427039548034927560530125832
15.09,0.8426869734973607892744949022
15.10,0.8426700108166774796728423915
15.11,0.8426530701694639643431881875
15.12,0.8426361488114064674409357084
15.13,0.8426191477560507788391223493
15.14,0.8426022670949742107406881055
15.15,0.8425855084002047594411428592
15.16,0.8425685684425722877347574571
15.17,0.8425518498291618741403637108
15.18,0.8425350484557740609188269427
15.19,0.8425183702827632088555015864
15.20,0.8425016119161584670412942832
15.21,0.8424848713928182534323195297
15.22,0.8424681526430156017351274033
15.23,0.8424515533998241455203317049
15.24,0.8424349745494232521122980604
15.25,0.8424183146341672390874668611
15.26,0.8424017741569478674576548854
15.27,0.8423851548790265047838541870
15.28,0.8423686556320975827743480671
15.29,0.8423521746307699694982347819
15.30,0.8423356129252346631069091621
15.31,0.8423191718920238827933594386
15.32,0.8423027510068455225121000298
15.33,0.8422863489107691277878612424
15.34,0.8422698646378431065681440094
15.35,0.8422535022663318750969185052
15.36,0.8422371589794226269601393529
15.37,0.8422209334198917210349340523
15.38,0.8422045289142709110984987787
15.39,0.8421883417876029988570955625
15.40,0.8421720753424646404602547179
15.41,0.8421558282443110332512101326
15.42,0.8421395996335536412445507668
15.43,0.8421233907921795965533471141
15.44,0.8421073001172119785212581320
15.45,0.8420911287258069415391366081
15.46,0.8420750767615783053442962381
15.47,0.8420589430494533339880036741
15.48,0.8420429293604764730180758363
15.49,0.8420268337650283977390583817
15.50,0.8420108568744893501536179311
15.51,0.8419947986248288821040983981
15.52,0.8419788600978990382253222455
15.53,0.8419628398934686042574813319
15.54,0.8419469379564848588758640219
15.55,0.8419310548607537752387462992
15.56,0.8419150903300601213440105213
15.57,0.8418992444469495794917183466
15.58,0.8418834169353040987348157572
15.59,0.8418676083259705958016857009
15.60,0.8418518164895339987325207201
15.61,0.8418360459733410053582451474
15.62,0.8418202923216216784302465530
15.63,0.8418045563925279373433218410
15.64,0.8417888385826851913056988448
15.65,0.8417731405847062444533110943
15.66,0.8417575592760319031256936991
15.67,0.8417418968678913404483590919
15.68,0.8417262524026871620664396657
15.69,0.8417106266898383544356982653
15.70,0.8416951177280161620442753338
15.71,0.8416795274890302168041792405
15.72,0.8416639559730901678100337594
15.73,0.8416485019868446994076435340
15.74,0.8416329648595890274987568854
15.75,0.8416175462328141999309672246
15.76,0.8416020461097983389637337916
15.77,0.8415866627857531368495903279
15.78,0.8415712977741558809225677713
15.79,0.8415559505326203911690695743
15.80,0.8415405205761473560249774937
15.81,0.8415252081972018169286120319
15.82,0.8415099145160719620356036351
15.83,0.8414945381072921989659793225
15.84,0.8414792779292357844241175221
15.85,0.8414640362716411859693259222
15.86,0.8414488122564163673341390811
15.87,0.8414336052943935660865713266
15.88,0.8414184157834637731182098171
15.89,0.8414032434620410460883770942
15.90,0.8413880892909174005680813549
15.91,0.8413729516650729818262873892
15.92,0.8413578300533402153465047747
15.93,0.8413427289583257204413207558
15.94,0.8413276416879527526508183653
15.95,0.8413126737421053068673713807
15.96,0.8412976227591177475825136052
15.97,0.8412826882361596656148107647
15.98,0.8412675707575593171682894658
15.99,0.8412526700056974680453912243
16.00,0.8412376865429230302981863612
16.01,0.8412228202137155726005348922
16.02,0.8412078698770716682109453123
16.03,0.8411930382140562441232854254
16.04,0.8411782220559168727646907142
16.05,0.8411633228439483199602831167
16.06,0.8411485402743995076542649234
16.07,0.8411336755935748698903779111
16.08,0.8411189256648648874929400781
16.09,0.8411041945981330407239942637
16.10,0.8410894784220019835751904111
16.11,0.8410746796029038595821966205
16.12,0.8410599964421430851175907892
16.13,0.8410453326119429540459904767
16.14,0.8410306824583863132419993287
16.15,0.8410160499236097076933421064
16.16,0.8410014332043577555258745055
16.17,0.8409868342414556984879974806
16.18,0.8409722497417641630310725010
16.19,0.8409576819723520162046412234
16.20,0.8409431313320195770991383363
16.21,0.8409285977048686865330990072
16.22,0.8409140786555635897158729976
16.23,0.8408995771210158121353532896
16.24,0.8408851913037077496245643047
16.25,0.8408707208117070158712667065
16.26,0.8408563666851440607988258261
16.27,0.8408419282352172450294296257
16.28,0.8408275067132679959556880624
16.29,0.8408132019927989933920832651
16.30,0.8407988127534151168184154047
16.31,0.8407845387630847703234485687
16.32,0.8407701817489455166638239315
16.33,0.8407559384390775840601000567
16.34,0.8407416125626631107339764353
16.35,0.8407274020488826829442583279
16.36,0.8407131081338148217368857182
16.37,0.8406989285698974478693843130
16.38,0.8406847661675226794177503495
16.39,0.8406706201231305283756831744
16.40,0.8406563875989440633936402535
16.41,0.8406422713630379828848076632
16.42,0.8406281718156777932786913558
16.43,0.8406140862237228833521616301
16.44,0.8406000173946993420791919885
16.45,0.8405859646616997504424369708
16.46,0.8405719268946368170639285662
16.47,0.8405579036883795872970159687
16.48,0.8405438960787648439638591150
16.49,0.8405299050045477594986765030
16.50,0.8405159273416471720514811349
16.51,0.8405019661888618702713110234
16.52,0.8404880205897298727606287351
16.53,0.8404741898475631828794033309
16.54,0.8404602734023769468723247986
16.55,0.8404463749528960714448945033
16.56,0.8404324900145263984411297353
16.57,0.8404187201836120319657497093
16.58,0.8404048648427040304388565796
16.59,0.8403911242859765264596703677
16.60,0.8403773001227764904114616921
16.61,0.8403634905553108405135433239
16.62,0.8403497959363176141057175292
16.63,0.8403360173500701910594211526
16.64,0.8403223521906577719965684916
16.65,0.8403086027454292394466781189
16.66,0.8402949682970458134809381878
16.67,0.8402813490382803045383917604
16.68,0.8402677421656211912232020231
16.69,0.8402540517944388887828268032
16.70,0.8402404768749743875081811824
16.71,0.8402269167693628345327748497
16.72,0.8402132706714041179440817683
16.73,0.8401997389909722410642358942
16.74,0.8401862219649847918927549233
16.75,0.8401727195479385641680744062
16.76,0.8401592320076545269309626019
16.77,0.8401457595463527285211022442
16.78,0.8401323015331775823394280284
16.79,0.8401188569238149192270850493
16.80,0.8401054281439907740917091482
16.81,0.8400919139444419838170010887
16.82,0.8400786120613461889630859981
16.83,0.8400652270283903070204125932
16.84,0.8400518553805464100403081612
16.85,0.8400384970752596849904872788
16.86,0.8400252546933080188201734845
16.87,0.8400119255015405440046500741
16.88,0.8399986115600736902284074091
16.89,0.8399853114046408180762533559
16.90,0.8399720255722492661981554019
16.91,0.8399588535053565589710110501
16.92,0.8399455964814250927821709825
16.93,0.8399324532013152000453325515
16.94,0.8399192232033846778744523172
16.95,0.8399061069289472181062364707
16.96,0.8398929066543281886784633184
16.97,0.8398798194677325719303368476
16.98,0.8398666464233138616737442618
16.99,0.8398535870601783329454111737
17.00,0.8398404417549137001104840958
17.01,0.8398274089471297169339522957
17.02,0.8398143922390043933863000254
17.03,0.8398012875588227130730197118
17.04,0.8397882977934185377448235545
17.05,0.8397753226476735735210661032
17.06,0.8397623605001666121686996332
17.07,0.8397494116250384094483674711
17.08,0.8397364767865574935114719124
17.09,0.8397234559168304095229681656
17.10,0.8397105478991734277697452079
17.11,0.8396976543027397329479894829
17.12,0.8396847750651180230200118899
17.13,0.8396719087572781034753165574
17.14,0.8396590552602054516470667993
17.15,0.8396462159545276949386262854
17.16,0.8396333895496549471601739600
17.17,0.8396206769494055079883609971
17.18,0.8396077786497675030893663839
17.19,0.8395950930583984555808466028
17.20,0.8395823212165811869839297493
17.21,0.8395695635068984847900098353
17.22,0.8395569181066832754226282066
17.23,0.8395440855168988849415829749
17.24,0.8395314674725675474949687225
17.25,0.8395187615439638216730025214
17.26,0.8395061698396822430154406192
17.27,0.8394934907680035604748938567
17.28,0.8394809252018369473857307238
17.29,0.8394682728755584391765979171
17.30,0.8394556345722334340378943744
17.31,0.8394431083041780942773158537
17.32,0.8394304950827746797383909446
17.33,0.8394179945807893940354413938
17.34,0.8394054088208668739761191847
17.35,0.8393929341592985760467623896
17.36,0.8393804740882725356673128314
17.37,0.8393679268514927024138995059
17.38,0.8393554927273387893036900712
17.39,0.8393430704181428191803370690
17.40,0.8393306620394936822575685296
17.41,0.8393181651645579322269407364
17.42,0.8393057829498284397730492070
17.43,0.8392934119287058010007710694
17.44,0.8392810545475633966517282614
17.45,0.8392686100155608692022287922
17.46,0.8392563794309547915618206792
17.47,0.8392439601139101268130154599
17.48,0.8392316545261616075142041128
17.49,0.8392193603529980805045205228
17.50,0.8392070799234728781131859212
17.51,0.8391948112928305331684795534
17.52,0.8391825562221987822020423795
17.53,0.8391704125472243203584549331
17.54,0.8391580825133271077143591105
17.55,0.8391459651433651084641157325
17.56,0.8391337605606413796289888642
17.57,0.8391215676233762872214709857
17.58,0.8391093877390651214219653399
17.59,0.8390973195877799166560853426
17.60,0.8390851639180047734632813421
17.61,0.8390730211287660039273318117
17.62,0.8390608906378639637999179414
17.63,0.8390487732920239156045102388
17.64,0.8390367676637934853561302897
17.65,0.8390246744442183164263922123
17.66,0.8390126943680203148578334565
17.67,0.8390006247964977266795234134
17.68,0.8389886686294214441496811971
17.69,0.8389766245563118663764586524
17.70,0.8389645922628641093501707432
17.71,0.8389526727698267032011987128
17.72,0.8389407654794571839059971972
17.73,0.8389287700856233956030715595
17.74,0.8389168877631709529679226353
17.75,0.8389050158820737986197220190
17.76,0.8388930571659869645864871771
17.77,0.8388812104768758636652290853
17.78,0.8388693756598732854887381755
17.79,0.8388574526895234160177595262
17.80,0.8388456421376492199930951166
17.81,0.8388338436886811822741366033
17.82,0.8388220572404256053019443622
17.83,0.8388101814421863895680356265
17.84,0.8387985194634217266557441680
17.85,0.8387866672821359896265595408
17.86,0.8387749289029410443956881881
17.87,0.8387632007086293033675977978
17.88,0.8387514857321763644706226020
17.89,0.8387397825208097677118616244
17.90,0.8387280899132305006613295854
17.91,0.8387164100546562004176955246
17.92,0.8387047417827249981594103771
17.93,0.8386931854075679462505790969
17.94,0.8386814400162117896647986641
17.95,0.8386699061859293945338714037
17.96,0.8386582864862357798527769854
17.97,0.8386466754877569981068573555
17.98,0.8386350778611832994678276378
17.99,0.8386234910838207286804332162
18.00,0.8386119156615310045712983455
18.01,0.8386003519089720062501489679
18.02,0.8385888996585051627526719814
18.03,0.8385773600621391409417621701
18.04,0.8385659303681305492410322033
18.05,0.8385544131512233651138619827
18.06,0.8385430078200721495356899837
18.07,0.8385315131119789821087605456
18.08,0.8385200296923915508682717870
18.09,0.8385086568804519882956809079
18.10,0.8384971960866804738617593127
18.11,0.8384858475567631111264125366
18.12,0.8384744098684327665021562149
18.13,0.8384630851702295202920712353
18.14,0.8384516692942753167097409583
18.15,0.8384403648163916344437725906
18.16,0.8384290727254260656049699702
18.17,0.8384176910174072805566265881
18.18,0.8384064215163729965076207192
18.19,0.8383951618006865796518445356
18.20,0.8383838146067747714589592663
18.21,0.8383725785957492974626308559
18.22,0.8383613531808525766069269352
18.23,0.8383500382677268381855081723
18.24,0.8383389359287159305330958541
18.25,0.8383276424972388278753175735
18.26,0.8383164617954472124444185630
18.27,0.8383052912288357170990142671
18.28,0.8382941322946941399055283381
18.29,0.8382829841480635386585622196
18.30,0.8382718476182389345240074262
18.31,0.8382607213674485703106078323
18.32,0.8382495065422161738595828906
18.33,0.8382385025694641702547889041
18.34,0.8382274086770409911483822023
18.35,0.8382163263628777064949419876
18.36,0.8382052542102296330979887370
18.37,0.8381941931146665800796500690
18.38,0.8381831449846512594596919111
18.39,0.8381721045846171734912346102
18.40,0.8381610762185791372482640588
18.41,0.8381500593031302241896338824
18.42,0.8381391515891990377419648683
18.43,0.8381281558044405905161810947
18.44,0.8381171704476139760767031714
18.45,0.8381061956800233583425335521
18.46,0.8380953327335307098810203946
18.47,0.8380843784637596372514302302
18.48,0.8380735356776053886383626503
18.49,0.8380626030973057757979364511
18.50,0.8380516816630586271358349189
18.51,0.8380408705225806108479547014
18.52,0.8380299704332013310136564592
18.53,0.8380191805998781067518945173
18.54,0.8380083013156000660903812864
18.55,0.8379974331897510610740887474
18.56,0.8379866750875168185437432199
18.57,0.8379759262349026078700807866
18.58,0.8379650883930165180399366948
18.59,0.8379542616782888662177610108
18.60,0.8379435455558405100974648444
18.61,0.8379328394631281022718104610
18.62,0.8379221428680409431919769858
18.63,0.8379113593691127445616850763
18.64,0.8379006833551047844970106841
18.65,0.8378899193399668811614188551
18.66,0.8378792642820876659236151493
18.67,0.8378686194015544439758659597
18.68,0.8378579856976962854282763284
18.69,0.8378473623343270099151583185
18.70,0.8378366481269373475551772688
18.71,0.8378260460827588141692056013
18.72,0.8378154535819859686659367992
18.73,0.8378048709852371067613161397
18.74,0.8377942970485796509575242328
18.75,0.8377837351166784319497985079
18.76,0.8377730828233215356824082653
18.77,0.8377626408168026978339308487
18.78,0.8377521078280949985328544584
18.79,0.8377414863403303822586064136
18.80,0.8377310741560583758452716210
18.81,0.8377205728498358886595430074
18.82,0.8377100816239223540289848321
18.83,0.8376995986832453060583702728
18.84,0.8376891261998146042444870737
18.85,0.8376786651753940040609379375
18.86,0.8376682127244315794889812852
18.87,0.8376577703307978677039587362
18.88,0.8376473392836462813026466616
18.89,0.8376370168725994529677487335
18.90,0.8376266044070117102676557496
18.91,0.8376162019728646305648676269
18.92,0.8376058085423044511612097348
18.93,0.8375955263519172977910620971
18.94,0.8375851538477405153155051670
18.95,0.8375747905701214176667182186
18.96,0.8375645374181827062894585538
18.97,0.8375541940275679408273316241
18.98,0.8375438605294104849383367098
18.99,0.8375336364403764501430861402
19.00,0.8375233213131868054308211815
19.01,0.8375131160718246926488507662
19.02,0.8375028216853111791170088444
19.03,0.8374925364714750705151369408
19.04,0.8374823607175760963762613275
19.05,0.8374720952868048658193425062
19.06,0.8374619381398645297271593486
19.07,0.8374517923027834381318914470
19.08,0.8374415548191443059391134058
19.09,0.8374314275502675092479510397
19.10,0.8374212082440919622109097552
19.11,0.8374111004365523409185032427
19.12,0.8374010011218376977945894758
19.13,0.8373909118318598738967806162
19.14,0.8373807323320476239301755438
19.15,0.8373706621431346454649699665
19.16,0.8373605006504401732976787049
19.17,0.8373505493202317239652164198
19.18,0.8373404062828944613767700993
19.19,0.8373303743132249250639567038
19.20,0.8373203505425861421679466003
19.21,0.8373102379086294253569683962
19.22,0.8373003325436904501029967897
19.23,0.8372902372207269801004413154
19.24,0.8372802511549337007407703078
19.25,0.8372702750364643342450255518
19.26,0.8372603071633698477239597454
19.27,0.8372503493067782121416311140
19.28,0.8372404006838175439779896071
19.29,0.8372304609828146344651249352
19.30,0.8372205318913180311481761208
19.31,0.8372106100159367557976833537
19.32,0.8372006986565336422432738025
19.33,0.8371907965634778418294685648
19.34,0.8371809032992126425751947806
19.35,0.8371710189192609157323131555
19.36,0.8371611427264863638671222432
19.37,0.8371513770196496022888592316
19.38,0.8371415211784820452897296971
19.39,0.8371315738108625954160665489
19.40,0.8371218345256109464417083658
19.41,0.8371120055358803196746905680
19.42,0.8371021842502632924806988948
19.43,0.8370924727176179396286208639
19.44,0.8370826703265061383877043263
19.45,0.8370728766761321699530908409
19.46,0.8370630931560073281489367347
19.47,0.8370534177286679059746417654
19.48,0.8370436509738479703484785876
19.49,0.8370338940173425139900256474
19.50,0.8370242450867740987509894675
19.51,0.8370145058605523248485579498
19.52,0.8370048750114903706960876045
19.53,0.8369951521097620702727224254
19.54,0.8369854389762451051958426839
19.55,0.8369758362227061907727922795
19.56,0.8369661407408222991077473062
19.57,0.8369565545661053103072840621
19.58,0.8369468763730621491051081896
19.59,0.8369373078365550335067170375
19.60,0.8369277485482888579290712562
19.61,0.8369180966268489050554534883
19.62,0.8369085545833515767876576065
19.63,0.8368989211727842060164210325
19.64,0.8368893959872430477943263064
19.65,0.8368797800646002679475149421
19.66,0.8368702719982471389312779020
19.67,0.8368607739801414426505792715
19.68,0.8368511833684746043919212502
19.69,0.8368417009760615009552025403
19.70,0.8368322285314906272437133336
19.71,0.8368227649384753699086762039
19.72,0.8368132094427595357855891831
19.73,0.8368038622483109053066852532
19.74,0.8367943237855135092895013085
19.75,0.8367848942399485899596897914
19.76,0.8367754730611558281186095029
19.77,0.8367659604342060870889373173
19.78,0.8367566559525697006849301469
19.79,0.8367471601998614805660040582
19.80,0.8367377742521967377437550612
19.81,0.8367283951047165632938666840
19.82,0.8367190250802079506795491966
19.83,0.8367096631398180899695491205
19.84,0.8367003098786744733745916691
19.85,0.8366909650175027728622638181
19.86,0.8366816282246561406465387760
19.87,0.8366723005271150285883046327
19.88,0.8366629818874268452719513220
19.89,0.8366536706243740965060706531
19.90,0.8366443676603393416712649068
19.91,0.8366350734357665590761122762
19.92,0.8366257875825894817490005147
19.93,0.8366166090018933935111009870
19.94,0.8366073394478904523921971025
19.95,0.8365980788636440082467301969
19.96,0.8365888262139044242376564784
19.97,0.8365795819774653803303208869
19.98,0.8365703449203638726210714409
19.99,0.8365611175559404465524453455
20.00,0.8365519974433987679825833746
20.01,0.8365427856403687452056704996
20.02,0.8365336820856454809327033426
20.03,0.8365244866869753389426341030
20.04,0.8365152999521242249451577785
20.05,0.8365061218166931194310816247
20.06,0.8364970515102847602725777284
20.07,0.8364878891643858633276001162
20.08,0.8364787346369548108814516144
20.09,0.8364696879502977276849602423
20.10,0.8364605492091320844685648723
20.11,0.8364515191887955778200716838
20.12,0.8364423975268941645707482873
20.13,0.8364333842623476926396230462
20.14,0.8364242787848650896222779221
20.15,0.8364152802280476281718587215
20.16,0.8364061904479143762148553023
20.17,0.8363971084678706275753806902
20.18,0.8363881352299449421927466711
20.19,0.8363790688351013551080706427
20.20,0.8363701115927812024175946208
20.21,0.8363611617920548453595847411
20.22,0.8363521206552420447510648229
20.23,0.8363431867372151671193296993
20.24,0.8363342601352465656943435423
20.25,0.8363252419567083875426717555
20.26,0.8363163321546273764103111802
20.27,0.8363074298181471030413755018
20.28,0.8362984351751999551035363785
20.29,0.8362895482425041031791075750
20.30,0.8362806703287273016942918947
20.31,0.8362718001450253610853327145
20.32,0.8362628359053027389692632281
20.33,0.8362539807209462545081960349
20.34,0.8362451335351148513524481684
20.35,0.8362362936954769385448931020
20.36,0.8362273618442277497902740926
20.37,0.8362185369153246242074169072
20.38,0.8362097213796080718970063911
20.39,0.8362009134532057416395219073
20.40,0.8361921127679792496216766556
20.41,0.8361833187647512611421964253
20.42,0.8361745333886974991891233591
20.43,0.8361657554895443441680258037
20.44,0.8361569856205276692219160252
20.45,0.8361482229697978990878969229
20.46,0.8361394692573823031071737261
20.47,0.8361307217541651349431611089
20.48,0.8361219818502616759682574015
20.49,0.8361132494759337970155876441
20.50,0.8361044260201698736335952242
20.51,0.8360958086736534021343921610
20.52,0.8360871003177727368725327693
20.53,0.8360783980621636053973007245
20.54,0.8360697047055263469529896424
20.55,0.8360610188823439110408644831
20.56,0.8360523398194942974778830397
20.57,0.8360436676899493536464235713
20.58,0.8360351042761636287199408262
20.59,0.8360264480997195297180094582
20.60,0.8360177997112629671444857904
20.61,0.8360091573875462474768260185
20.62,0.8360005239240815410988483176
20.63,0.8359918975165653108279557441
20.64,0.8359833789597181241354373402
20.65,0.8359747675319536247865958498
20.66,0.8359661627815350132985054382
20.67,0.8359576661514809865071074499
20.68,0.8359490772711535401795492244
20.69,0.8359405945025072387314006256
20.70,0.8359320204741172529648343274
20.71,0.8359234538238675771790475993
20.72,0.8359148931904553788257778400
20.73,0.8359064409265727406837911476
20.74,0.8358978954660043637119783420
20.75,0.8358894579275096339880577733
20.76,0.8358809271829712920388410863
20.77,0.8358724033519667760937636677
20.78,0.8358639869500035431105280805
20.79,0.8358554791642532659051377197
20.80,0.8358470777982591737534506063
20.81,0.8358386833288247894609742370
20.82,0.8358301965436014975109405877
20.83,0.8358218167283897340028549247
20.84,0.8358133435881774094087941344
20.85,0.8358049784095749603918825452
20.86,0.8357965198149094906337265740
20.87,0.8357881691734868582940498611
20.88,0.8357797265053372612586084594
20.89,0.8357713893833185075193531433
20.90,0.8357630599088781166375024569
20.91,0.8357547372891649872844272545
20.92,0.8357463223079612391403367406
20.93,0.8357380142551073324163903989
20.94,0.8357296123974157800278566503
20.95,0.8357213181646982390526451411
20.96,0.8357130323504275896435800750
20.97,0.8357047522154955309106011786
20.98,0.8356963795283035409583608976
20.99,0.8356881137448710512466257606
21.00,0.8356798555640259893830338229
21.01,0.8356716041150346794554483227
21.02,0.8356633592597378360458057803
21.03,0.8356550215221626429301479979
21.04,0.8356467907065714739844188439
21.05,0.8356385673076246026234649135
21.06,0.8356303511342124129492618250
21.07,0.8356221406684617660711951569
21.08,0.8356139390805277303935061875
21.09,0.8356057429632519343807133681
21.10,0.8355974538913507058179869941
21.11,0.8355893713735493055181715452
21.12,0.8355810972837076432901131659
21.13,0.8355730295679139874835593370
21.14,0.8355647683931759331004876929
21.15,0.8355566138942961402629207850
21.16,0.8355484661541756003324660124
21.17,0.8355403258553925482423007241
21.18,0.8355321919984993314327362222
21.19,0.8355240638836449356964443800
21.20,0.8355160440798926756724942447
21.21,0.8355078313977877105309921552
21.22,0.8354998257111487319279215693
21.23,0.8354917248328522001207703709
21.24,0.8354836325129318056928923267
21.25,0.8354755466873952011527364497
21.26,0.8354674668414557378681570098
21.27,0.8354594946221926942282505026
21.28,0.8354513281506089112397097906
21.29,0.8354433693823408740951384694
21.30,0.8354353171453530570486030857
21.31,0.8354272713814317367878800371
21.32,0.8354192328361982433080505174
21.33,0.8354113002823534720084701546
21.34,0.8354032747989845173852692176
21.35,0.8353952558322949257842599912
21.36,0.8353872431895070156519678464
21.37,0.8353793375236817092596331764
21.38,0.8353713387890836209650876041
21.39,0.8353633470214928235026451329
21.40,0.8353554612193061261629775311
21.41,0.8353474822122886699151027527
21.42,0.8353395089016556227247517199
21.43,0.8353316438460133738362694605
21.44,0.8353236849982565418417097045
21.45,0.8353158314110580125930450940
21.46,0.8353078863662547076942840362
21.47,0.8352999455751614627786435455
21.48,0.8352921130186532714778690791
21.49,0.8352841863072599533786053051
21.50,0.8352763665232305766611290405
21.51,0.8352684534945203509270279379
21.52,0.8352606451261602234238592948
21.53,0.8352528451880063255058310329
21.54,0.8352449514798130166362628228
21.55,0.8352370642751281608543721782
21.56,0.8352292835524351853268713376
21.57,0.8352214086434103085288984013
21.58,0.8352136402915695559785434372
21.59,0.8352057784261623150417343178
21.60,0.8351980230286474040649986258
21.61,0.8351902743473727615700380203
21.62,0.8351824312911233189585770821
21.63,0.8351746966224724048938424449
21.64,0.8351669664077231013337588566
21.65,0.8351591439756822318207441291
21.66,0.8351514263297656043201009165
21.67,0.8351437154588920979242312734
21.68,0.8351359110284044911510726981
21.69,0.8351282139603297118313162522
21.70,0.8351205220691821938043531287
21.71,0.8351128375321149987347991629
21.72,0.8351050585031870246962590416
21.73,0.8350973861445941912352132366
21.74,0.8350897192057704453742399026
21.75,0.8350819596044503362902543225
21.76,0.8350743064520590651167959706
21.77,0.8350666579641474379808936352
21.78,0.8350590172096438940094536361
21.79,0.8350513821943694920877318389
21.80,0.8350437541594157322805722352
21.81,0.8350360311840269549065932496
21.82,0.8350284155993176533208517692
21.83,0.8350208052754972860424232679
21.84,0.8350132013376186396964746031
21.85,0.8350056036963385002828852001
21.86,0.8349980124694250474065392963
21.87,0.8349904268715694594695238313
21.88,0.8349828482229867856605516308
21.89,0.8349752756086567904621580013
21.90,0.8349677088543798328360444737
21.91,0.8349601481664158080082566904
21.92,0.8349525935033172204974638007
21.93,0.8349450450227435332452479274
21.94,0.8349375028474844096944293877
21.95,0.8349299662734257431854313577
21.96,0.8349224366999408138149533471
21.97,0.8349149133398049653418137813
21.98,0.8349073956524199024463931975
21.99,0.8348998834575891712642906632
22.00,0.8348923768810445633157834974
22.01,0.8348848779669725275182937788
22.02,0.8348774835346933578756568264
22.03,0.8348699960423978339308176759
22.04,0.8348624147401649236897622423
22.05,0.8348550390867897383839630957
22.06,0.8348475699009551817349144106
22.07,0.8348401066405105070741390398
22.08,0.8348326485569621755883029303
22.09,0.8348252970268727660564114319
22.10,0.8348178510320664170085008588
22.11,0.8348104118662751796421949070
22.12,0.8348029776641854579945994614
22.13,0.8347956505661815705309992598
22.14,0.8347882289557828409605567642
22.15,0.8347808125813752070828071154
22.16,0.8347734026062171191335380169
22.17,0.8347660982396827607036695771
22.18,0.8347587002985769347466678399
22.19,0.8347513081578278716791304745
22.20,0.8347440212369771103789372787
22.21,0.8347366417477654829592486206
22.22,0.8347293667520416338367528071
22.23,0.8347219975425058149703252907
22.24,0.8347146343763293239280701543
22.25,0.8347073780711807540617234531
22.26,0.8347000268849330760943177587
22.27,0.8346926811925819818437694510
22.28,0.8346854408912874928255645904
22.29,0.8346781082732295425968329077
22.30,0.8346708798433458027808784823
22.31,0.8346635580897301267854574560
22.32,0.8346562415180154946424473764
22.33,0.8346490313388956564311347946
22.34,0.8346418255305202814338634718
22.35,0.8346345274664367866381775455
22.36,0.8346273334898950867142349847
22.37,0.8346200461688658159067032034
22.38,0.8346128649291796427871987372
22.39,0.8346055884200235948318690900
22.40,0.8345984177110350179530345354
22.41,0.8345911529190913385802637577
22.42,0.8345839941961607323826956952
22.43,0.8345768411082118138792969931
22.44,0.8345695931650342266846421906
22.45,0.8345624517681569112180452525
22.46,0.8345552155099458694292800361
22.47,0.8345480848731541321107541570
22.48,0.8345409592051694309254623804
22.49,0.8345337412337473686750597585
22.50,0.8345266272250743306751841414
22.51,0.8345195189062427507719644032
22.52,0.8345124162720538833234451960
22.53,0.8345052195933233086071882433
22.54,0.8344981278652911594497145663
22.55,0.8344910427318464679715414864
22.56,0.8344839626249975165587538982
22.57,0.8344767881060874926838769023
22.58,0.8344697196078063831575822569
22.59,0.8344626566089529329172493773
22.60,0.8344555986247827048865768161
22.61,0.8344484462972158369537202389
22.62,0.8344413998146347140336035876
22.63,0.8344343599820807401374414092
22.64,0.8344273230705007207509054158
22.65,0.8344202937205075108192183941
22.66,0.8344131692856095775361478211
22.67,0.8344061494057707936445764996
22.68,0.8343991364351704447116773573
22.69,0.8343921280950129483249617258
22.70,0.8343851255763732285787525463
22.71,0.8343781296816923497029634330
22.72,0.8343711376027184885849504166
22.73,0.8343641511412452543964136299
22.74,0.8343571704896887928824784881
22.75,0.8343501954491972340797195140
22.76,0.8343432252128553869181381657
22.77,0.8343362602615282098109883043
22.78,0.8343293020137625957175242315
22.79,0.8343223486966166386229778369
22.80,0.8343154002540384091763120257
22.81,0.8343084583214680096530105674
22.82,0.8343015201758738154188561256
22.83,0.8342945886158311802108164009
22.84,0.8342876618370826428794555700
22.85,0.8342807405556775518204256281
22.86,0.8342738241317933525342049445
22.87,0.8342669137990558671491659015
22.88,0.8342600089542199994721279592
22.89,0.8342531092761401437105449830
22.90,0.8342462146255374091633343836
22.91,0.8342394251901171345723746254
22.92,0.8342325415953652289575419256
22.93,0.8342256630739672679590268718
22.94,0.8342187900217396548520561604
22.95,0.8342119220366551541057928969
22.96,0.8342050588811069588386270821
22.97,0.8341982024469344898014080992
22.98,0.8341914494931565866002508107
22.99,0.8341846029112048031640148647
23.00,0.8341778611477431625956557794
23.01,0.8341709247499653017998172214
23.02,0.8341641931651829697792346865
23.03,0.8341573676245254884017032276
23.04,0.8341505467821671760500849197
23.05,0.8341438317177023141386125196
23.06,0.8341370213734206087590515981
23.07,0.8341302163765184734236357931
23.08,0.8341234161762560373475266606
23.09,0.8341167212616135381611606892
23.10,0.8341099325081546410292874800
23.11,0.8341031477755007946464902953
23.12,0.8340964686649075976026580472
23.13,0.8340896950473586449210323894
23.14,0.8340830263041568000611693622
23.15,0.8340762623128174386156833752
23.16,0.8340695037236494321664804996
23.17,0.8340628501382534331765832041
23.18,0.8340561022407482962224464545
23.19,0.8340494585982397916408042400
23.20,0.8340427210073413687733533264
23.21,0.8340359884089602240823449265
23.22,0.8340293604878658960049107645
23.23,0.8340226371219401935238623300
23.24,0.8340160201721445893534788830
23.25,0.8340093062858936369885367182
23.26,0.8340026996084326928458371245
23.27,0.8339960971615417553658960927
23.28,0.8339893991211747370715319352
23.29,0.8339827070513694370120590541
23.30,0.8339761205146697037850159916
23.31,0.8339694382954478538441464599
23.32,0.8339628604312750936053168602
23.33,0.8339561885263385390793680228
23.34,0.8339496214387066028281981811
23.35,0.8339429590516718266921943629
23.36,0.8339364009262221487410107988
23.37,0.8339298486096956422970319248
23.38,0.8339232023780629874085027368
23.39,0.8339166600074056660094088466
23.40,0.8339101225192241445782890787
23.41,0.8339034906347372530365813159
23.42,0.8338969629946202971647647652
23.43,0.8338904405378549037514295496
23.44,0.8338838234499036199548611704
23.45,0.8338773102070354514454665258
23.46,0.8338708034478257167815405576
23.47,0.8338642999685972177519107450
23.48,0.8338577027167030249789244200
23.49,0.8338512096307911176294700943
23.50,0.8338447218179564391577948036
23.51,0.8338381378341757981278366335
23.52,0.8338316603158546759447897803
23.53,0.8338251871456301554562486579
23.54,0.8338187183529538520249295744
23.55,0.8338121561292618295007913951
23.56,0.8338056964958002850046926773
23.57,0.8337992430057472119704416184
23.58,0.8337927943027112346542552788
23.59,0.8337863508189980217458915690
23.60,0.8337799105037343894220557025
23.61,0.8337733760730737437758886678
23.62,0.8337669469960631745766374527
23.63,0.8337605222445377842117233038
23.64,0.8337541017588517576599900676
23.65,0.8337476869818829644158710283
23.66,0.8337411768532168908041877372
23.67,0.8337348713469259230785578523
23.68,0.8337283698486646104720182534
23.69,0.8337219741545661034144363507
23.70,0.8337155823808025083873706231
23.71,0.8337091965470874111232367749
23.72,0.8337028150188650679654456769
23.73,0.8336964385073439893076515449
23.74,0.8336900657423728588522382365
23.75,0.8336836987658571685371409727
23.76,0.8336773356946894791813856280
23.77,0.8336709769988465044102788329
23.78,0.8336646246098170404418982363
23.79,0.8336582754290738142061835857
23.80,0.8336519316312642620073330214
23.81,0.8336455932589355875324120295
23.82,0.8336392585750620857543293149
23.83,0.8336329284761200443700554185
23.84,0.8336266035848610721692254812
23.85,0.8336202828889149096009939618
23.86,0.8336139675587195119007166908
23.87,0.8336076563376558487173599045
23.88,0.8336014503947656003200340864
23.89,0.8335951486386183442623537497
23.90,0.8335888521549731470109454970
23.91,0.8335825587719224225160197082
23.92,0.8335762717376100675032966993
23.93,0.8335699880405457732636593344
23.94,0.8335637091229007823550643586
23.95,0.8335574348606580343762739833
23.96,0.8335512663730255890314747000
23.97,0.8335450017549526119060528518
23.98,0.8335387413045723212508602893
23.99,0.8335324858006374623066976319
24.00,0.8335263350617447977562946318
24.01,0.8335199878813639405504298306
24.02,0.8335138467003602374307299983
24.03,0.8335076086766024278134020478
24.04,0.8335013768042856361345100472
24.05,0.8334952490850630004308673199
24.06,0.8334890255936474245463951587
24.07,0.8334828061693013934439231870
24.08,0.8334765919672574804368075159
24.09,0.8334704820658649128563602048
24.10,0.8334642769058820456854394990
24.11,0.8334580753616404260926572385
24.12,0.8334518794722437037424699423
24.13,0.8334457871118191371327368212
24.14,0.8334396007201829495472096202
24.15,0.8334334164611079630689233563
24.16,0.8334273393206126391377618673
24.17,0.8334211644628594498644021119
24.18,0.8334150953279003579954458822
24.19,0.8334089307073739040504546322
24.20,0.8334028698050280282813819482
24.21,0.8333967144123025370591399145
24.22,0.8333905618864258463674524368
24.23,0.8333845154769522524584461517
24.24,0.8333783721645094751223684824
24.25,0.8333722341990380914234616312
24.26,0.8333661998561122375579904637
24.27,0.8333600710084681041085827236
24.28,0.8333540460128080166269598002
24.29,0.8333479251215860198563144184
24.30,0.8333419093114194970423815295
24.31,0.8333357977532585860329954574
24.32,0.8333296898040334985539363407
24.33,0.8333236874177857561254603561
24.34,0.8333176887869204625792379639
24.35,0.8333115942486590588886163561
24.36,0.8333056047756312975906502407
24.37,0.8332995186235560987934840784
24.38,0.8332935382171327766640781726
24.39,0.8332874608954960363118307201
24.40,0.8332814895467448983360358136
24.41,0.8332754205103936342403300675
24.42,0.8332694570606066450303441658
24.43,0.8332633970685808482607416614
24.44,0.8332574428896221976047807286
24.45,0.8332514918507973080743121447
24.46,0.8332454454715811874363534040
24.47,0.8332395035409059947772042162
24.48,0.8332334654137287048953383476
24.49,0.8332275322701534425837292400
24.50,0.8332216031554922610325607392
24.51,0.8332155772502272876111574498
24.52,0.8332096571389551302648880676
24.53,0.8332037410036616729297654678
24.54,0.8331978285122442227266431568
24.55,0.8331918208896169567136342221
24.56,0.8331859176767272554624452895
24.57,0.8331799177426278565352367838
24.58,0.8331740222781863036324114320
24.59,0.8331681322350044036942528202
24.60,0.8331622446748982321318498612
24.61,0.8331562628057367497645721556
24.62,0.8331503842693075672442897615
24.63,0.8331445110632796384709801961
24.64,0.8331386416231007911777328216
24.65,0.8331326753633697023863933412
24.66,0.8331268147829643141608567623
24.67,0.8331209571522881079833399802
24.68,0.8331151045050271326251940233
24.69,0.8331092550300730003344168683
24.70,0.8331034109345006132052183451
24.71,0.8330974705886136212481239505
24.72,0.8330916346994063449840399732
24.73,0.8330858026669926251092439361
24.74,0.8330799746031176387659068052
24.75,0.8330740506175557557145674329
24.76,0.8330682310803551402440091776
24.77,0.8330624162791340692748924894
24.78,0.8330566048398409275831780245
24.79,0.8330507973283002142407950881
24.80,0.8330449947705644893502390053
24.81,0.8330391962791604448524996605
24.82,0.8330334014305285474944824669
24.83,0.8330276107261500985662229704
24.84,0.8330217236600427752845951119
24.85,0.8330160417342359311437484483
24.86,0.8330102630123818662069942801
24.87,0.8330044891454355381033337968
24.88,0.8329986196192632336672094739
24.89,0.8329928532255293327202770562
24.90,0.8329870914566460806671631088
24.91,0.8329813328162905505041754194
24.92,0.8329755795086166820421583068
24.93,0.8329698298191328359766477478
24.94,0.8329640833180386697731783019
24.95,0.8329583420777303350083161765
24.96,0.8329526044489847433901191868
24.97,0.8329468709371110499728249935
24.98,0.8329412410323991265115142113
24.99,0.8329354151588158381233490597
